 
****************************************
check_design summary:
Version:     R-2020.09-SP5
Date:        Mon Dec  8 17:09:52 2025
****************************************

                   Name                                            Total
--------------------------------------------------------------------------------
Inputs/Outputs                                                     89
    Unconnected ports (LINT-28)                                    17
    Shorted outputs (LINT-31)                                      32
    Constant outputs (LINT-52)                                     40

Cells                                                            3851
    Cells do not drive (LINT-1)                                    24
    Connected to power or ground (LINT-32)                       3615
    Nets connected to multiple pins on same cell (LINT-33)        212

Nets                                                              896
    Unloaded nets (LINT-2)                                        896
--------------------------------------------------------------------------------

Warning: In design 'fp_add_mydesign_4', cell 'B_34' does not drive any nets. (LINT-1)
Warning: In design 'fp_add_mydesign_4', cell 'B_35' does not drive any nets. (LINT-1)
Warning: In design 'fp_add_mydesign_4', cell 'B_36' does not drive any nets. (LINT-1)
Warning: In design 'fmul_exp_mydesign_2', cell 'B_0' does not drive any nets. (LINT-1)
Warning: In design 'fmul_rounder_mydesign_2', cell 'C1242' does not drive any nets. (LINT-1)
Warning: In design 'fmul_rounder_mydesign_2', cell 'C1246' does not drive any nets. (LINT-1)
Warning: In design 'fp_add_mydesign_0', cell 'B_34' does not drive any nets. (LINT-1)
Warning: In design 'fp_add_mydesign_0', cell 'B_35' does not drive any nets. (LINT-1)
Warning: In design 'fp_add_mydesign_0', cell 'B_36' does not drive any nets. (LINT-1)
Warning: In design 'fp_add_mydesign_1', cell 'B_34' does not drive any nets. (LINT-1)
Warning: In design 'fp_add_mydesign_1', cell 'B_35' does not drive any nets. (LINT-1)
Warning: In design 'fp_add_mydesign_1', cell 'B_36' does not drive any nets. (LINT-1)
Warning: In design 'fp_add_mydesign_2', cell 'B_34' does not drive any nets. (LINT-1)
Warning: In design 'fp_add_mydesign_2', cell 'B_35' does not drive any nets. (LINT-1)
Warning: In design 'fp_add_mydesign_2', cell 'B_36' does not drive any nets. (LINT-1)
Warning: In design 'fp_add_mydesign_3', cell 'B_34' does not drive any nets. (LINT-1)
Warning: In design 'fp_add_mydesign_3', cell 'B_35' does not drive any nets. (LINT-1)
Warning: In design 'fp_add_mydesign_3', cell 'B_36' does not drive any nets. (LINT-1)
Warning: In design 'fmul_exp_mydesign_0', cell 'B_0' does not drive any nets. (LINT-1)
Warning: In design 'fmul_exp_mydesign_1', cell 'B_0' does not drive any nets. (LINT-1)
Warning: In design 'fmul_rounder_mydesign_0', cell 'C1242' does not drive any nets. (LINT-1)
Warning: In design 'fmul_rounder_mydesign_0', cell 'C1246' does not drive any nets. (LINT-1)
Warning: In design 'fmul_rounder_mydesign_1', cell 'C1242' does not drive any nets. (LINT-1)
Warning: In design 'fmul_rounder_mydesign_1', cell 'C1246' does not drive any nets. (LINT-1)
Warning: In design 'mul', net 'mont_n_result[0][17]' driven by pin 'CLA17_1/result[17]' has no loads. (LINT-2)
Warning: In design 'mul', net 'mont_n_result[1][17]' driven by pin 'CLA17_2/result[17]' has no loads. (LINT-2)
Warning: In design 'mul', net 'mont_n_result[2][17]' driven by pin 'CLA17_3/result[17]' has no loads. (LINT-2)
Warning: In design 'mul', net 'mont_n_result[3][17]' driven by pin 'CLA17_4/result[17]' has no loads. (LINT-2)
Warning: In design 'mul', net 'mont_n_result[4][17]' driven by pin 'CLA17_5/result[17]' has no loads. (LINT-2)
Warning: In design 'mul', net 'mont_n_result[5][17]' driven by pin 'CLA17_6/result[17]' has no loads. (LINT-2)
Warning: In design 'mul', net 'mont_n_result[6][17]' driven by pin 'CLA17_7/result[17]' has no loads. (LINT-2)
Warning: In design 'mul', net 'mont_n_result[7][17]' driven by pin 'CLA17_8/result[17]' has no loads. (LINT-2)
Warning: In design 'mul', net 'mont_n_valid[0]' driven by pin 'CLA17_1/out_valid' has no loads. (LINT-2)
Warning: In design 'mul', net 'mont_n_valid[1]' driven by pin 'CLA17_2/out_valid' has no loads. (LINT-2)
Warning: In design 'mul', net 'mont_n_valid[2]' driven by pin 'CLA17_3/out_valid' has no loads. (LINT-2)
Warning: In design 'mul', net 'mont_n_valid[3]' driven by pin 'CLA17_4/out_valid' has no loads. (LINT-2)
Warning: In design 'mul', net 'mont_n_valid[4]' driven by pin 'CLA17_5/out_valid' has no loads. (LINT-2)
Warning: In design 'mul', net 'mont_n_valid[5]' driven by pin 'CLA17_6/out_valid' has no loads. (LINT-2)
Warning: In design 'mul', net 'mont_n_valid[6]' driven by pin 'CLA17_7/out_valid' has no loads. (LINT-2)
Warning: In design 'mul', net 'mont_n_valid[7]' driven by pin 'CLA17_8/out_valid' has no loads. (LINT-2)
Warning: In design 'mul', net 'mont_add_result[0][0]' driven by pin 'CLA33_1/result[0]' has no loads. (LINT-2)
Warning: In design 'mul', net 'mont_add_result[0][1]' driven by pin 'CLA33_1/result[1]' has no loads. (LINT-2)
Warning: In design 'mul', net 'mont_add_result[0][2]' driven by pin 'CLA33_1/result[2]' has no loads. (LINT-2)
Warning: In design 'mul', net 'mont_add_result[0][3]' driven by pin 'CLA33_1/result[3]' has no loads. (LINT-2)
Warning: In design 'mul', net 'mont_add_result[0][4]' driven by pin 'CLA33_1/result[4]' has no loads. (LINT-2)
Warning: In design 'mul', net 'mont_add_result[0][5]' driven by pin 'CLA33_1/result[5]' has no loads. (LINT-2)
Warning: In design 'mul', net 'mont_add_result[0][6]' driven by pin 'CLA33_1/result[6]' has no loads. (LINT-2)
Warning: In design 'mul', net 'mont_add_result[0][7]' driven by pin 'CLA33_1/result[7]' has no loads. (LINT-2)
Warning: In design 'mul', net 'mont_add_result[0][8]' driven by pin 'CLA33_1/result[8]' has no loads. (LINT-2)
Warning: In design 'mul', net 'mont_add_result[0][9]' driven by pin 'CLA33_1/result[9]' has no loads. (LINT-2)
Warning: In design 'mul', net 'mont_add_result[0][10]' driven by pin 'CLA33_1/result[10]' has no loads. (LINT-2)
Warning: In design 'mul', net 'mont_add_result[0][11]' driven by pin 'CLA33_1/result[11]' has no loads. (LINT-2)
Warning: In design 'mul', net 'mont_add_result[0][12]' driven by pin 'CLA33_1/result[12]' has no loads. (LINT-2)
Warning: In design 'mul', net 'mont_add_result[0][13]' driven by pin 'CLA33_1/result[13]' has no loads. (LINT-2)
Warning: In design 'mul', net 'mont_add_result[0][14]' driven by pin 'CLA33_1/result[14]' has no loads. (LINT-2)
Warning: In design 'mul', net 'mont_add_result[0][15]' driven by pin 'CLA33_1/result[15]' has no loads. (LINT-2)
Warning: In design 'mul', net 'mont_add_result[0][32]' driven by pin 'CLA33_1/result[32]' has no loads. (LINT-2)
Warning: In design 'mul', net 'mont_add_result[0][33]' driven by pin 'CLA33_1/result[33]' has no loads. (LINT-2)
Warning: In design 'mul', net 'mont_add_result[1][0]' driven by pin 'CLA33_2/result[0]' has no loads. (LINT-2)
Warning: In design 'mul', net 'mont_add_result[1][1]' driven by pin 'CLA33_2/result[1]' has no loads. (LINT-2)
Warning: In design 'mul', net 'mont_add_result[1][2]' driven by pin 'CLA33_2/result[2]' has no loads. (LINT-2)
Warning: In design 'mul', net 'mont_add_result[1][3]' driven by pin 'CLA33_2/result[3]' has no loads. (LINT-2)
Warning: In design 'mul', net 'mont_add_result[1][4]' driven by pin 'CLA33_2/result[4]' has no loads. (LINT-2)
Warning: In design 'mul', net 'mont_add_result[1][5]' driven by pin 'CLA33_2/result[5]' has no loads. (LINT-2)
Warning: In design 'mul', net 'mont_add_result[1][6]' driven by pin 'CLA33_2/result[6]' has no loads. (LINT-2)
Warning: In design 'mul', net 'mont_add_result[1][7]' driven by pin 'CLA33_2/result[7]' has no loads. (LINT-2)
Warning: In design 'mul', net 'mont_add_result[1][8]' driven by pin 'CLA33_2/result[8]' has no loads. (LINT-2)
Warning: In design 'mul', net 'mont_add_result[1][9]' driven by pin 'CLA33_2/result[9]' has no loads. (LINT-2)
Warning: In design 'mul', net 'mont_add_result[1][10]' driven by pin 'CLA33_2/result[10]' has no loads. (LINT-2)
Warning: In design 'mul', net 'mont_add_result[1][11]' driven by pin 'CLA33_2/result[11]' has no loads. (LINT-2)
Warning: In design 'mul', net 'mont_add_result[1][12]' driven by pin 'CLA33_2/result[12]' has no loads. (LINT-2)
Warning: In design 'mul', net 'mont_add_result[1][13]' driven by pin 'CLA33_2/result[13]' has no loads. (LINT-2)
Warning: In design 'mul', net 'mont_add_result[1][14]' driven by pin 'CLA33_2/result[14]' has no loads. (LINT-2)
Warning: In design 'mul', net 'mont_add_result[1][15]' driven by pin 'CLA33_2/result[15]' has no loads. (LINT-2)
Warning: In design 'mul', net 'mont_add_result[1][32]' driven by pin 'CLA33_2/result[32]' has no loads. (LINT-2)
Warning: In design 'mul', net 'mont_add_result[1][33]' driven by pin 'CLA33_2/result[33]' has no loads. (LINT-2)
Warning: In design 'mul', net 'mont_add_result[2][0]' driven by pin 'CLA33_3/result[0]' has no loads. (LINT-2)
Warning: In design 'mul', net 'mont_add_result[2][1]' driven by pin 'CLA33_3/result[1]' has no loads. (LINT-2)
Warning: In design 'mul', net 'mont_add_result[2][2]' driven by pin 'CLA33_3/result[2]' has no loads. (LINT-2)
Warning: In design 'mul', net 'mont_add_result[2][3]' driven by pin 'CLA33_3/result[3]' has no loads. (LINT-2)
Warning: In design 'mul', net 'mont_add_result[2][4]' driven by pin 'CLA33_3/result[4]' has no loads. (LINT-2)
Warning: In design 'mul', net 'mont_add_result[2][5]' driven by pin 'CLA33_3/result[5]' has no loads. (LINT-2)
Warning: In design 'mul', net 'mont_add_result[2][6]' driven by pin 'CLA33_3/result[6]' has no loads. (LINT-2)
Warning: In design 'mul', net 'mont_add_result[2][7]' driven by pin 'CLA33_3/result[7]' has no loads. (LINT-2)
Warning: In design 'mul', net 'mont_add_result[2][8]' driven by pin 'CLA33_3/result[8]' has no loads. (LINT-2)
Warning: In design 'mul', net 'mont_add_result[2][9]' driven by pin 'CLA33_3/result[9]' has no loads. (LINT-2)
Warning: In design 'mul', net 'mont_add_result[2][10]' driven by pin 'CLA33_3/result[10]' has no loads. (LINT-2)
Warning: In design 'mul', net 'mont_add_result[2][11]' driven by pin 'CLA33_3/result[11]' has no loads. (LINT-2)
Warning: In design 'mul', net 'mont_add_result[2][12]' driven by pin 'CLA33_3/result[12]' has no loads. (LINT-2)
Warning: In design 'mul', net 'mont_add_result[2][13]' driven by pin 'CLA33_3/result[13]' has no loads. (LINT-2)
Warning: In design 'mul', net 'mont_add_result[2][14]' driven by pin 'CLA33_3/result[14]' has no loads. (LINT-2)
Warning: In design 'mul', net 'mont_add_result[2][15]' driven by pin 'CLA33_3/result[15]' has no loads. (LINT-2)
Warning: In design 'mul', net 'mont_add_result[2][32]' driven by pin 'CLA33_3/result[32]' has no loads. (LINT-2)
Warning: In design 'mul', net 'mont_add_result[2][33]' driven by pin 'CLA33_3/result[33]' has no loads. (LINT-2)
Warning: In design 'mul', net 'mont_add_result[3][0]' driven by pin 'CLA33_4/result[0]' has no loads. (LINT-2)
Warning: In design 'mul', net 'mont_add_result[3][1]' driven by pin 'CLA33_4/result[1]' has no loads. (LINT-2)
Warning: In design 'mul', net 'mont_add_result[3][2]' driven by pin 'CLA33_4/result[2]' has no loads. (LINT-2)
Warning: In design 'mul', net 'mont_add_result[3][3]' driven by pin 'CLA33_4/result[3]' has no loads. (LINT-2)
Warning: In design 'mul', net 'mont_add_result[3][4]' driven by pin 'CLA33_4/result[4]' has no loads. (LINT-2)
Warning: In design 'mul', net 'mont_add_result[3][5]' driven by pin 'CLA33_4/result[5]' has no loads. (LINT-2)
Warning: In design 'mul', net 'mont_add_result[3][6]' driven by pin 'CLA33_4/result[6]' has no loads. (LINT-2)
Warning: In design 'mul', net 'mont_add_result[3][7]' driven by pin 'CLA33_4/result[7]' has no loads. (LINT-2)
Warning: In design 'mul', net 'mont_add_result[3][8]' driven by pin 'CLA33_4/result[8]' has no loads. (LINT-2)
Warning: In design 'mul', net 'mont_add_result[3][9]' driven by pin 'CLA33_4/result[9]' has no loads. (LINT-2)
Warning: In design 'mul', net 'mont_add_result[3][10]' driven by pin 'CLA33_4/result[10]' has no loads. (LINT-2)
Warning: In design 'mul', net 'mont_add_result[3][11]' driven by pin 'CLA33_4/result[11]' has no loads. (LINT-2)
Warning: In design 'mul', net 'mont_add_result[3][12]' driven by pin 'CLA33_4/result[12]' has no loads. (LINT-2)
Warning: In design 'mul', net 'mont_add_result[3][13]' driven by pin 'CLA33_4/result[13]' has no loads. (LINT-2)
Warning: In design 'mul', net 'mont_add_result[3][14]' driven by pin 'CLA33_4/result[14]' has no loads. (LINT-2)
Warning: In design 'mul', net 'mont_add_result[3][15]' driven by pin 'CLA33_4/result[15]' has no loads. (LINT-2)
Warning: In design 'mul', net 'mont_add_result[3][32]' driven by pin 'CLA33_4/result[32]' has no loads. (LINT-2)
Warning: In design 'mul', net 'mont_add_result[3][33]' driven by pin 'CLA33_4/result[33]' has no loads. (LINT-2)
Warning: In design 'mul', net 'mont_add_result[4][0]' driven by pin 'CLA33_5/result[0]' has no loads. (LINT-2)
Warning: In design 'mul', net 'mont_add_result[4][1]' driven by pin 'CLA33_5/result[1]' has no loads. (LINT-2)
Warning: In design 'mul', net 'mont_add_result[4][2]' driven by pin 'CLA33_5/result[2]' has no loads. (LINT-2)
Warning: In design 'mul', net 'mont_add_result[4][3]' driven by pin 'CLA33_5/result[3]' has no loads. (LINT-2)
Warning: In design 'mul', net 'mont_add_result[4][4]' driven by pin 'CLA33_5/result[4]' has no loads. (LINT-2)
Warning: In design 'mul', net 'mont_add_result[4][5]' driven by pin 'CLA33_5/result[5]' has no loads. (LINT-2)
Warning: In design 'mul', net 'mont_add_result[4][6]' driven by pin 'CLA33_5/result[6]' has no loads. (LINT-2)
Warning: In design 'mul', net 'mont_add_result[4][7]' driven by pin 'CLA33_5/result[7]' has no loads. (LINT-2)
Warning: In design 'mul', net 'mont_add_result[4][8]' driven by pin 'CLA33_5/result[8]' has no loads. (LINT-2)
Warning: In design 'mul', net 'mont_add_result[4][9]' driven by pin 'CLA33_5/result[9]' has no loads. (LINT-2)
Warning: In design 'mul', net 'mont_add_result[4][10]' driven by pin 'CLA33_5/result[10]' has no loads. (LINT-2)
Warning: In design 'mul', net 'mont_add_result[4][11]' driven by pin 'CLA33_5/result[11]' has no loads. (LINT-2)
Warning: In design 'mul', net 'mont_add_result[4][12]' driven by pin 'CLA33_5/result[12]' has no loads. (LINT-2)
Warning: In design 'mul', net 'mont_add_result[4][13]' driven by pin 'CLA33_5/result[13]' has no loads. (LINT-2)
Warning: In design 'mul', net 'mont_add_result[4][14]' driven by pin 'CLA33_5/result[14]' has no loads. (LINT-2)
Warning: In design 'mul', net 'mont_add_result[4][15]' driven by pin 'CLA33_5/result[15]' has no loads. (LINT-2)
Warning: In design 'mul', net 'mont_add_result[4][32]' driven by pin 'CLA33_5/result[32]' has no loads. (LINT-2)
Warning: In design 'mul', net 'mont_add_result[4][33]' driven by pin 'CLA33_5/result[33]' has no loads. (LINT-2)
Warning: In design 'mul', net 'mont_add_result[5][0]' driven by pin 'CLA33_6/result[0]' has no loads. (LINT-2)
Warning: In design 'mul', net 'mont_add_result[5][1]' driven by pin 'CLA33_6/result[1]' has no loads. (LINT-2)
Warning: In design 'mul', net 'mont_add_result[5][2]' driven by pin 'CLA33_6/result[2]' has no loads. (LINT-2)
Warning: In design 'mul', net 'mont_add_result[5][3]' driven by pin 'CLA33_6/result[3]' has no loads. (LINT-2)
Warning: In design 'mul', net 'mont_add_result[5][4]' driven by pin 'CLA33_6/result[4]' has no loads. (LINT-2)
Warning: In design 'mul', net 'mont_add_result[5][5]' driven by pin 'CLA33_6/result[5]' has no loads. (LINT-2)
Warning: In design 'mul', net 'mont_add_result[5][6]' driven by pin 'CLA33_6/result[6]' has no loads. (LINT-2)
Warning: In design 'mul', net 'mont_add_result[5][7]' driven by pin 'CLA33_6/result[7]' has no loads. (LINT-2)
Warning: In design 'mul', net 'mont_add_result[5][8]' driven by pin 'CLA33_6/result[8]' has no loads. (LINT-2)
Warning: In design 'mul', net 'mont_add_result[5][9]' driven by pin 'CLA33_6/result[9]' has no loads. (LINT-2)
Warning: In design 'mul', net 'mont_add_result[5][10]' driven by pin 'CLA33_6/result[10]' has no loads. (LINT-2)
Warning: In design 'mul', net 'mont_add_result[5][11]' driven by pin 'CLA33_6/result[11]' has no loads. (LINT-2)
Warning: In design 'mul', net 'mont_add_result[5][12]' driven by pin 'CLA33_6/result[12]' has no loads. (LINT-2)
Warning: In design 'mul', net 'mont_add_result[5][13]' driven by pin 'CLA33_6/result[13]' has no loads. (LINT-2)
Warning: In design 'mul', net 'mont_add_result[5][14]' driven by pin 'CLA33_6/result[14]' has no loads. (LINT-2)
Warning: In design 'mul', net 'mont_add_result[5][15]' driven by pin 'CLA33_6/result[15]' has no loads. (LINT-2)
Warning: In design 'mul', net 'mont_add_result[5][32]' driven by pin 'CLA33_6/result[32]' has no loads. (LINT-2)
Warning: In design 'mul', net 'mont_add_result[5][33]' driven by pin 'CLA33_6/result[33]' has no loads. (LINT-2)
Warning: In design 'mul', net 'mont_add_result[6][0]' driven by pin 'CLA33_7/result[0]' has no loads. (LINT-2)
Warning: In design 'mul', net 'mont_add_result[6][1]' driven by pin 'CLA33_7/result[1]' has no loads. (LINT-2)
Warning: In design 'mul', net 'mont_add_result[6][2]' driven by pin 'CLA33_7/result[2]' has no loads. (LINT-2)
Warning: In design 'mul', net 'mont_add_result[6][3]' driven by pin 'CLA33_7/result[3]' has no loads. (LINT-2)
Warning: In design 'mul', net 'mont_add_result[6][4]' driven by pin 'CLA33_7/result[4]' has no loads. (LINT-2)
Warning: In design 'mul', net 'mont_add_result[6][5]' driven by pin 'CLA33_7/result[5]' has no loads. (LINT-2)
Warning: In design 'mul', net 'mont_add_result[6][6]' driven by pin 'CLA33_7/result[6]' has no loads. (LINT-2)
Warning: In design 'mul', net 'mont_add_result[6][7]' driven by pin 'CLA33_7/result[7]' has no loads. (LINT-2)
Warning: In design 'mul', net 'mont_add_result[6][8]' driven by pin 'CLA33_7/result[8]' has no loads. (LINT-2)
Warning: In design 'mul', net 'mont_add_result[6][9]' driven by pin 'CLA33_7/result[9]' has no loads. (LINT-2)
Warning: In design 'mul', net 'mont_add_result[6][10]' driven by pin 'CLA33_7/result[10]' has no loads. (LINT-2)
Warning: In design 'mul', net 'mont_add_result[6][11]' driven by pin 'CLA33_7/result[11]' has no loads. (LINT-2)
Warning: In design 'mul', net 'mont_add_result[6][12]' driven by pin 'CLA33_7/result[12]' has no loads. (LINT-2)
Warning: In design 'mul', net 'mont_add_result[6][13]' driven by pin 'CLA33_7/result[13]' has no loads. (LINT-2)
Warning: In design 'mul', net 'mont_add_result[6][14]' driven by pin 'CLA33_7/result[14]' has no loads. (LINT-2)
Warning: In design 'mul', net 'mont_add_result[6][15]' driven by pin 'CLA33_7/result[15]' has no loads. (LINT-2)
Warning: In design 'mul', net 'mont_add_result[6][32]' driven by pin 'CLA33_7/result[32]' has no loads. (LINT-2)
Warning: In design 'mul', net 'mont_add_result[6][33]' driven by pin 'CLA33_7/result[33]' has no loads. (LINT-2)
Warning: In design 'mul', net 'mont_add_result[7][0]' driven by pin 'CLA33_8/result[0]' has no loads. (LINT-2)
Warning: In design 'mul', net 'mont_add_result[7][1]' driven by pin 'CLA33_8/result[1]' has no loads. (LINT-2)
Warning: In design 'mul', net 'mont_add_result[7][2]' driven by pin 'CLA33_8/result[2]' has no loads. (LINT-2)
Warning: In design 'mul', net 'mont_add_result[7][3]' driven by pin 'CLA33_8/result[3]' has no loads. (LINT-2)
Warning: In design 'mul', net 'mont_add_result[7][4]' driven by pin 'CLA33_8/result[4]' has no loads. (LINT-2)
Warning: In design 'mul', net 'mont_add_result[7][5]' driven by pin 'CLA33_8/result[5]' has no loads. (LINT-2)
Warning: In design 'mul', net 'mont_add_result[7][6]' driven by pin 'CLA33_8/result[6]' has no loads. (LINT-2)
Warning: In design 'mul', net 'mont_add_result[7][7]' driven by pin 'CLA33_8/result[7]' has no loads. (LINT-2)
Warning: In design 'mul', net 'mont_add_result[7][8]' driven by pin 'CLA33_8/result[8]' has no loads. (LINT-2)
Warning: In design 'mul', net 'mont_add_result[7][9]' driven by pin 'CLA33_8/result[9]' has no loads. (LINT-2)
Warning: In design 'mul', net 'mont_add_result[7][10]' driven by pin 'CLA33_8/result[10]' has no loads. (LINT-2)
Warning: In design 'mul', net 'mont_add_result[7][11]' driven by pin 'CLA33_8/result[11]' has no loads. (LINT-2)
Warning: In design 'mul', net 'mont_add_result[7][12]' driven by pin 'CLA33_8/result[12]' has no loads. (LINT-2)
Warning: In design 'mul', net 'mont_add_result[7][13]' driven by pin 'CLA33_8/result[13]' has no loads. (LINT-2)
Warning: In design 'mul', net 'mont_add_result[7][14]' driven by pin 'CLA33_8/result[14]' has no loads. (LINT-2)
Warning: In design 'mul', net 'mont_add_result[7][15]' driven by pin 'CLA33_8/result[15]' has no loads. (LINT-2)
Warning: In design 'mul', net 'mont_add_result[7][32]' driven by pin 'CLA33_8/result[32]' has no loads. (LINT-2)
Warning: In design 'mul', net 'mont_add_result[7][33]' driven by pin 'CLA33_8/result[33]' has no loads. (LINT-2)
Warning: In design 'mul', net 'wallace_out_C[106]' driven by pin 'Wallace_tree_c/result[106]' has no loads. (LINT-2)
Warning: In design 'mul', net 'wallace_out_C[107]' driven by pin 'Wallace_tree_c/result[107]' has no loads. (LINT-2)
Warning: In design 'mul', net 'wallace_out_C[108]' driven by pin 'Wallace_tree_c/result[108]' has no loads. (LINT-2)
Warning: In design 'mul', net 'wallace_out_C[109]' driven by pin 'Wallace_tree_c/result[109]' has no loads. (LINT-2)
Warning: In design 'mul', net 'wallace_out_C[110]' driven by pin 'Wallace_tree_c/result[110]' has no loads. (LINT-2)
Warning: In design 'mul', net 'wallace_out_C[111]' driven by pin 'Wallace_tree_c/result[111]' has no loads. (LINT-2)
Warning: In design 'mul', net 'wallace_out_C[112]' driven by pin 'Wallace_tree_c/result[112]' has no loads. (LINT-2)
Warning: In design 'mul', net 'wallace_out_C[113]' driven by pin 'Wallace_tree_c/result[113]' has no loads. (LINT-2)
Warning: In design 'mul', net 'wallace_out_C[114]' driven by pin 'Wallace_tree_c/result[114]' has no loads. (LINT-2)
Warning: In design 'mul', net 'wallace_out_C[115]' driven by pin 'Wallace_tree_c/result[115]' has no loads. (LINT-2)
Warning: In design 'mul', net 'wallace_out_C[116]' driven by pin 'Wallace_tree_c/result[116]' has no loads. (LINT-2)
Warning: In design 'mul', net 'wallace_out_C[117]' driven by pin 'Wallace_tree_c/result[117]' has no loads. (LINT-2)
Warning: In design 'mul', net 'wallace_out_C[118]' driven by pin 'Wallace_tree_c/result[118]' has no loads. (LINT-2)
Warning: In design 'mul', net 'wallace_out_C[119]' driven by pin 'Wallace_tree_c/result[119]' has no loads. (LINT-2)
Warning: In design 'mul', net 'wallace_out_C[120]' driven by pin 'Wallace_tree_c/result[120]' has no loads. (LINT-2)
Warning: In design 'mul', net 'wallace_out_C[121]' driven by pin 'Wallace_tree_c/result[121]' has no loads. (LINT-2)
Warning: In design 'mul', net 'wallace_out_C[122]' driven by pin 'Wallace_tree_c/result[122]' has no loads. (LINT-2)
Warning: In design 'mul', net 'wallace_out_C[123]' driven by pin 'Wallace_tree_c/result[123]' has no loads. (LINT-2)
Warning: In design 'mul', net 'wallace_out_C[124]' driven by pin 'Wallace_tree_c/result[124]' has no loads. (LINT-2)
Warning: In design 'mul', net 'wallace_out_C[125]' driven by pin 'Wallace_tree_c/result[125]' has no loads. (LINT-2)
Warning: In design 'mul', net 'wallace_out_C[126]' driven by pin 'Wallace_tree_c/result[126]' has no loads. (LINT-2)
Warning: In design 'mul', net 'wallace_out_C[127]' driven by pin 'Wallace_tree_c/result[127]' has no loads. (LINT-2)
Warning: In design 'mul', net 'wallace_out_C[128]' driven by pin 'Wallace_tree_c/result[128]' has no loads. (LINT-2)
Warning: In design 'mul', net 'wallace_out_C[129]' driven by pin 'Wallace_tree_c/result[129]' has no loads. (LINT-2)
Warning: In design 'mul', net 'wallace_out_C[130]' driven by pin 'Wallace_tree_c/result[130]' has no loads. (LINT-2)
Warning: In design 'mul', net 'wallace_out_B[106]' driven by pin 'Wallace_tree_b/result[106]' has no loads. (LINT-2)
Warning: In design 'mul', net 'wallace_out_B[107]' driven by pin 'Wallace_tree_b/result[107]' has no loads. (LINT-2)
Warning: In design 'mul', net 'wallace_out_B[108]' driven by pin 'Wallace_tree_b/result[108]' has no loads. (LINT-2)
Warning: In design 'mul', net 'wallace_out_B[109]' driven by pin 'Wallace_tree_b/result[109]' has no loads. (LINT-2)
Warning: In design 'mul', net 'wallace_out_B[110]' driven by pin 'Wallace_tree_b/result[110]' has no loads. (LINT-2)
Warning: In design 'mul', net 'wallace_out_B[111]' driven by pin 'Wallace_tree_b/result[111]' has no loads. (LINT-2)
Warning: In design 'mul', net 'wallace_out_B[112]' driven by pin 'Wallace_tree_b/result[112]' has no loads. (LINT-2)
Warning: In design 'mul', net 'wallace_out_B[113]' driven by pin 'Wallace_tree_b/result[113]' has no loads. (LINT-2)
Warning: In design 'mul', net 'wallace_out_B[114]' driven by pin 'Wallace_tree_b/result[114]' has no loads. (LINT-2)
Warning: In design 'mul', net 'wallace_out_B[115]' driven by pin 'Wallace_tree_b/result[115]' has no loads. (LINT-2)
Warning: In design 'mul', net 'wallace_out_B[116]' driven by pin 'Wallace_tree_b/result[116]' has no loads. (LINT-2)
Warning: In design 'mul', net 'wallace_out_B[117]' driven by pin 'Wallace_tree_b/result[117]' has no loads. (LINT-2)
Warning: In design 'mul', net 'wallace_out_B[118]' driven by pin 'Wallace_tree_b/result[118]' has no loads. (LINT-2)
Warning: In design 'mul', net 'wallace_out_B[119]' driven by pin 'Wallace_tree_b/result[119]' has no loads. (LINT-2)
Warning: In design 'mul', net 'wallace_out_B[120]' driven by pin 'Wallace_tree_b/result[120]' has no loads. (LINT-2)
Warning: In design 'mul', net 'wallace_out_B[121]' driven by pin 'Wallace_tree_b/result[121]' has no loads. (LINT-2)
Warning: In design 'mul', net 'wallace_out_B[122]' driven by pin 'Wallace_tree_b/result[122]' has no loads. (LINT-2)
Warning: In design 'mul', net 'wallace_out_B[123]' driven by pin 'Wallace_tree_b/result[123]' has no loads. (LINT-2)
Warning: In design 'mul', net 'wallace_out_B[124]' driven by pin 'Wallace_tree_b/result[124]' has no loads. (LINT-2)
Warning: In design 'mul', net 'wallace_out_B[125]' driven by pin 'Wallace_tree_b/result[125]' has no loads. (LINT-2)
Warning: In design 'mul', net 'wallace_out_B[126]' driven by pin 'Wallace_tree_b/result[126]' has no loads. (LINT-2)
Warning: In design 'mul', net 'wallace_out_B[127]' driven by pin 'Wallace_tree_b/result[127]' has no loads. (LINT-2)
Warning: In design 'mul', net 'wallace_out_B[128]' driven by pin 'Wallace_tree_b/result[128]' has no loads. (LINT-2)
Warning: In design 'mul', net 'wallace_out_B[129]' driven by pin 'Wallace_tree_b/result[129]' has no loads. (LINT-2)
Warning: In design 'mul', net 'wallace_out_B[130]' driven by pin 'Wallace_tree_b/result[130]' has no loads. (LINT-2)
Warning: In design 'mul', net 'wallace_out_A[106]' driven by pin 'Wallace_tree_a/result[106]' has no loads. (LINT-2)
Warning: In design 'mul', net 'wallace_out_A[107]' driven by pin 'Wallace_tree_a/result[107]' has no loads. (LINT-2)
Warning: In design 'mul', net 'wallace_out_A[108]' driven by pin 'Wallace_tree_a/result[108]' has no loads. (LINT-2)
Warning: In design 'mul', net 'wallace_out_A[109]' driven by pin 'Wallace_tree_a/result[109]' has no loads. (LINT-2)
Warning: In design 'mul', net 'wallace_out_A[110]' driven by pin 'Wallace_tree_a/result[110]' has no loads. (LINT-2)
Warning: In design 'mul', net 'wallace_out_A[111]' driven by pin 'Wallace_tree_a/result[111]' has no loads. (LINT-2)
Warning: In design 'mul', net 'wallace_out_A[112]' driven by pin 'Wallace_tree_a/result[112]' has no loads. (LINT-2)
Warning: In design 'mul', net 'wallace_out_A[113]' driven by pin 'Wallace_tree_a/result[113]' has no loads. (LINT-2)
Warning: In design 'mul', net 'wallace_out_A[114]' driven by pin 'Wallace_tree_a/result[114]' has no loads. (LINT-2)
Warning: In design 'mul', net 'wallace_out_A[115]' driven by pin 'Wallace_tree_a/result[115]' has no loads. (LINT-2)
Warning: In design 'mul', net 'wallace_out_A[116]' driven by pin 'Wallace_tree_a/result[116]' has no loads. (LINT-2)
Warning: In design 'mul', net 'wallace_out_A[117]' driven by pin 'Wallace_tree_a/result[117]' has no loads. (LINT-2)
Warning: In design 'mul', net 'wallace_out_A[118]' driven by pin 'Wallace_tree_a/result[118]' has no loads. (LINT-2)
Warning: In design 'mul', net 'wallace_out_A[119]' driven by pin 'Wallace_tree_a/result[119]' has no loads. (LINT-2)
Warning: In design 'mul', net 'wallace_out_A[120]' driven by pin 'Wallace_tree_a/result[120]' has no loads. (LINT-2)
Warning: In design 'mul', net 'wallace_out_A[121]' driven by pin 'Wallace_tree_a/result[121]' has no loads. (LINT-2)
Warning: In design 'mul', net 'wallace_out_A[122]' driven by pin 'Wallace_tree_a/result[122]' has no loads. (LINT-2)
Warning: In design 'mul', net 'wallace_out_A[123]' driven by pin 'Wallace_tree_a/result[123]' has no loads. (LINT-2)
Warning: In design 'mul', net 'wallace_out_A[124]' driven by pin 'Wallace_tree_a/result[124]' has no loads. (LINT-2)
Warning: In design 'mul', net 'wallace_out_A[125]' driven by pin 'Wallace_tree_a/result[125]' has no loads. (LINT-2)
Warning: In design 'mul', net 'wallace_out_A[126]' driven by pin 'Wallace_tree_a/result[126]' has no loads. (LINT-2)
Warning: In design 'mul', net 'wallace_out_A[127]' driven by pin 'Wallace_tree_a/result[127]' has no loads. (LINT-2)
Warning: In design 'mul', net 'wallace_out_A[128]' driven by pin 'Wallace_tree_a/result[128]' has no loads. (LINT-2)
Warning: In design 'mul', net 'wallace_out_A[129]' driven by pin 'Wallace_tree_a/result[129]' has no loads. (LINT-2)
Warning: In design 'mul', net 'wallace_out_A[130]' driven by pin 'Wallace_tree_a/result[130]' has no loads. (LINT-2)
Warning: In design 'mul', net 'wallace_out_valid[0]' driven by pin 'Wallace_tree_a/out_valid' has no loads. (LINT-2)
Warning: In design 'mul', net 'wallace_out_valid[1]' driven by pin 'Wallace_tree_b/out_valid' has no loads. (LINT-2)
Warning: In design 'mul', net 'wallace_out_valid[2]' driven by pin 'Wallace_tree_c/out_valid' has no loads. (LINT-2)
Warning: In design 'mul', net 'fp_add_01/op1_add_op2[57]' driven by pin 'fp_add_01/add_58_00/result[57]' has no loads. (LINT-2)
Warning: In design 'mul', net 'fp_add_01/exp_diff_ab[11]' driven by pin 'fp_add_01/sub_12_00/result[11]' has no loads. (LINT-2)
Warning: In design 'mul', net 'mul16_array_a/o_valid[15]' driven by pin 'mul16_array_a/mul_16_33/out_valid' has no loads. (LINT-2)
Warning: In design 'mul', net 'mul16_array_a/o_valid[14]' driven by pin 'mul16_array_a/mul_16_23/out_valid' has no loads. (LINT-2)
Warning: In design 'mul', net 'mul16_array_a/o_valid[11]' driven by pin 'mul16_array_a/mul_16_32/out_valid' has no loads. (LINT-2)
Warning: In design 'mul', net 'mul16_array_a/o_valid[10]' driven by pin 'mul16_array_a/mul_16_22/out_valid' has no loads. (LINT-2)
Warning: In design 'mul', net 'mul16_array_a/o_valid[7]' driven by pin 'mul16_array_a/mul_16_31/out_valid' has no loads. (LINT-2)
Warning: In design 'mul', net 'mul16_array_a/o_valid[6]' driven by pin 'mul16_array_a/mul_16_21/out_valid' has no loads. (LINT-2)
Warning: In design 'mul', net 'mul16_array_a/o_valid[3]' driven by pin 'mul16_array_a/mul_16_30/out_valid' has no loads. (LINT-2)
Warning: In design 'mul', net 'mul16_array_b/o_valid[15]' driven by pin 'mul16_array_b/GEN_MUL16[3].mul_16_3/out_valid' has no loads. (LINT-2)
Warning: In design 'mul', net 'mul16_array_b/o_valid[14]' driven by pin 'mul16_array_b/GEN_MUL16[2].mul_16_3/out_valid' has no loads. (LINT-2)
Warning: In design 'mul', net 'mul16_array_b/o_valid[13]' driven by pin 'mul16_array_b/GEN_MUL16[1].mul_16_3/out_valid' has no loads. (LINT-2)
Warning: In design 'mul', net 'mul16_array_b/o_valid[12]' driven by pin 'mul16_array_b/GEN_MUL16[0].mul_16_3/out_valid' has no loads. (LINT-2)
Warning: In design 'mul', net 'mul16_array_b/o_valid[11]' driven by pin 'mul16_array_b/GEN_MUL16[3].mul_16_2/out_valid' has no loads. (LINT-2)
Warning: In design 'mul', net 'mul16_array_b/o_valid[10]' driven by pin 'mul16_array_b/GEN_MUL16[2].mul_16_2/out_valid' has no loads. (LINT-2)
Warning: In design 'mul', net 'mul16_array_b/o_valid[9]' driven by pin 'mul16_array_b/GEN_MUL16[1].mul_16_2/out_valid' has no loads. (LINT-2)
Warning: In design 'mul', net 'mul16_array_b/o_valid[8]' driven by pin 'mul16_array_b/GEN_MUL16[0].mul_16_2/out_valid' has no loads. (LINT-2)
Warning: In design 'mul', net 'mul16_array_b/o_valid[7]' driven by pin 'mul16_array_b/GEN_MUL16[3].mul_16_1/out_valid' has no loads. (LINT-2)
Warning: In design 'mul', net 'mul16_array_b/o_valid[6]' driven by pin 'mul16_array_b/GEN_MUL16[2].mul_16_1/out_valid' has no loads. (LINT-2)
Warning: In design 'mul', net 'mul16_array_b/o_valid[5]' driven by pin 'mul16_array_b/GEN_MUL16[1].mul_16_1/out_valid' has no loads. (LINT-2)
Warning: In design 'mul', net 'mul16_array_b/o_valid[4]' driven by pin 'mul16_array_b/GEN_MUL16[0].mul_16_1/out_valid' has no loads. (LINT-2)
Warning: In design 'mul', net 'mul16_array_b/o_valid[3]' driven by pin 'mul16_array_b/GEN_MUL16[3].mul_16_0/out_valid' has no loads. (LINT-2)
Warning: In design 'mul', net 'mul16_array_b/o_valid[2]' driven by pin 'mul16_array_b/GEN_MUL16[2].mul_16_0/out_valid' has no loads. (LINT-2)
Warning: In design 'mul', net 'mul16_array_b/o_valid[1]' driven by pin 'mul16_array_b/GEN_MUL16[1].mul_16_0/out_valid' has no loads. (LINT-2)
Warning: In design 'mul', net 'Wallace_tree_a/CLA_result_zero[15][7]' driven by pin 'Wallace_tree_a/GEN_CLA8[15].CLA_zero/result[7]' has no loads. (LINT-2)
Warning: In design 'mul', net 'Wallace_tree_a/CLA_result_zero[15][8]' driven by pin 'Wallace_tree_a/GEN_CLA8[15].CLA_zero/result[8]' has no loads. (LINT-2)
Warning: In design 'mul', net 'Wallace_tree_a/CLA_result_one[15][7]' driven by pin 'Wallace_tree_a/GEN_CLA8[15].CLA_one/result[7]' has no loads. (LINT-2)
Warning: In design 'mul', net 'Wallace_tree_a/CLA_result_one[15][8]' driven by pin 'Wallace_tree_a/GEN_CLA8[15].CLA_one/result[8]' has no loads. (LINT-2)
Warning: In design 'mul', net 'Wallace_tree_a/wallace_lv4[131][0]' driven by pin 'Wallace_tree_a/GEN_WALLACE_LV4_HA1[130].HA_lv4_1/Cout' has no loads. (LINT-2)
Warning: In design 'mul', net 'Wallace_tree_a/wallace_lv3[131][0]' driven by pin 'Wallace_tree_a/GEN_WALLACE_LV3_HA1[130].HA_lv3_0/Cout' has no loads. (LINT-2)
Warning: In design 'mul', net 'Wallace_tree_a/wallace_lv2[131][0]' driven by pin 'Wallace_tree_a/GEN_WALLACE_LV2_HA1[130].HA_lv2_1/Cout' has no loads. (LINT-2)
Warning: In design 'mul', net 'Wallace_tree_a/wallace_lv1[131][0]' driven by pin 'Wallace_tree_a/GEN_WALLACE_LV1_HA1[130].HA_lv1_1/Cout' has no loads. (LINT-2)
Warning: In design 'mul', net 'rounder_A/exp_add[13]' driven by pin 'rounder_A/add_13_00/result[13]' has no loads. (LINT-2)
Warning: In design 'mul', net 'fp_add_01/sub_12_00/result_predict_one[1][4]' driven by pin 'fp_add_01/sub_12_00/GEN_CLA8[1].CLA8_1/result[4]' has no loads. (LINT-2)
Warning: In design 'mul', net 'fp_add_01/sub_12_00/result_predict_one[1][5]' driven by pin 'fp_add_01/sub_12_00/GEN_CLA8[1].CLA8_1/result[5]' has no loads. (LINT-2)
Warning: In design 'mul', net 'fp_add_01/sub_12_00/result_predict_one[1][6]' driven by pin 'fp_add_01/sub_12_00/GEN_CLA8[1].CLA8_1/result[6]' has no loads. (LINT-2)
Warning: In design 'mul', net 'fp_add_01/sub_12_00/result_predict_one[1][7]' driven by pin 'fp_add_01/sub_12_00/GEN_CLA8[1].CLA8_1/result[7]' has no loads. (LINT-2)
Warning: In design 'mul', net 'fp_add_01/sub_12_00/result_predict_one[1][8]' driven by pin 'fp_add_01/sub_12_00/GEN_CLA8[1].CLA8_1/result[8]' has no loads. (LINT-2)
Warning: In design 'mul', net 'fp_add_01/sub_12_00/result_predict_zero[1][4]' driven by pin 'fp_add_01/sub_12_00/GEN_CLA8[1].CLA8_0/result[4]' has no loads. (LINT-2)
Warning: In design 'mul', net 'fp_add_01/sub_12_00/result_predict_zero[1][5]' driven by pin 'fp_add_01/sub_12_00/GEN_CLA8[1].CLA8_0/result[5]' has no loads. (LINT-2)
Warning: In design 'mul', net 'fp_add_01/sub_12_00/result_predict_zero[1][6]' driven by pin 'fp_add_01/sub_12_00/GEN_CLA8[1].CLA8_0/result[6]' has no loads. (LINT-2)
Warning: In design 'mul', net 'fp_add_01/sub_12_00/result_predict_zero[1][7]' driven by pin 'fp_add_01/sub_12_00/GEN_CLA8[1].CLA8_0/result[7]' has no loads. (LINT-2)
Warning: In design 'mul', net 'fp_add_01/sub_12_00/result_predict_zero[1][8]' driven by pin 'fp_add_01/sub_12_00/GEN_CLA8[1].CLA8_0/result[8]' has no loads. (LINT-2)
Warning: In design 'mul', net 'fp_add_01/add_58_00/result_predict_one[7][2]' driven by pin 'fp_add_01/add_58_00/GEN_CLA8[7].CLA8_1/result[2]' has no loads. (LINT-2)
Warning: In design 'mul', net 'fp_add_01/add_58_00/result_predict_one[7][3]' driven by pin 'fp_add_01/add_58_00/GEN_CLA8[7].CLA8_1/result[3]' has no loads. (LINT-2)
Warning: In design 'mul', net 'fp_add_01/add_58_00/result_predict_one[7][4]' driven by pin 'fp_add_01/add_58_00/GEN_CLA8[7].CLA8_1/result[4]' has no loads. (LINT-2)
Warning: In design 'mul', net 'fp_add_01/add_58_00/result_predict_one[7][5]' driven by pin 'fp_add_01/add_58_00/GEN_CLA8[7].CLA8_1/result[5]' has no loads. (LINT-2)
Warning: In design 'mul', net 'fp_add_01/add_58_00/result_predict_one[7][6]' driven by pin 'fp_add_01/add_58_00/GEN_CLA8[7].CLA8_1/result[6]' has no loads. (LINT-2)
Warning: In design 'mul', net 'fp_add_01/add_58_00/result_predict_one[7][7]' driven by pin 'fp_add_01/add_58_00/GEN_CLA8[7].CLA8_1/result[7]' has no loads. (LINT-2)
Warning: In design 'mul', net 'fp_add_01/add_58_00/result_predict_one[7][8]' driven by pin 'fp_add_01/add_58_00/GEN_CLA8[7].CLA8_1/result[8]' has no loads. (LINT-2)
Warning: In design 'mul', net 'fp_add_01/add_58_00/result_predict_zero[7][2]' driven by pin 'fp_add_01/add_58_00/GEN_CLA8[7].CLA8_0/result[2]' has no loads. (LINT-2)
Warning: In design 'mul', net 'fp_add_01/add_58_00/result_predict_zero[7][3]' driven by pin 'fp_add_01/add_58_00/GEN_CLA8[7].CLA8_0/result[3]' has no loads. (LINT-2)
Warning: In design 'mul', net 'fp_add_01/add_58_00/result_predict_zero[7][4]' driven by pin 'fp_add_01/add_58_00/GEN_CLA8[7].CLA8_0/result[4]' has no loads. (LINT-2)
Warning: In design 'mul', net 'fp_add_01/add_58_00/result_predict_zero[7][5]' driven by pin 'fp_add_01/add_58_00/GEN_CLA8[7].CLA8_0/result[5]' has no loads. (LINT-2)
Warning: In design 'mul', net 'fp_add_01/add_58_00/result_predict_zero[7][6]' driven by pin 'fp_add_01/add_58_00/GEN_CLA8[7].CLA8_0/result[6]' has no loads. (LINT-2)
Warning: In design 'mul', net 'fp_add_01/add_58_00/result_predict_zero[7][7]' driven by pin 'fp_add_01/add_58_00/GEN_CLA8[7].CLA8_0/result[7]' has no loads. (LINT-2)
Warning: In design 'mul', net 'fp_add_01/add_58_00/result_predict_zero[7][8]' driven by pin 'fp_add_01/add_58_00/GEN_CLA8[7].CLA8_0/result[8]' has no loads. (LINT-2)
Warning: In design 'mul', net 'fp_add_01/sub_58_00/result_predict_one[7][2]' driven by pin 'fp_add_01/sub_58_00/GEN_CLA8[7].CLA8_1/result[2]' has no loads. (LINT-2)
Warning: In design 'mul', net 'fp_add_01/sub_58_00/result_predict_one[7][3]' driven by pin 'fp_add_01/sub_58_00/GEN_CLA8[7].CLA8_1/result[3]' has no loads. (LINT-2)
Warning: In design 'mul', net 'fp_add_01/sub_58_00/result_predict_one[7][4]' driven by pin 'fp_add_01/sub_58_00/GEN_CLA8[7].CLA8_1/result[4]' has no loads. (LINT-2)
Warning: In design 'mul', net 'fp_add_01/sub_58_00/result_predict_one[7][5]' driven by pin 'fp_add_01/sub_58_00/GEN_CLA8[7].CLA8_1/result[5]' has no loads. (LINT-2)
Warning: In design 'mul', net 'fp_add_01/sub_58_00/result_predict_one[7][6]' driven by pin 'fp_add_01/sub_58_00/GEN_CLA8[7].CLA8_1/result[6]' has no loads. (LINT-2)
Warning: In design 'mul', net 'fp_add_01/sub_58_00/result_predict_one[7][7]' driven by pin 'fp_add_01/sub_58_00/GEN_CLA8[7].CLA8_1/result[7]' has no loads. (LINT-2)
Warning: In design 'mul', net 'fp_add_01/sub_58_00/result_predict_one[7][8]' driven by pin 'fp_add_01/sub_58_00/GEN_CLA8[7].CLA8_1/result[8]' has no loads. (LINT-2)
Warning: In design 'mul', net 'fp_add_01/sub_58_00/result_predict_zero[7][2]' driven by pin 'fp_add_01/sub_58_00/GEN_CLA8[7].CLA8_0/result[2]' has no loads. (LINT-2)
Warning: In design 'mul', net 'fp_add_01/sub_58_00/result_predict_zero[7][3]' driven by pin 'fp_add_01/sub_58_00/GEN_CLA8[7].CLA8_0/result[3]' has no loads. (LINT-2)
Warning: In design 'mul', net 'fp_add_01/sub_58_00/result_predict_zero[7][4]' driven by pin 'fp_add_01/sub_58_00/GEN_CLA8[7].CLA8_0/result[4]' has no loads. (LINT-2)
Warning: In design 'mul', net 'fp_add_01/sub_58_00/result_predict_zero[7][5]' driven by pin 'fp_add_01/sub_58_00/GEN_CLA8[7].CLA8_0/result[5]' has no loads. (LINT-2)
Warning: In design 'mul', net 'fp_add_01/sub_58_00/result_predict_zero[7][6]' driven by pin 'fp_add_01/sub_58_00/GEN_CLA8[7].CLA8_0/result[6]' has no loads. (LINT-2)
Warning: In design 'mul', net 'fp_add_01/sub_58_00/result_predict_zero[7][7]' driven by pin 'fp_add_01/sub_58_00/GEN_CLA8[7].CLA8_0/result[7]' has no loads. (LINT-2)
Warning: In design 'mul', net 'fp_add_01/sub_58_00/result_predict_zero[7][8]' driven by pin 'fp_add_01/sub_58_00/GEN_CLA8[7].CLA8_0/result[8]' has no loads. (LINT-2)
Warning: In design 'mul', net 'fp_add_01/add_11_00/result_predict_one[1][4]' driven by pin 'fp_add_01/add_11_00/GEN_CLA8[1].CLA8_1/result[4]' has no loads. (LINT-2)
Warning: In design 'mul', net 'fp_add_01/add_11_00/result_predict_one[1][5]' driven by pin 'fp_add_01/add_11_00/GEN_CLA8[1].CLA8_1/result[5]' has no loads. (LINT-2)
Warning: In design 'mul', net 'fp_add_01/add_11_00/result_predict_one[1][6]' driven by pin 'fp_add_01/add_11_00/GEN_CLA8[1].CLA8_1/result[6]' has no loads. (LINT-2)
Warning: In design 'mul', net 'fp_add_01/add_11_00/result_predict_one[1][7]' driven by pin 'fp_add_01/add_11_00/GEN_CLA8[1].CLA8_1/result[7]' has no loads. (LINT-2)
Warning: In design 'mul', net 'fp_add_01/add_11_00/result_predict_one[1][8]' driven by pin 'fp_add_01/add_11_00/GEN_CLA8[1].CLA8_1/result[8]' has no loads. (LINT-2)
Warning: In design 'mul', net 'fp_add_01/add_11_00/result_predict_zero[1][4]' driven by pin 'fp_add_01/add_11_00/GEN_CLA8[1].CLA8_0/result[4]' has no loads. (LINT-2)
Warning: In design 'mul', net 'fp_add_01/add_11_00/result_predict_zero[1][5]' driven by pin 'fp_add_01/add_11_00/GEN_CLA8[1].CLA8_0/result[5]' has no loads. (LINT-2)
Warning: In design 'mul', net 'fp_add_01/add_11_00/result_predict_zero[1][6]' driven by pin 'fp_add_01/add_11_00/GEN_CLA8[1].CLA8_0/result[6]' has no loads. (LINT-2)
Warning: In design 'mul', net 'fp_add_01/add_11_00/result_predict_zero[1][7]' driven by pin 'fp_add_01/add_11_00/GEN_CLA8[1].CLA8_0/result[7]' has no loads. (LINT-2)
Warning: In design 'mul', net 'fp_add_01/add_11_00/result_predict_zero[1][8]' driven by pin 'fp_add_01/add_11_00/GEN_CLA8[1].CLA8_0/result[8]' has no loads. (LINT-2)
Warning: In design 'mul', net 'fp_add_01/add_53_02/result_predict_one[6][6]' driven by pin 'fp_add_01/add_53_02/GEN_CLA8[6].CLA8_1/result[6]' has no loads. (LINT-2)
Warning: In design 'mul', net 'fp_add_01/add_53_02/result_predict_one[6][7]' driven by pin 'fp_add_01/add_53_02/GEN_CLA8[6].CLA8_1/result[7]' has no loads. (LINT-2)
Warning: In design 'mul', net 'fp_add_01/add_53_02/result_predict_one[6][8]' driven by pin 'fp_add_01/add_53_02/GEN_CLA8[6].CLA8_1/result[8]' has no loads. (LINT-2)
Warning: In design 'mul', net 'fp_add_01/add_53_02/result_predict_zero[6][6]' driven by pin 'fp_add_01/add_53_02/GEN_CLA8[6].CLA8_0/result[6]' has no loads. (LINT-2)
Warning: In design 'mul', net 'fp_add_01/add_53_02/result_predict_zero[6][7]' driven by pin 'fp_add_01/add_53_02/GEN_CLA8[6].CLA8_0/result[7]' has no loads. (LINT-2)
Warning: In design 'mul', net 'fp_add_01/add_53_02/result_predict_zero[6][8]' driven by pin 'fp_add_01/add_53_02/GEN_CLA8[6].CLA8_0/result[8]' has no loads. (LINT-2)
Warning: In design 'mul', net 'mul16_array_a/mul_16_00/wallace_lv6[33][0]' driven by pin 'mul16_array_a/mul_16_00/gen_wallace_tree_lv6_HA_1[32].HA_lv6_1/Cout' has no loads. (LINT-2)
Warning: In design 'mul', net 'mul16_array_a/mul_16_00/wallace_lv6[32][0]' driven by pin 'mul16_array_a/mul_16_00/gen_wallace_tree_lv6_HA_1[31].HA_lv6_1/Cout' has no loads. (LINT-2)
Warning: In design 'mul', net 'mul16_array_a/mul_16_00/wallace_lv6[32][1]' driven by pin 'mul16_array_a/mul_16_00/gen_wallace_tree_lv6_HA_1[32].HA_lv6_1/Sum' has no loads. (LINT-2)
Warning: In design 'mul', net 'exponent_op_A/add_13_0/result_predict_one[1][5]' driven by pin 'exponent_op_A/add_13_0/GEN_CLA8[1].CLA8_1/result[5]' has no loads. (LINT-2)
Warning: In design 'mul', net 'exponent_op_A/add_13_0/result_predict_one[1][6]' driven by pin 'exponent_op_A/add_13_0/GEN_CLA8[1].CLA8_1/result[6]' has no loads. (LINT-2)
Warning: In design 'mul', net 'exponent_op_A/add_13_0/result_predict_one[1][7]' driven by pin 'exponent_op_A/add_13_0/GEN_CLA8[1].CLA8_1/result[7]' has no loads. (LINT-2)
Warning: In design 'mul', net 'exponent_op_A/add_13_0/result_predict_one[1][8]' driven by pin 'exponent_op_A/add_13_0/GEN_CLA8[1].CLA8_1/result[8]' has no loads. (LINT-2)
Warning: In design 'mul', net 'exponent_op_A/add_13_0/result_predict_zero[1][5]' driven by pin 'exponent_op_A/add_13_0/GEN_CLA8[1].CLA8_0/result[5]' has no loads. (LINT-2)
Warning: In design 'mul', net 'exponent_op_A/add_13_0/result_predict_zero[1][6]' driven by pin 'exponent_op_A/add_13_0/GEN_CLA8[1].CLA8_0/result[6]' has no loads. (LINT-2)
Warning: In design 'mul', net 'exponent_op_A/add_13_0/result_predict_zero[1][7]' driven by pin 'exponent_op_A/add_13_0/GEN_CLA8[1].CLA8_0/result[7]' has no loads. (LINT-2)
Warning: In design 'mul', net 'exponent_op_A/add_13_0/result_predict_zero[1][8]' driven by pin 'exponent_op_A/add_13_0/GEN_CLA8[1].CLA8_0/result[8]' has no loads. (LINT-2)
Warning: In design 'mul', net 'rounder_A/add_13_00/result_predict_one[1][6]' driven by pin 'rounder_A/add_13_00/GEN_CLA8[1].CLA8_1/result[6]' has no loads. (LINT-2)
Warning: In design 'mul', net 'rounder_A/add_13_00/result_predict_one[1][7]' driven by pin 'rounder_A/add_13_00/GEN_CLA8[1].CLA8_1/result[7]' has no loads. (LINT-2)
Warning: In design 'mul', net 'rounder_A/add_13_00/result_predict_one[1][8]' driven by pin 'rounder_A/add_13_00/GEN_CLA8[1].CLA8_1/result[8]' has no loads. (LINT-2)
Warning: In design 'mul', net 'rounder_A/add_13_00/result_predict_zero[1][6]' driven by pin 'rounder_A/add_13_00/GEN_CLA8[1].CLA8_0/result[6]' has no loads. (LINT-2)
Warning: In design 'mul', net 'rounder_A/add_13_00/result_predict_zero[1][7]' driven by pin 'rounder_A/add_13_00/GEN_CLA8[1].CLA8_0/result[7]' has no loads. (LINT-2)
Warning: In design 'mul', net 'rounder_A/add_13_00/result_predict_zero[1][8]' driven by pin 'rounder_A/add_13_00/GEN_CLA8[1].CLA8_0/result[8]' has no loads. (LINT-2)
Warning: In design 'mul', net 'rounder_A/sub_13_00/result_predict_one[1][5]' driven by pin 'rounder_A/sub_13_00/GEN_CLA8[1].CLA8_1/result[5]' has no loads. (LINT-2)
Warning: In design 'mul', net 'rounder_A/sub_13_00/result_predict_one[1][6]' driven by pin 'rounder_A/sub_13_00/GEN_CLA8[1].CLA8_1/result[6]' has no loads. (LINT-2)
Warning: In design 'mul', net 'rounder_A/sub_13_00/result_predict_one[1][7]' driven by pin 'rounder_A/sub_13_00/GEN_CLA8[1].CLA8_1/result[7]' has no loads. (LINT-2)
Warning: In design 'mul', net 'rounder_A/sub_13_00/result_predict_one[1][8]' driven by pin 'rounder_A/sub_13_00/GEN_CLA8[1].CLA8_1/result[8]' has no loads. (LINT-2)
Warning: In design 'mul', net 'rounder_A/sub_13_00/result_predict_zero[1][5]' driven by pin 'rounder_A/sub_13_00/GEN_CLA8[1].CLA8_0/result[5]' has no loads. (LINT-2)
Warning: In design 'mul', net 'rounder_A/sub_13_00/result_predict_zero[1][6]' driven by pin 'rounder_A/sub_13_00/GEN_CLA8[1].CLA8_0/result[6]' has no loads. (LINT-2)
Warning: In design 'mul', net 'rounder_A/sub_13_00/result_predict_zero[1][7]' driven by pin 'rounder_A/sub_13_00/GEN_CLA8[1].CLA8_0/result[7]' has no loads. (LINT-2)
Warning: In design 'mul', net 'rounder_A/sub_13_00/result_predict_zero[1][8]' driven by pin 'rounder_A/sub_13_00/GEN_CLA8[1].CLA8_0/result[8]' has no loads. (LINT-2)
Warning: In design 'mul', net 'fp_add_05/op1_add_op2[57]' driven by pin 'fp_add_05/add_58_00/result[57]' has no loads. (LINT-2)
Warning: In design 'mul', net 'fp_add_05/exp_diff_ab[11]' driven by pin 'fp_add_05/sub_12_00/result[11]' has no loads. (LINT-2)
Warning: In design 'mul', net 'fp_add_04/op1_add_op2[57]' driven by pin 'fp_add_04/add_58_00/result[57]' has no loads. (LINT-2)
Warning: In design 'mul', net 'fp_add_04/exp_diff_ab[11]' driven by pin 'fp_add_04/sub_12_00/result[11]' has no loads. (LINT-2)
Warning: In design 'mul', net 'fp_add_03/op1_add_op2[57]' driven by pin 'fp_add_03/add_58_00/result[57]' has no loads. (LINT-2)
Warning: In design 'mul', net 'fp_add_03/exp_diff_ab[11]' driven by pin 'fp_add_03/sub_12_00/result[11]' has no loads. (LINT-2)
Warning: In design 'mul', net 'fp_add_02/op1_add_op2[57]' driven by pin 'fp_add_02/add_58_00/result[57]' has no loads. (LINT-2)
Warning: In design 'mul', net 'fp_add_02/exp_diff_ab[11]' driven by pin 'fp_add_02/sub_12_00/result[11]' has no loads. (LINT-2)
Warning: In design 'mul', net 'mul16_array_c/o_valid[15]' driven by pin 'mul16_array_c/GEN_MUL16[3].mul_16_3/out_valid' has no loads. (LINT-2)
Warning: In design 'mul', net 'mul16_array_c/o_valid[14]' driven by pin 'mul16_array_c/GEN_MUL16[2].mul_16_3/out_valid' has no loads. (LINT-2)
Warning: In design 'mul', net 'mul16_array_c/o_valid[13]' driven by pin 'mul16_array_c/GEN_MUL16[1].mul_16_3/out_valid' has no loads. (LINT-2)
Warning: In design 'mul', net 'mul16_array_c/o_valid[12]' driven by pin 'mul16_array_c/GEN_MUL16[0].mul_16_3/out_valid' has no loads. (LINT-2)
Warning: In design 'mul', net 'mul16_array_c/o_valid[11]' driven by pin 'mul16_array_c/GEN_MUL16[3].mul_16_2/out_valid' has no loads. (LINT-2)
Warning: In design 'mul', net 'mul16_array_c/o_valid[10]' driven by pin 'mul16_array_c/GEN_MUL16[2].mul_16_2/out_valid' has no loads. (LINT-2)
Warning: In design 'mul', net 'mul16_array_c/o_valid[9]' driven by pin 'mul16_array_c/GEN_MUL16[1].mul_16_2/out_valid' has no loads. (LINT-2)
Warning: In design 'mul', net 'mul16_array_c/o_valid[8]' driven by pin 'mul16_array_c/GEN_MUL16[0].mul_16_2/out_valid' has no loads. (LINT-2)
Warning: In design 'mul', net 'mul16_array_c/o_valid[7]' driven by pin 'mul16_array_c/GEN_MUL16[3].mul_16_1/out_valid' has no loads. (LINT-2)
Warning: In design 'mul', net 'mul16_array_c/o_valid[6]' driven by pin 'mul16_array_c/GEN_MUL16[2].mul_16_1/out_valid' has no loads. (LINT-2)
Warning: In design 'mul', net 'mul16_array_c/o_valid[5]' driven by pin 'mul16_array_c/GEN_MUL16[1].mul_16_1/out_valid' has no loads. (LINT-2)
Warning: In design 'mul', net 'mul16_array_c/o_valid[4]' driven by pin 'mul16_array_c/GEN_MUL16[0].mul_16_1/out_valid' has no loads. (LINT-2)
Warning: In design 'mul', net 'mul16_array_c/o_valid[3]' driven by pin 'mul16_array_c/GEN_MUL16[3].mul_16_0/out_valid' has no loads. (LINT-2)
Warning: In design 'mul', net 'mul16_array_c/o_valid[2]' driven by pin 'mul16_array_c/GEN_MUL16[2].mul_16_0/out_valid' has no loads. (LINT-2)
Warning: In design 'mul', net 'mul16_array_c/o_valid[1]' driven by pin 'mul16_array_c/GEN_MUL16[1].mul_16_0/out_valid' has no loads. (LINT-2)
Warning: In design 'mul', net 'Wallace_tree_c/CLA_result_zero[15][7]' driven by pin 'Wallace_tree_c/GEN_CLA8[15].CLA_zero/result[7]' has no loads. (LINT-2)
Warning: In design 'mul', net 'Wallace_tree_c/CLA_result_zero[15][8]' driven by pin 'Wallace_tree_c/GEN_CLA8[15].CLA_zero/result[8]' has no loads. (LINT-2)
Warning: In design 'mul', net 'Wallace_tree_c/CLA_result_one[15][7]' driven by pin 'Wallace_tree_c/GEN_CLA8[15].CLA_one/result[7]' has no loads. (LINT-2)
Warning: In design 'mul', net 'Wallace_tree_c/CLA_result_one[15][8]' driven by pin 'Wallace_tree_c/GEN_CLA8[15].CLA_one/result[8]' has no loads. (LINT-2)
Warning: In design 'mul', net 'Wallace_tree_c/wallace_lv4[131][0]' driven by pin 'Wallace_tree_c/GEN_WALLACE_LV4_HA1[130].HA_lv4_1/Cout' has no loads. (LINT-2)
Warning: In design 'mul', net 'Wallace_tree_c/wallace_lv3[131][0]' driven by pin 'Wallace_tree_c/GEN_WALLACE_LV3_HA1[130].HA_lv3_0/Cout' has no loads. (LINT-2)
Warning: In design 'mul', net 'Wallace_tree_c/wallace_lv2[131][0]' driven by pin 'Wallace_tree_c/GEN_WALLACE_LV2_HA1[130].HA_lv2_1/Cout' has no loads. (LINT-2)
Warning: In design 'mul', net 'Wallace_tree_c/wallace_lv1[131][0]' driven by pin 'Wallace_tree_c/GEN_WALLACE_LV1_HA1[130].HA_lv1_1/Cout' has no loads. (LINT-2)
Warning: In design 'mul', net 'Wallace_tree_b/CLA_result_zero[15][7]' driven by pin 'Wallace_tree_b/GEN_CLA8[15].CLA_zero/result[7]' has no loads. (LINT-2)
Warning: In design 'mul', net 'Wallace_tree_b/CLA_result_zero[15][8]' driven by pin 'Wallace_tree_b/GEN_CLA8[15].CLA_zero/result[8]' has no loads. (LINT-2)
Warning: In design 'mul', net 'Wallace_tree_b/CLA_result_one[15][7]' driven by pin 'Wallace_tree_b/GEN_CLA8[15].CLA_one/result[7]' has no loads. (LINT-2)
Warning: In design 'mul', net 'Wallace_tree_b/CLA_result_one[15][8]' driven by pin 'Wallace_tree_b/GEN_CLA8[15].CLA_one/result[8]' has no loads. (LINT-2)
Warning: In design 'mul', net 'Wallace_tree_b/wallace_lv4[131][0]' driven by pin 'Wallace_tree_b/GEN_WALLACE_LV4_HA1[130].HA_lv4_1/Cout' has no loads. (LINT-2)
Warning: In design 'mul', net 'Wallace_tree_b/wallace_lv3[131][0]' driven by pin 'Wallace_tree_b/GEN_WALLACE_LV3_HA1[130].HA_lv3_0/Cout' has no loads. (LINT-2)
Warning: In design 'mul', net 'Wallace_tree_b/wallace_lv2[131][0]' driven by pin 'Wallace_tree_b/GEN_WALLACE_LV2_HA1[130].HA_lv2_1/Cout' has no loads. (LINT-2)
Warning: In design 'mul', net 'Wallace_tree_b/wallace_lv1[131][0]' driven by pin 'Wallace_tree_b/GEN_WALLACE_LV1_HA1[130].HA_lv1_1/Cout' has no loads. (LINT-2)
Warning: In design 'mul', net 'rounder_C/exp_add[13]' driven by pin 'rounder_C/add_13_00/result[13]' has no loads. (LINT-2)
Warning: In design 'mul', net 'rounder_B/exp_add[13]' driven by pin 'rounder_B/add_13_00/result[13]' has no loads. (LINT-2)
Warning: In design 'mul', net 'fp_add_05/sub_12_01/result_predict_one[1][4]' driven by pin 'fp_add_05/sub_12_01/GEN_CLA8[1].CLA8_1/result[4]' has no loads. (LINT-2)
Warning: In design 'mul', net 'fp_add_05/sub_12_01/result_predict_one[1][5]' driven by pin 'fp_add_05/sub_12_01/GEN_CLA8[1].CLA8_1/result[5]' has no loads. (LINT-2)
Warning: In design 'mul', net 'fp_add_05/sub_12_01/result_predict_one[1][6]' driven by pin 'fp_add_05/sub_12_01/GEN_CLA8[1].CLA8_1/result[6]' has no loads. (LINT-2)
Warning: In design 'mul', net 'fp_add_05/sub_12_01/result_predict_one[1][7]' driven by pin 'fp_add_05/sub_12_01/GEN_CLA8[1].CLA8_1/result[7]' has no loads. (LINT-2)
Warning: In design 'mul', net 'fp_add_05/sub_12_01/result_predict_one[1][8]' driven by pin 'fp_add_05/sub_12_01/GEN_CLA8[1].CLA8_1/result[8]' has no loads. (LINT-2)
Warning: In design 'mul', net 'fp_add_05/sub_12_01/result_predict_zero[1][4]' driven by pin 'fp_add_05/sub_12_01/GEN_CLA8[1].CLA8_0/result[4]' has no loads. (LINT-2)
Warning: In design 'mul', net 'fp_add_05/sub_12_01/result_predict_zero[1][5]' driven by pin 'fp_add_05/sub_12_01/GEN_CLA8[1].CLA8_0/result[5]' has no loads. (LINT-2)
Warning: In design 'mul', net 'fp_add_05/sub_12_01/result_predict_zero[1][6]' driven by pin 'fp_add_05/sub_12_01/GEN_CLA8[1].CLA8_0/result[6]' has no loads. (LINT-2)
Warning: In design 'mul', net 'fp_add_05/sub_12_01/result_predict_zero[1][7]' driven by pin 'fp_add_05/sub_12_01/GEN_CLA8[1].CLA8_0/result[7]' has no loads. (LINT-2)
Warning: In design 'mul', net 'fp_add_05/sub_12_01/result_predict_zero[1][8]' driven by pin 'fp_add_05/sub_12_01/GEN_CLA8[1].CLA8_0/result[8]' has no loads. (LINT-2)
Warning: In design 'mul', net 'fp_add_05/sub_12_00/result_predict_one[1][4]' driven by pin 'fp_add_05/sub_12_00/GEN_CLA8[1].CLA8_1/result[4]' has no loads. (LINT-2)
Warning: In design 'mul', net 'fp_add_05/sub_12_00/result_predict_one[1][5]' driven by pin 'fp_add_05/sub_12_00/GEN_CLA8[1].CLA8_1/result[5]' has no loads. (LINT-2)
Warning: In design 'mul', net 'fp_add_05/sub_12_00/result_predict_one[1][6]' driven by pin 'fp_add_05/sub_12_00/GEN_CLA8[1].CLA8_1/result[6]' has no loads. (LINT-2)
Warning: In design 'mul', net 'fp_add_05/sub_12_00/result_predict_one[1][7]' driven by pin 'fp_add_05/sub_12_00/GEN_CLA8[1].CLA8_1/result[7]' has no loads. (LINT-2)
Warning: In design 'mul', net 'fp_add_05/sub_12_00/result_predict_one[1][8]' driven by pin 'fp_add_05/sub_12_00/GEN_CLA8[1].CLA8_1/result[8]' has no loads. (LINT-2)
Warning: In design 'mul', net 'fp_add_05/sub_12_00/result_predict_zero[1][4]' driven by pin 'fp_add_05/sub_12_00/GEN_CLA8[1].CLA8_0/result[4]' has no loads. (LINT-2)
Warning: In design 'mul', net 'fp_add_05/sub_12_00/result_predict_zero[1][5]' driven by pin 'fp_add_05/sub_12_00/GEN_CLA8[1].CLA8_0/result[5]' has no loads. (LINT-2)
Warning: In design 'mul', net 'fp_add_05/sub_12_00/result_predict_zero[1][6]' driven by pin 'fp_add_05/sub_12_00/GEN_CLA8[1].CLA8_0/result[6]' has no loads. (LINT-2)
Warning: In design 'mul', net 'fp_add_05/sub_12_00/result_predict_zero[1][7]' driven by pin 'fp_add_05/sub_12_00/GEN_CLA8[1].CLA8_0/result[7]' has no loads. (LINT-2)
Warning: In design 'mul', net 'fp_add_05/sub_12_00/result_predict_zero[1][8]' driven by pin 'fp_add_05/sub_12_00/GEN_CLA8[1].CLA8_0/result[8]' has no loads. (LINT-2)
Warning: In design 'mul', net 'fp_add_04/sub_12_01/result_predict_one[1][4]' driven by pin 'fp_add_04/sub_12_01/GEN_CLA8[1].CLA8_1/result[4]' has no loads. (LINT-2)
Warning: In design 'mul', net 'fp_add_04/sub_12_01/result_predict_one[1][5]' driven by pin 'fp_add_04/sub_12_01/GEN_CLA8[1].CLA8_1/result[5]' has no loads. (LINT-2)
Warning: In design 'mul', net 'fp_add_04/sub_12_01/result_predict_one[1][6]' driven by pin 'fp_add_04/sub_12_01/GEN_CLA8[1].CLA8_1/result[6]' has no loads. (LINT-2)
Warning: In design 'mul', net 'fp_add_04/sub_12_01/result_predict_one[1][7]' driven by pin 'fp_add_04/sub_12_01/GEN_CLA8[1].CLA8_1/result[7]' has no loads. (LINT-2)
Warning: In design 'mul', net 'fp_add_04/sub_12_01/result_predict_one[1][8]' driven by pin 'fp_add_04/sub_12_01/GEN_CLA8[1].CLA8_1/result[8]' has no loads. (LINT-2)
Warning: In design 'mul', net 'fp_add_04/sub_12_01/result_predict_zero[1][4]' driven by pin 'fp_add_04/sub_12_01/GEN_CLA8[1].CLA8_0/result[4]' has no loads. (LINT-2)
Warning: In design 'mul', net 'fp_add_04/sub_12_01/result_predict_zero[1][5]' driven by pin 'fp_add_04/sub_12_01/GEN_CLA8[1].CLA8_0/result[5]' has no loads. (LINT-2)
Warning: In design 'mul', net 'fp_add_04/sub_12_01/result_predict_zero[1][6]' driven by pin 'fp_add_04/sub_12_01/GEN_CLA8[1].CLA8_0/result[6]' has no loads. (LINT-2)
Warning: In design 'mul', net 'fp_add_04/sub_12_01/result_predict_zero[1][7]' driven by pin 'fp_add_04/sub_12_01/GEN_CLA8[1].CLA8_0/result[7]' has no loads. (LINT-2)
Warning: In design 'mul', net 'fp_add_04/sub_12_01/result_predict_zero[1][8]' driven by pin 'fp_add_04/sub_12_01/GEN_CLA8[1].CLA8_0/result[8]' has no loads. (LINT-2)
Warning: In design 'mul', net 'fp_add_04/sub_12_00/result_predict_one[1][4]' driven by pin 'fp_add_04/sub_12_00/GEN_CLA8[1].CLA8_1/result[4]' has no loads. (LINT-2)
Warning: In design 'mul', net 'fp_add_04/sub_12_00/result_predict_one[1][5]' driven by pin 'fp_add_04/sub_12_00/GEN_CLA8[1].CLA8_1/result[5]' has no loads. (LINT-2)
Warning: In design 'mul', net 'fp_add_04/sub_12_00/result_predict_one[1][6]' driven by pin 'fp_add_04/sub_12_00/GEN_CLA8[1].CLA8_1/result[6]' has no loads. (LINT-2)
Warning: In design 'mul', net 'fp_add_04/sub_12_00/result_predict_one[1][7]' driven by pin 'fp_add_04/sub_12_00/GEN_CLA8[1].CLA8_1/result[7]' has no loads. (LINT-2)
Warning: In design 'mul', net 'fp_add_04/sub_12_00/result_predict_one[1][8]' driven by pin 'fp_add_04/sub_12_00/GEN_CLA8[1].CLA8_1/result[8]' has no loads. (LINT-2)
Warning: In design 'mul', net 'fp_add_04/sub_12_00/result_predict_zero[1][4]' driven by pin 'fp_add_04/sub_12_00/GEN_CLA8[1].CLA8_0/result[4]' has no loads. (LINT-2)
Warning: In design 'mul', net 'fp_add_04/sub_12_00/result_predict_zero[1][5]' driven by pin 'fp_add_04/sub_12_00/GEN_CLA8[1].CLA8_0/result[5]' has no loads. (LINT-2)
Warning: In design 'mul', net 'fp_add_04/sub_12_00/result_predict_zero[1][6]' driven by pin 'fp_add_04/sub_12_00/GEN_CLA8[1].CLA8_0/result[6]' has no loads. (LINT-2)
Warning: In design 'mul', net 'fp_add_04/sub_12_00/result_predict_zero[1][7]' driven by pin 'fp_add_04/sub_12_00/GEN_CLA8[1].CLA8_0/result[7]' has no loads. (LINT-2)
Warning: In design 'mul', net 'fp_add_04/sub_12_00/result_predict_zero[1][8]' driven by pin 'fp_add_04/sub_12_00/GEN_CLA8[1].CLA8_0/result[8]' has no loads. (LINT-2)
Warning: In design 'mul', net 'fp_add_03/sub_12_01/result_predict_one[1][4]' driven by pin 'fp_add_03/sub_12_01/GEN_CLA8[1].CLA8_1/result[4]' has no loads. (LINT-2)
Warning: In design 'mul', net 'fp_add_03/sub_12_01/result_predict_one[1][5]' driven by pin 'fp_add_03/sub_12_01/GEN_CLA8[1].CLA8_1/result[5]' has no loads. (LINT-2)
Warning: In design 'mul', net 'fp_add_03/sub_12_01/result_predict_one[1][6]' driven by pin 'fp_add_03/sub_12_01/GEN_CLA8[1].CLA8_1/result[6]' has no loads. (LINT-2)
Warning: In design 'mul', net 'fp_add_03/sub_12_01/result_predict_one[1][7]' driven by pin 'fp_add_03/sub_12_01/GEN_CLA8[1].CLA8_1/result[7]' has no loads. (LINT-2)
Warning: In design 'mul', net 'fp_add_03/sub_12_01/result_predict_one[1][8]' driven by pin 'fp_add_03/sub_12_01/GEN_CLA8[1].CLA8_1/result[8]' has no loads. (LINT-2)
Warning: In design 'mul', net 'fp_add_03/sub_12_01/result_predict_zero[1][4]' driven by pin 'fp_add_03/sub_12_01/GEN_CLA8[1].CLA8_0/result[4]' has no loads. (LINT-2)
Warning: In design 'mul', net 'fp_add_03/sub_12_01/result_predict_zero[1][5]' driven by pin 'fp_add_03/sub_12_01/GEN_CLA8[1].CLA8_0/result[5]' has no loads. (LINT-2)
Warning: In design 'mul', net 'fp_add_03/sub_12_01/result_predict_zero[1][6]' driven by pin 'fp_add_03/sub_12_01/GEN_CLA8[1].CLA8_0/result[6]' has no loads. (LINT-2)
Warning: In design 'mul', net 'fp_add_03/sub_12_01/result_predict_zero[1][7]' driven by pin 'fp_add_03/sub_12_01/GEN_CLA8[1].CLA8_0/result[7]' has no loads. (LINT-2)
Warning: In design 'mul', net 'fp_add_03/sub_12_01/result_predict_zero[1][8]' driven by pin 'fp_add_03/sub_12_01/GEN_CLA8[1].CLA8_0/result[8]' has no loads. (LINT-2)
Warning: In design 'mul', net 'fp_add_03/sub_12_00/result_predict_one[1][4]' driven by pin 'fp_add_03/sub_12_00/GEN_CLA8[1].CLA8_1/result[4]' has no loads. (LINT-2)
Warning: In design 'mul', net 'fp_add_03/sub_12_00/result_predict_one[1][5]' driven by pin 'fp_add_03/sub_12_00/GEN_CLA8[1].CLA8_1/result[5]' has no loads. (LINT-2)
Warning: In design 'mul', net 'fp_add_03/sub_12_00/result_predict_one[1][6]' driven by pin 'fp_add_03/sub_12_00/GEN_CLA8[1].CLA8_1/result[6]' has no loads. (LINT-2)
Warning: In design 'mul', net 'fp_add_03/sub_12_00/result_predict_one[1][7]' driven by pin 'fp_add_03/sub_12_00/GEN_CLA8[1].CLA8_1/result[7]' has no loads. (LINT-2)
Warning: In design 'mul', net 'fp_add_03/sub_12_00/result_predict_one[1][8]' driven by pin 'fp_add_03/sub_12_00/GEN_CLA8[1].CLA8_1/result[8]' has no loads. (LINT-2)
Warning: In design 'mul', net 'fp_add_03/sub_12_00/result_predict_zero[1][4]' driven by pin 'fp_add_03/sub_12_00/GEN_CLA8[1].CLA8_0/result[4]' has no loads. (LINT-2)
Warning: In design 'mul', net 'fp_add_03/sub_12_00/result_predict_zero[1][5]' driven by pin 'fp_add_03/sub_12_00/GEN_CLA8[1].CLA8_0/result[5]' has no loads. (LINT-2)
Warning: In design 'mul', net 'fp_add_03/sub_12_00/result_predict_zero[1][6]' driven by pin 'fp_add_03/sub_12_00/GEN_CLA8[1].CLA8_0/result[6]' has no loads. (LINT-2)
Warning: In design 'mul', net 'fp_add_03/sub_12_00/result_predict_zero[1][7]' driven by pin 'fp_add_03/sub_12_00/GEN_CLA8[1].CLA8_0/result[7]' has no loads. (LINT-2)
Warning: In design 'mul', net 'fp_add_03/sub_12_00/result_predict_zero[1][8]' driven by pin 'fp_add_03/sub_12_00/GEN_CLA8[1].CLA8_0/result[8]' has no loads. (LINT-2)
Warning: In design 'mul', net 'fp_add_02/sub_12_01/result_predict_one[1][4]' driven by pin 'fp_add_02/sub_12_01/GEN_CLA8[1].CLA8_1/result[4]' has no loads. (LINT-2)
Warning: In design 'mul', net 'fp_add_02/sub_12_01/result_predict_one[1][5]' driven by pin 'fp_add_02/sub_12_01/GEN_CLA8[1].CLA8_1/result[5]' has no loads. (LINT-2)
Warning: In design 'mul', net 'fp_add_02/sub_12_01/result_predict_one[1][6]' driven by pin 'fp_add_02/sub_12_01/GEN_CLA8[1].CLA8_1/result[6]' has no loads. (LINT-2)
Warning: In design 'mul', net 'fp_add_02/sub_12_01/result_predict_one[1][7]' driven by pin 'fp_add_02/sub_12_01/GEN_CLA8[1].CLA8_1/result[7]' has no loads. (LINT-2)
Warning: In design 'mul', net 'fp_add_02/sub_12_01/result_predict_one[1][8]' driven by pin 'fp_add_02/sub_12_01/GEN_CLA8[1].CLA8_1/result[8]' has no loads. (LINT-2)
Warning: In design 'mul', net 'fp_add_02/sub_12_01/result_predict_zero[1][4]' driven by pin 'fp_add_02/sub_12_01/GEN_CLA8[1].CLA8_0/result[4]' has no loads. (LINT-2)
Warning: In design 'mul', net 'fp_add_02/sub_12_01/result_predict_zero[1][5]' driven by pin 'fp_add_02/sub_12_01/GEN_CLA8[1].CLA8_0/result[5]' has no loads. (LINT-2)
Warning: In design 'mul', net 'fp_add_02/sub_12_01/result_predict_zero[1][6]' driven by pin 'fp_add_02/sub_12_01/GEN_CLA8[1].CLA8_0/result[6]' has no loads. (LINT-2)
Warning: In design 'mul', net 'fp_add_02/sub_12_01/result_predict_zero[1][7]' driven by pin 'fp_add_02/sub_12_01/GEN_CLA8[1].CLA8_0/result[7]' has no loads. (LINT-2)
Warning: In design 'mul', net 'fp_add_02/sub_12_01/result_predict_zero[1][8]' driven by pin 'fp_add_02/sub_12_01/GEN_CLA8[1].CLA8_0/result[8]' has no loads. (LINT-2)
Warning: In design 'mul', net 'fp_add_02/sub_12_00/result_predict_one[1][4]' driven by pin 'fp_add_02/sub_12_00/GEN_CLA8[1].CLA8_1/result[4]' has no loads. (LINT-2)
Warning: In design 'mul', net 'fp_add_02/sub_12_00/result_predict_one[1][5]' driven by pin 'fp_add_02/sub_12_00/GEN_CLA8[1].CLA8_1/result[5]' has no loads. (LINT-2)
Warning: In design 'mul', net 'fp_add_02/sub_12_00/result_predict_one[1][6]' driven by pin 'fp_add_02/sub_12_00/GEN_CLA8[1].CLA8_1/result[6]' has no loads. (LINT-2)
Warning: In design 'mul', net 'fp_add_02/sub_12_00/result_predict_one[1][7]' driven by pin 'fp_add_02/sub_12_00/GEN_CLA8[1].CLA8_1/result[7]' has no loads. (LINT-2)
Warning: In design 'mul', net 'fp_add_02/sub_12_00/result_predict_one[1][8]' driven by pin 'fp_add_02/sub_12_00/GEN_CLA8[1].CLA8_1/result[8]' has no loads. (LINT-2)
Warning: In design 'mul', net 'fp_add_02/sub_12_00/result_predict_zero[1][4]' driven by pin 'fp_add_02/sub_12_00/GEN_CLA8[1].CLA8_0/result[4]' has no loads. (LINT-2)
Warning: In design 'mul', net 'fp_add_02/sub_12_00/result_predict_zero[1][5]' driven by pin 'fp_add_02/sub_12_00/GEN_CLA8[1].CLA8_0/result[5]' has no loads. (LINT-2)
Warning: In design 'mul', net 'fp_add_02/sub_12_00/result_predict_zero[1][6]' driven by pin 'fp_add_02/sub_12_00/GEN_CLA8[1].CLA8_0/result[6]' has no loads. (LINT-2)
Warning: In design 'mul', net 'fp_add_02/sub_12_00/result_predict_zero[1][7]' driven by pin 'fp_add_02/sub_12_00/GEN_CLA8[1].CLA8_0/result[7]' has no loads. (LINT-2)
Warning: In design 'mul', net 'fp_add_02/sub_12_00/result_predict_zero[1][8]' driven by pin 'fp_add_02/sub_12_00/GEN_CLA8[1].CLA8_0/result[8]' has no loads. (LINT-2)
Warning: In design 'mul', net 'fp_add_01/sub_12_01/result_predict_one[1][4]' driven by pin 'fp_add_01/sub_12_01/GEN_CLA8[1].CLA8_1/result[4]' has no loads. (LINT-2)
Warning: In design 'mul', net 'fp_add_01/sub_12_01/result_predict_one[1][5]' driven by pin 'fp_add_01/sub_12_01/GEN_CLA8[1].CLA8_1/result[5]' has no loads. (LINT-2)
Warning: In design 'mul', net 'fp_add_01/sub_12_01/result_predict_one[1][6]' driven by pin 'fp_add_01/sub_12_01/GEN_CLA8[1].CLA8_1/result[6]' has no loads. (LINT-2)
Warning: In design 'mul', net 'fp_add_01/sub_12_01/result_predict_one[1][7]' driven by pin 'fp_add_01/sub_12_01/GEN_CLA8[1].CLA8_1/result[7]' has no loads. (LINT-2)
Warning: In design 'mul', net 'fp_add_01/sub_12_01/result_predict_one[1][8]' driven by pin 'fp_add_01/sub_12_01/GEN_CLA8[1].CLA8_1/result[8]' has no loads. (LINT-2)
Warning: In design 'mul', net 'fp_add_01/sub_12_01/result_predict_zero[1][4]' driven by pin 'fp_add_01/sub_12_01/GEN_CLA8[1].CLA8_0/result[4]' has no loads. (LINT-2)
Warning: In design 'mul', net 'fp_add_01/sub_12_01/result_predict_zero[1][5]' driven by pin 'fp_add_01/sub_12_01/GEN_CLA8[1].CLA8_0/result[5]' has no loads. (LINT-2)
Warning: In design 'mul', net 'fp_add_01/sub_12_01/result_predict_zero[1][6]' driven by pin 'fp_add_01/sub_12_01/GEN_CLA8[1].CLA8_0/result[6]' has no loads. (LINT-2)
Warning: In design 'mul', net 'fp_add_01/sub_12_01/result_predict_zero[1][7]' driven by pin 'fp_add_01/sub_12_01/GEN_CLA8[1].CLA8_0/result[7]' has no loads. (LINT-2)
Warning: In design 'mul', net 'fp_add_01/sub_12_01/result_predict_zero[1][8]' driven by pin 'fp_add_01/sub_12_01/GEN_CLA8[1].CLA8_0/result[8]' has no loads. (LINT-2)
Warning: In design 'mul', net 'fp_add_05/add_58_00/result_predict_one[7][2]' driven by pin 'fp_add_05/add_58_00/GEN_CLA8[7].CLA8_1/result[2]' has no loads. (LINT-2)
Warning: In design 'mul', net 'fp_add_05/add_58_00/result_predict_one[7][3]' driven by pin 'fp_add_05/add_58_00/GEN_CLA8[7].CLA8_1/result[3]' has no loads. (LINT-2)
Warning: In design 'mul', net 'fp_add_05/add_58_00/result_predict_one[7][4]' driven by pin 'fp_add_05/add_58_00/GEN_CLA8[7].CLA8_1/result[4]' has no loads. (LINT-2)
Warning: In design 'mul', net 'fp_add_05/add_58_00/result_predict_one[7][5]' driven by pin 'fp_add_05/add_58_00/GEN_CLA8[7].CLA8_1/result[5]' has no loads. (LINT-2)
Warning: In design 'mul', net 'fp_add_05/add_58_00/result_predict_one[7][6]' driven by pin 'fp_add_05/add_58_00/GEN_CLA8[7].CLA8_1/result[6]' has no loads. (LINT-2)
Warning: In design 'mul', net 'fp_add_05/add_58_00/result_predict_one[7][7]' driven by pin 'fp_add_05/add_58_00/GEN_CLA8[7].CLA8_1/result[7]' has no loads. (LINT-2)
Warning: In design 'mul', net 'fp_add_05/add_58_00/result_predict_one[7][8]' driven by pin 'fp_add_05/add_58_00/GEN_CLA8[7].CLA8_1/result[8]' has no loads. (LINT-2)
Warning: In design 'mul', net 'fp_add_05/add_58_00/result_predict_zero[7][2]' driven by pin 'fp_add_05/add_58_00/GEN_CLA8[7].CLA8_0/result[2]' has no loads. (LINT-2)
Warning: In design 'mul', net 'fp_add_05/add_58_00/result_predict_zero[7][3]' driven by pin 'fp_add_05/add_58_00/GEN_CLA8[7].CLA8_0/result[3]' has no loads. (LINT-2)
Warning: In design 'mul', net 'fp_add_05/add_58_00/result_predict_zero[7][4]' driven by pin 'fp_add_05/add_58_00/GEN_CLA8[7].CLA8_0/result[4]' has no loads. (LINT-2)
Warning: In design 'mul', net 'fp_add_05/add_58_00/result_predict_zero[7][5]' driven by pin 'fp_add_05/add_58_00/GEN_CLA8[7].CLA8_0/result[5]' has no loads. (LINT-2)
Warning: In design 'mul', net 'fp_add_05/add_58_00/result_predict_zero[7][6]' driven by pin 'fp_add_05/add_58_00/GEN_CLA8[7].CLA8_0/result[6]' has no loads. (LINT-2)
Warning: In design 'mul', net 'fp_add_05/add_58_00/result_predict_zero[7][7]' driven by pin 'fp_add_05/add_58_00/GEN_CLA8[7].CLA8_0/result[7]' has no loads. (LINT-2)
Warning: In design 'mul', net 'fp_add_05/add_58_00/result_predict_zero[7][8]' driven by pin 'fp_add_05/add_58_00/GEN_CLA8[7].CLA8_0/result[8]' has no loads. (LINT-2)
Warning: In design 'mul', net 'fp_add_04/add_58_00/result_predict_one[7][2]' driven by pin 'fp_add_04/add_58_00/GEN_CLA8[7].CLA8_1/result[2]' has no loads. (LINT-2)
Warning: In design 'mul', net 'fp_add_04/add_58_00/result_predict_one[7][3]' driven by pin 'fp_add_04/add_58_00/GEN_CLA8[7].CLA8_1/result[3]' has no loads. (LINT-2)
Warning: In design 'mul', net 'fp_add_04/add_58_00/result_predict_one[7][4]' driven by pin 'fp_add_04/add_58_00/GEN_CLA8[7].CLA8_1/result[4]' has no loads. (LINT-2)
Warning: In design 'mul', net 'fp_add_04/add_58_00/result_predict_one[7][5]' driven by pin 'fp_add_04/add_58_00/GEN_CLA8[7].CLA8_1/result[5]' has no loads. (LINT-2)
Warning: In design 'mul', net 'fp_add_04/add_58_00/result_predict_one[7][6]' driven by pin 'fp_add_04/add_58_00/GEN_CLA8[7].CLA8_1/result[6]' has no loads. (LINT-2)
Warning: In design 'mul', net 'fp_add_04/add_58_00/result_predict_one[7][7]' driven by pin 'fp_add_04/add_58_00/GEN_CLA8[7].CLA8_1/result[7]' has no loads. (LINT-2)
Warning: In design 'mul', net 'fp_add_04/add_58_00/result_predict_one[7][8]' driven by pin 'fp_add_04/add_58_00/GEN_CLA8[7].CLA8_1/result[8]' has no loads. (LINT-2)
Warning: In design 'mul', net 'fp_add_04/add_58_00/result_predict_zero[7][2]' driven by pin 'fp_add_04/add_58_00/GEN_CLA8[7].CLA8_0/result[2]' has no loads. (LINT-2)
Warning: In design 'mul', net 'fp_add_04/add_58_00/result_predict_zero[7][3]' driven by pin 'fp_add_04/add_58_00/GEN_CLA8[7].CLA8_0/result[3]' has no loads. (LINT-2)
Warning: In design 'mul', net 'fp_add_04/add_58_00/result_predict_zero[7][4]' driven by pin 'fp_add_04/add_58_00/GEN_CLA8[7].CLA8_0/result[4]' has no loads. (LINT-2)
Warning: In design 'mul', net 'fp_add_04/add_58_00/result_predict_zero[7][5]' driven by pin 'fp_add_04/add_58_00/GEN_CLA8[7].CLA8_0/result[5]' has no loads. (LINT-2)
Warning: In design 'mul', net 'fp_add_04/add_58_00/result_predict_zero[7][6]' driven by pin 'fp_add_04/add_58_00/GEN_CLA8[7].CLA8_0/result[6]' has no loads. (LINT-2)
Warning: In design 'mul', net 'fp_add_04/add_58_00/result_predict_zero[7][7]' driven by pin 'fp_add_04/add_58_00/GEN_CLA8[7].CLA8_0/result[7]' has no loads. (LINT-2)
Warning: In design 'mul', net 'fp_add_04/add_58_00/result_predict_zero[7][8]' driven by pin 'fp_add_04/add_58_00/GEN_CLA8[7].CLA8_0/result[8]' has no loads. (LINT-2)
Warning: In design 'mul', net 'fp_add_03/add_58_00/result_predict_one[7][2]' driven by pin 'fp_add_03/add_58_00/GEN_CLA8[7].CLA8_1/result[2]' has no loads. (LINT-2)
Warning: In design 'mul', net 'fp_add_03/add_58_00/result_predict_one[7][3]' driven by pin 'fp_add_03/add_58_00/GEN_CLA8[7].CLA8_1/result[3]' has no loads. (LINT-2)
Warning: In design 'mul', net 'fp_add_03/add_58_00/result_predict_one[7][4]' driven by pin 'fp_add_03/add_58_00/GEN_CLA8[7].CLA8_1/result[4]' has no loads. (LINT-2)
Warning: In design 'mul', net 'fp_add_03/add_58_00/result_predict_one[7][5]' driven by pin 'fp_add_03/add_58_00/GEN_CLA8[7].CLA8_1/result[5]' has no loads. (LINT-2)
Warning: In design 'mul', net 'fp_add_03/add_58_00/result_predict_one[7][6]' driven by pin 'fp_add_03/add_58_00/GEN_CLA8[7].CLA8_1/result[6]' has no loads. (LINT-2)
Warning: In design 'mul', net 'fp_add_03/add_58_00/result_predict_one[7][7]' driven by pin 'fp_add_03/add_58_00/GEN_CLA8[7].CLA8_1/result[7]' has no loads. (LINT-2)
Warning: In design 'mul', net 'fp_add_03/add_58_00/result_predict_one[7][8]' driven by pin 'fp_add_03/add_58_00/GEN_CLA8[7].CLA8_1/result[8]' has no loads. (LINT-2)
Warning: In design 'mul', net 'fp_add_03/add_58_00/result_predict_zero[7][2]' driven by pin 'fp_add_03/add_58_00/GEN_CLA8[7].CLA8_0/result[2]' has no loads. (LINT-2)
Warning: In design 'mul', net 'fp_add_03/add_58_00/result_predict_zero[7][3]' driven by pin 'fp_add_03/add_58_00/GEN_CLA8[7].CLA8_0/result[3]' has no loads. (LINT-2)
Warning: In design 'mul', net 'fp_add_03/add_58_00/result_predict_zero[7][4]' driven by pin 'fp_add_03/add_58_00/GEN_CLA8[7].CLA8_0/result[4]' has no loads. (LINT-2)
Warning: In design 'mul', net 'fp_add_03/add_58_00/result_predict_zero[7][5]' driven by pin 'fp_add_03/add_58_00/GEN_CLA8[7].CLA8_0/result[5]' has no loads. (LINT-2)
Warning: In design 'mul', net 'fp_add_03/add_58_00/result_predict_zero[7][6]' driven by pin 'fp_add_03/add_58_00/GEN_CLA8[7].CLA8_0/result[6]' has no loads. (LINT-2)
Warning: In design 'mul', net 'fp_add_03/add_58_00/result_predict_zero[7][7]' driven by pin 'fp_add_03/add_58_00/GEN_CLA8[7].CLA8_0/result[7]' has no loads. (LINT-2)
Warning: In design 'mul', net 'fp_add_03/add_58_00/result_predict_zero[7][8]' driven by pin 'fp_add_03/add_58_00/GEN_CLA8[7].CLA8_0/result[8]' has no loads. (LINT-2)
Warning: In design 'mul', net 'fp_add_02/add_58_00/result_predict_one[7][2]' driven by pin 'fp_add_02/add_58_00/GEN_CLA8[7].CLA8_1/result[2]' has no loads. (LINT-2)
Warning: In design 'mul', net 'fp_add_02/add_58_00/result_predict_one[7][3]' driven by pin 'fp_add_02/add_58_00/GEN_CLA8[7].CLA8_1/result[3]' has no loads. (LINT-2)
Warning: In design 'mul', net 'fp_add_02/add_58_00/result_predict_one[7][4]' driven by pin 'fp_add_02/add_58_00/GEN_CLA8[7].CLA8_1/result[4]' has no loads. (LINT-2)
Warning: In design 'mul', net 'fp_add_02/add_58_00/result_predict_one[7][5]' driven by pin 'fp_add_02/add_58_00/GEN_CLA8[7].CLA8_1/result[5]' has no loads. (LINT-2)
Warning: In design 'mul', net 'fp_add_02/add_58_00/result_predict_one[7][6]' driven by pin 'fp_add_02/add_58_00/GEN_CLA8[7].CLA8_1/result[6]' has no loads. (LINT-2)
Warning: In design 'mul', net 'fp_add_02/add_58_00/result_predict_one[7][7]' driven by pin 'fp_add_02/add_58_00/GEN_CLA8[7].CLA8_1/result[7]' has no loads. (LINT-2)
Warning: In design 'mul', net 'fp_add_02/add_58_00/result_predict_one[7][8]' driven by pin 'fp_add_02/add_58_00/GEN_CLA8[7].CLA8_1/result[8]' has no loads. (LINT-2)
Warning: In design 'mul', net 'fp_add_02/add_58_00/result_predict_zero[7][2]' driven by pin 'fp_add_02/add_58_00/GEN_CLA8[7].CLA8_0/result[2]' has no loads. (LINT-2)
Warning: In design 'mul', net 'fp_add_02/add_58_00/result_predict_zero[7][3]' driven by pin 'fp_add_02/add_58_00/GEN_CLA8[7].CLA8_0/result[3]' has no loads. (LINT-2)
Warning: In design 'mul', net 'fp_add_02/add_58_00/result_predict_zero[7][4]' driven by pin 'fp_add_02/add_58_00/GEN_CLA8[7].CLA8_0/result[4]' has no loads. (LINT-2)
Warning: In design 'mul', net 'fp_add_02/add_58_00/result_predict_zero[7][5]' driven by pin 'fp_add_02/add_58_00/GEN_CLA8[7].CLA8_0/result[5]' has no loads. (LINT-2)
Warning: In design 'mul', net 'fp_add_02/add_58_00/result_predict_zero[7][6]' driven by pin 'fp_add_02/add_58_00/GEN_CLA8[7].CLA8_0/result[6]' has no loads. (LINT-2)
Warning: In design 'mul', net 'fp_add_02/add_58_00/result_predict_zero[7][7]' driven by pin 'fp_add_02/add_58_00/GEN_CLA8[7].CLA8_0/result[7]' has no loads. (LINT-2)
Warning: In design 'mul', net 'fp_add_02/add_58_00/result_predict_zero[7][8]' driven by pin 'fp_add_02/add_58_00/GEN_CLA8[7].CLA8_0/result[8]' has no loads. (LINT-2)
Warning: In design 'mul', net 'fp_add_05/sub_58_00/result_predict_one[7][2]' driven by pin 'fp_add_05/sub_58_00/GEN_CLA8[7].CLA8_1/result[2]' has no loads. (LINT-2)
Warning: In design 'mul', net 'fp_add_05/sub_58_00/result_predict_one[7][3]' driven by pin 'fp_add_05/sub_58_00/GEN_CLA8[7].CLA8_1/result[3]' has no loads. (LINT-2)
Warning: In design 'mul', net 'fp_add_05/sub_58_00/result_predict_one[7][4]' driven by pin 'fp_add_05/sub_58_00/GEN_CLA8[7].CLA8_1/result[4]' has no loads. (LINT-2)
Warning: In design 'mul', net 'fp_add_05/sub_58_00/result_predict_one[7][5]' driven by pin 'fp_add_05/sub_58_00/GEN_CLA8[7].CLA8_1/result[5]' has no loads. (LINT-2)
Warning: In design 'mul', net 'fp_add_05/sub_58_00/result_predict_one[7][6]' driven by pin 'fp_add_05/sub_58_00/GEN_CLA8[7].CLA8_1/result[6]' has no loads. (LINT-2)
Warning: In design 'mul', net 'fp_add_05/sub_58_00/result_predict_one[7][7]' driven by pin 'fp_add_05/sub_58_00/GEN_CLA8[7].CLA8_1/result[7]' has no loads. (LINT-2)
Warning: In design 'mul', net 'fp_add_05/sub_58_00/result_predict_one[7][8]' driven by pin 'fp_add_05/sub_58_00/GEN_CLA8[7].CLA8_1/result[8]' has no loads. (LINT-2)
Warning: In design 'mul', net 'fp_add_05/sub_58_00/result_predict_zero[7][2]' driven by pin 'fp_add_05/sub_58_00/GEN_CLA8[7].CLA8_0/result[2]' has no loads. (LINT-2)
Warning: In design 'mul', net 'fp_add_05/sub_58_00/result_predict_zero[7][3]' driven by pin 'fp_add_05/sub_58_00/GEN_CLA8[7].CLA8_0/result[3]' has no loads. (LINT-2)
Warning: In design 'mul', net 'fp_add_05/sub_58_00/result_predict_zero[7][4]' driven by pin 'fp_add_05/sub_58_00/GEN_CLA8[7].CLA8_0/result[4]' has no loads. (LINT-2)
Warning: In design 'mul', net 'fp_add_05/sub_58_00/result_predict_zero[7][5]' driven by pin 'fp_add_05/sub_58_00/GEN_CLA8[7].CLA8_0/result[5]' has no loads. (LINT-2)
Warning: In design 'mul', net 'fp_add_05/sub_58_00/result_predict_zero[7][6]' driven by pin 'fp_add_05/sub_58_00/GEN_CLA8[7].CLA8_0/result[6]' has no loads. (LINT-2)
Warning: In design 'mul', net 'fp_add_05/sub_58_00/result_predict_zero[7][7]' driven by pin 'fp_add_05/sub_58_00/GEN_CLA8[7].CLA8_0/result[7]' has no loads. (LINT-2)
Warning: In design 'mul', net 'fp_add_05/sub_58_00/result_predict_zero[7][8]' driven by pin 'fp_add_05/sub_58_00/GEN_CLA8[7].CLA8_0/result[8]' has no loads. (LINT-2)
Warning: In design 'mul', net 'fp_add_04/sub_58_00/result_predict_one[7][2]' driven by pin 'fp_add_04/sub_58_00/GEN_CLA8[7].CLA8_1/result[2]' has no loads. (LINT-2)
Warning: In design 'mul', net 'fp_add_04/sub_58_00/result_predict_one[7][3]' driven by pin 'fp_add_04/sub_58_00/GEN_CLA8[7].CLA8_1/result[3]' has no loads. (LINT-2)
Warning: In design 'mul', net 'fp_add_04/sub_58_00/result_predict_one[7][4]' driven by pin 'fp_add_04/sub_58_00/GEN_CLA8[7].CLA8_1/result[4]' has no loads. (LINT-2)
Warning: In design 'mul', net 'fp_add_04/sub_58_00/result_predict_one[7][5]' driven by pin 'fp_add_04/sub_58_00/GEN_CLA8[7].CLA8_1/result[5]' has no loads. (LINT-2)
Warning: In design 'mul', net 'fp_add_04/sub_58_00/result_predict_one[7][6]' driven by pin 'fp_add_04/sub_58_00/GEN_CLA8[7].CLA8_1/result[6]' has no loads. (LINT-2)
Warning: In design 'mul', net 'fp_add_04/sub_58_00/result_predict_one[7][7]' driven by pin 'fp_add_04/sub_58_00/GEN_CLA8[7].CLA8_1/result[7]' has no loads. (LINT-2)
Warning: In design 'mul', net 'fp_add_04/sub_58_00/result_predict_one[7][8]' driven by pin 'fp_add_04/sub_58_00/GEN_CLA8[7].CLA8_1/result[8]' has no loads. (LINT-2)
Warning: In design 'mul', net 'fp_add_04/sub_58_00/result_predict_zero[7][2]' driven by pin 'fp_add_04/sub_58_00/GEN_CLA8[7].CLA8_0/result[2]' has no loads. (LINT-2)
Warning: In design 'mul', net 'fp_add_04/sub_58_00/result_predict_zero[7][3]' driven by pin 'fp_add_04/sub_58_00/GEN_CLA8[7].CLA8_0/result[3]' has no loads. (LINT-2)
Warning: In design 'mul', net 'fp_add_04/sub_58_00/result_predict_zero[7][4]' driven by pin 'fp_add_04/sub_58_00/GEN_CLA8[7].CLA8_0/result[4]' has no loads. (LINT-2)
Warning: In design 'mul', net 'fp_add_04/sub_58_00/result_predict_zero[7][5]' driven by pin 'fp_add_04/sub_58_00/GEN_CLA8[7].CLA8_0/result[5]' has no loads. (LINT-2)
Warning: In design 'mul', net 'fp_add_04/sub_58_00/result_predict_zero[7][6]' driven by pin 'fp_add_04/sub_58_00/GEN_CLA8[7].CLA8_0/result[6]' has no loads. (LINT-2)
Warning: In design 'mul', net 'fp_add_04/sub_58_00/result_predict_zero[7][7]' driven by pin 'fp_add_04/sub_58_00/GEN_CLA8[7].CLA8_0/result[7]' has no loads. (LINT-2)
Warning: In design 'mul', net 'fp_add_04/sub_58_00/result_predict_zero[7][8]' driven by pin 'fp_add_04/sub_58_00/GEN_CLA8[7].CLA8_0/result[8]' has no loads. (LINT-2)
Warning: In design 'mul', net 'fp_add_03/sub_58_00/result_predict_one[7][2]' driven by pin 'fp_add_03/sub_58_00/GEN_CLA8[7].CLA8_1/result[2]' has no loads. (LINT-2)
Warning: In design 'mul', net 'fp_add_03/sub_58_00/result_predict_one[7][3]' driven by pin 'fp_add_03/sub_58_00/GEN_CLA8[7].CLA8_1/result[3]' has no loads. (LINT-2)
Warning: In design 'mul', net 'fp_add_03/sub_58_00/result_predict_one[7][4]' driven by pin 'fp_add_03/sub_58_00/GEN_CLA8[7].CLA8_1/result[4]' has no loads. (LINT-2)
Warning: In design 'mul', net 'fp_add_03/sub_58_00/result_predict_one[7][5]' driven by pin 'fp_add_03/sub_58_00/GEN_CLA8[7].CLA8_1/result[5]' has no loads. (LINT-2)
Warning: In design 'mul', net 'fp_add_03/sub_58_00/result_predict_one[7][6]' driven by pin 'fp_add_03/sub_58_00/GEN_CLA8[7].CLA8_1/result[6]' has no loads. (LINT-2)
Warning: In design 'mul', net 'fp_add_03/sub_58_00/result_predict_one[7][7]' driven by pin 'fp_add_03/sub_58_00/GEN_CLA8[7].CLA8_1/result[7]' has no loads. (LINT-2)
Warning: In design 'mul', net 'fp_add_03/sub_58_00/result_predict_one[7][8]' driven by pin 'fp_add_03/sub_58_00/GEN_CLA8[7].CLA8_1/result[8]' has no loads. (LINT-2)
Warning: In design 'mul', net 'fp_add_03/sub_58_00/result_predict_zero[7][2]' driven by pin 'fp_add_03/sub_58_00/GEN_CLA8[7].CLA8_0/result[2]' has no loads. (LINT-2)
Warning: In design 'mul', net 'fp_add_03/sub_58_00/result_predict_zero[7][3]' driven by pin 'fp_add_03/sub_58_00/GEN_CLA8[7].CLA8_0/result[3]' has no loads. (LINT-2)
Warning: In design 'mul', net 'fp_add_03/sub_58_00/result_predict_zero[7][4]' driven by pin 'fp_add_03/sub_58_00/GEN_CLA8[7].CLA8_0/result[4]' has no loads. (LINT-2)
Warning: In design 'mul', net 'fp_add_03/sub_58_00/result_predict_zero[7][5]' driven by pin 'fp_add_03/sub_58_00/GEN_CLA8[7].CLA8_0/result[5]' has no loads. (LINT-2)
Warning: In design 'mul', net 'fp_add_03/sub_58_00/result_predict_zero[7][6]' driven by pin 'fp_add_03/sub_58_00/GEN_CLA8[7].CLA8_0/result[6]' has no loads. (LINT-2)
Warning: In design 'mul', net 'fp_add_03/sub_58_00/result_predict_zero[7][7]' driven by pin 'fp_add_03/sub_58_00/GEN_CLA8[7].CLA8_0/result[7]' has no loads. (LINT-2)
Warning: In design 'mul', net 'fp_add_03/sub_58_00/result_predict_zero[7][8]' driven by pin 'fp_add_03/sub_58_00/GEN_CLA8[7].CLA8_0/result[8]' has no loads. (LINT-2)
Warning: In design 'mul', net 'fp_add_02/sub_58_00/result_predict_one[7][2]' driven by pin 'fp_add_02/sub_58_00/GEN_CLA8[7].CLA8_1/result[2]' has no loads. (LINT-2)
Warning: In design 'mul', net 'fp_add_02/sub_58_00/result_predict_one[7][3]' driven by pin 'fp_add_02/sub_58_00/GEN_CLA8[7].CLA8_1/result[3]' has no loads. (LINT-2)
Warning: In design 'mul', net 'fp_add_02/sub_58_00/result_predict_one[7][4]' driven by pin 'fp_add_02/sub_58_00/GEN_CLA8[7].CLA8_1/result[4]' has no loads. (LINT-2)
Warning: In design 'mul', net 'fp_add_02/sub_58_00/result_predict_one[7][5]' driven by pin 'fp_add_02/sub_58_00/GEN_CLA8[7].CLA8_1/result[5]' has no loads. (LINT-2)
Warning: In design 'mul', net 'fp_add_02/sub_58_00/result_predict_one[7][6]' driven by pin 'fp_add_02/sub_58_00/GEN_CLA8[7].CLA8_1/result[6]' has no loads. (LINT-2)
Warning: In design 'mul', net 'fp_add_02/sub_58_00/result_predict_one[7][7]' driven by pin 'fp_add_02/sub_58_00/GEN_CLA8[7].CLA8_1/result[7]' has no loads. (LINT-2)
Warning: In design 'mul', net 'fp_add_02/sub_58_00/result_predict_one[7][8]' driven by pin 'fp_add_02/sub_58_00/GEN_CLA8[7].CLA8_1/result[8]' has no loads. (LINT-2)
Warning: In design 'mul', net 'fp_add_02/sub_58_00/result_predict_zero[7][2]' driven by pin 'fp_add_02/sub_58_00/GEN_CLA8[7].CLA8_0/result[2]' has no loads. (LINT-2)
Warning: In design 'mul', net 'fp_add_02/sub_58_00/result_predict_zero[7][3]' driven by pin 'fp_add_02/sub_58_00/GEN_CLA8[7].CLA8_0/result[3]' has no loads. (LINT-2)
Warning: In design 'mul', net 'fp_add_02/sub_58_00/result_predict_zero[7][4]' driven by pin 'fp_add_02/sub_58_00/GEN_CLA8[7].CLA8_0/result[4]' has no loads. (LINT-2)
Warning: In design 'mul', net 'fp_add_02/sub_58_00/result_predict_zero[7][5]' driven by pin 'fp_add_02/sub_58_00/GEN_CLA8[7].CLA8_0/result[5]' has no loads. (LINT-2)
Warning: In design 'mul', net 'fp_add_02/sub_58_00/result_predict_zero[7][6]' driven by pin 'fp_add_02/sub_58_00/GEN_CLA8[7].CLA8_0/result[6]' has no loads. (LINT-2)
Warning: In design 'mul', net 'fp_add_02/sub_58_00/result_predict_zero[7][7]' driven by pin 'fp_add_02/sub_58_00/GEN_CLA8[7].CLA8_0/result[7]' has no loads. (LINT-2)
Warning: In design 'mul', net 'fp_add_02/sub_58_00/result_predict_zero[7][8]' driven by pin 'fp_add_02/sub_58_00/GEN_CLA8[7].CLA8_0/result[8]' has no loads. (LINT-2)
Warning: In design 'mul', net 'fp_add_05/add_11_01/result_predict_one[1][4]' driven by pin 'fp_add_05/add_11_01/GEN_CLA8[1].CLA8_1/result[4]' has no loads. (LINT-2)
Warning: In design 'mul', net 'fp_add_05/add_11_01/result_predict_one[1][5]' driven by pin 'fp_add_05/add_11_01/GEN_CLA8[1].CLA8_1/result[5]' has no loads. (LINT-2)
Warning: In design 'mul', net 'fp_add_05/add_11_01/result_predict_one[1][6]' driven by pin 'fp_add_05/add_11_01/GEN_CLA8[1].CLA8_1/result[6]' has no loads. (LINT-2)
Warning: In design 'mul', net 'fp_add_05/add_11_01/result_predict_one[1][7]' driven by pin 'fp_add_05/add_11_01/GEN_CLA8[1].CLA8_1/result[7]' has no loads. (LINT-2)
Warning: In design 'mul', net 'fp_add_05/add_11_01/result_predict_one[1][8]' driven by pin 'fp_add_05/add_11_01/GEN_CLA8[1].CLA8_1/result[8]' has no loads. (LINT-2)
Warning: In design 'mul', net 'fp_add_05/add_11_01/result_predict_zero[1][4]' driven by pin 'fp_add_05/add_11_01/GEN_CLA8[1].CLA8_0/result[4]' has no loads. (LINT-2)
Warning: In design 'mul', net 'fp_add_05/add_11_01/result_predict_zero[1][5]' driven by pin 'fp_add_05/add_11_01/GEN_CLA8[1].CLA8_0/result[5]' has no loads. (LINT-2)
Warning: In design 'mul', net 'fp_add_05/add_11_01/result_predict_zero[1][6]' driven by pin 'fp_add_05/add_11_01/GEN_CLA8[1].CLA8_0/result[6]' has no loads. (LINT-2)
Warning: In design 'mul', net 'fp_add_05/add_11_01/result_predict_zero[1][7]' driven by pin 'fp_add_05/add_11_01/GEN_CLA8[1].CLA8_0/result[7]' has no loads. (LINT-2)
Warning: In design 'mul', net 'fp_add_05/add_11_01/result_predict_zero[1][8]' driven by pin 'fp_add_05/add_11_01/GEN_CLA8[1].CLA8_0/result[8]' has no loads. (LINT-2)
Warning: In design 'mul', net 'fp_add_05/add_11_00/result_predict_one[1][4]' driven by pin 'fp_add_05/add_11_00/GEN_CLA8[1].CLA8_1/result[4]' has no loads. (LINT-2)
Warning: In design 'mul', net 'fp_add_05/add_11_00/result_predict_one[1][5]' driven by pin 'fp_add_05/add_11_00/GEN_CLA8[1].CLA8_1/result[5]' has no loads. (LINT-2)
Warning: In design 'mul', net 'fp_add_05/add_11_00/result_predict_one[1][6]' driven by pin 'fp_add_05/add_11_00/GEN_CLA8[1].CLA8_1/result[6]' has no loads. (LINT-2)
Warning: In design 'mul', net 'fp_add_05/add_11_00/result_predict_one[1][7]' driven by pin 'fp_add_05/add_11_00/GEN_CLA8[1].CLA8_1/result[7]' has no loads. (LINT-2)
Warning: In design 'mul', net 'fp_add_05/add_11_00/result_predict_one[1][8]' driven by pin 'fp_add_05/add_11_00/GEN_CLA8[1].CLA8_1/result[8]' has no loads. (LINT-2)
Warning: In design 'mul', net 'fp_add_05/add_11_00/result_predict_zero[1][4]' driven by pin 'fp_add_05/add_11_00/GEN_CLA8[1].CLA8_0/result[4]' has no loads. (LINT-2)
Warning: In design 'mul', net 'fp_add_05/add_11_00/result_predict_zero[1][5]' driven by pin 'fp_add_05/add_11_00/GEN_CLA8[1].CLA8_0/result[5]' has no loads. (LINT-2)
Warning: In design 'mul', net 'fp_add_05/add_11_00/result_predict_zero[1][6]' driven by pin 'fp_add_05/add_11_00/GEN_CLA8[1].CLA8_0/result[6]' has no loads. (LINT-2)
Warning: In design 'mul', net 'fp_add_05/add_11_00/result_predict_zero[1][7]' driven by pin 'fp_add_05/add_11_00/GEN_CLA8[1].CLA8_0/result[7]' has no loads. (LINT-2)
Warning: In design 'mul', net 'fp_add_05/add_11_00/result_predict_zero[1][8]' driven by pin 'fp_add_05/add_11_00/GEN_CLA8[1].CLA8_0/result[8]' has no loads. (LINT-2)
Warning: In design 'mul', net 'fp_add_04/add_11_01/result_predict_one[1][4]' driven by pin 'fp_add_04/add_11_01/GEN_CLA8[1].CLA8_1/result[4]' has no loads. (LINT-2)
Warning: In design 'mul', net 'fp_add_04/add_11_01/result_predict_one[1][5]' driven by pin 'fp_add_04/add_11_01/GEN_CLA8[1].CLA8_1/result[5]' has no loads. (LINT-2)
Warning: In design 'mul', net 'fp_add_04/add_11_01/result_predict_one[1][6]' driven by pin 'fp_add_04/add_11_01/GEN_CLA8[1].CLA8_1/result[6]' has no loads. (LINT-2)
Warning: In design 'mul', net 'fp_add_04/add_11_01/result_predict_one[1][7]' driven by pin 'fp_add_04/add_11_01/GEN_CLA8[1].CLA8_1/result[7]' has no loads. (LINT-2)
Warning: In design 'mul', net 'fp_add_04/add_11_01/result_predict_one[1][8]' driven by pin 'fp_add_04/add_11_01/GEN_CLA8[1].CLA8_1/result[8]' has no loads. (LINT-2)
Warning: In design 'mul', net 'fp_add_04/add_11_01/result_predict_zero[1][4]' driven by pin 'fp_add_04/add_11_01/GEN_CLA8[1].CLA8_0/result[4]' has no loads. (LINT-2)
Warning: In design 'mul', net 'fp_add_04/add_11_01/result_predict_zero[1][5]' driven by pin 'fp_add_04/add_11_01/GEN_CLA8[1].CLA8_0/result[5]' has no loads. (LINT-2)
Warning: In design 'mul', net 'fp_add_04/add_11_01/result_predict_zero[1][6]' driven by pin 'fp_add_04/add_11_01/GEN_CLA8[1].CLA8_0/result[6]' has no loads. (LINT-2)
Warning: In design 'mul', net 'fp_add_04/add_11_01/result_predict_zero[1][7]' driven by pin 'fp_add_04/add_11_01/GEN_CLA8[1].CLA8_0/result[7]' has no loads. (LINT-2)
Warning: In design 'mul', net 'fp_add_04/add_11_01/result_predict_zero[1][8]' driven by pin 'fp_add_04/add_11_01/GEN_CLA8[1].CLA8_0/result[8]' has no loads. (LINT-2)
Warning: In design 'mul', net 'fp_add_04/add_11_00/result_predict_one[1][4]' driven by pin 'fp_add_04/add_11_00/GEN_CLA8[1].CLA8_1/result[4]' has no loads. (LINT-2)
Warning: In design 'mul', net 'fp_add_04/add_11_00/result_predict_one[1][5]' driven by pin 'fp_add_04/add_11_00/GEN_CLA8[1].CLA8_1/result[5]' has no loads. (LINT-2)
Warning: In design 'mul', net 'fp_add_04/add_11_00/result_predict_one[1][6]' driven by pin 'fp_add_04/add_11_00/GEN_CLA8[1].CLA8_1/result[6]' has no loads. (LINT-2)
Warning: In design 'mul', net 'fp_add_04/add_11_00/result_predict_one[1][7]' driven by pin 'fp_add_04/add_11_00/GEN_CLA8[1].CLA8_1/result[7]' has no loads. (LINT-2)
Warning: In design 'mul', net 'fp_add_04/add_11_00/result_predict_one[1][8]' driven by pin 'fp_add_04/add_11_00/GEN_CLA8[1].CLA8_1/result[8]' has no loads. (LINT-2)
Warning: In design 'mul', net 'fp_add_04/add_11_00/result_predict_zero[1][4]' driven by pin 'fp_add_04/add_11_00/GEN_CLA8[1].CLA8_0/result[4]' has no loads. (LINT-2)
Warning: In design 'mul', net 'fp_add_04/add_11_00/result_predict_zero[1][5]' driven by pin 'fp_add_04/add_11_00/GEN_CLA8[1].CLA8_0/result[5]' has no loads. (LINT-2)
Warning: In design 'mul', net 'fp_add_04/add_11_00/result_predict_zero[1][6]' driven by pin 'fp_add_04/add_11_00/GEN_CLA8[1].CLA8_0/result[6]' has no loads. (LINT-2)
Warning: In design 'mul', net 'fp_add_04/add_11_00/result_predict_zero[1][7]' driven by pin 'fp_add_04/add_11_00/GEN_CLA8[1].CLA8_0/result[7]' has no loads. (LINT-2)
Warning: In design 'mul', net 'fp_add_04/add_11_00/result_predict_zero[1][8]' driven by pin 'fp_add_04/add_11_00/GEN_CLA8[1].CLA8_0/result[8]' has no loads. (LINT-2)
Warning: In design 'mul', net 'exponent_op_C/add_11_0/result_predict_one[1][4]' driven by pin 'exponent_op_C/add_11_0/GEN_CLA8[1].CLA8_1/result[4]' has no loads. (LINT-2)
Warning: In design 'mul', net 'exponent_op_C/add_11_0/result_predict_one[1][5]' driven by pin 'exponent_op_C/add_11_0/GEN_CLA8[1].CLA8_1/result[5]' has no loads. (LINT-2)
Warning: In design 'mul', net 'exponent_op_C/add_11_0/result_predict_one[1][6]' driven by pin 'exponent_op_C/add_11_0/GEN_CLA8[1].CLA8_1/result[6]' has no loads. (LINT-2)
Warning: In design 'mul', net 'exponent_op_C/add_11_0/result_predict_one[1][7]' driven by pin 'exponent_op_C/add_11_0/GEN_CLA8[1].CLA8_1/result[7]' has no loads. (LINT-2)
Warning: In design 'mul', net 'exponent_op_C/add_11_0/result_predict_one[1][8]' driven by pin 'exponent_op_C/add_11_0/GEN_CLA8[1].CLA8_1/result[8]' has no loads. (LINT-2)
Warning: In design 'mul', net 'exponent_op_C/add_11_0/result_predict_zero[1][4]' driven by pin 'exponent_op_C/add_11_0/GEN_CLA8[1].CLA8_0/result[4]' has no loads. (LINT-2)
Warning: In design 'mul', net 'exponent_op_C/add_11_0/result_predict_zero[1][5]' driven by pin 'exponent_op_C/add_11_0/GEN_CLA8[1].CLA8_0/result[5]' has no loads. (LINT-2)
Warning: In design 'mul', net 'exponent_op_C/add_11_0/result_predict_zero[1][6]' driven by pin 'exponent_op_C/add_11_0/GEN_CLA8[1].CLA8_0/result[6]' has no loads. (LINT-2)
Warning: In design 'mul', net 'exponent_op_C/add_11_0/result_predict_zero[1][7]' driven by pin 'exponent_op_C/add_11_0/GEN_CLA8[1].CLA8_0/result[7]' has no loads. (LINT-2)
Warning: In design 'mul', net 'exponent_op_C/add_11_0/result_predict_zero[1][8]' driven by pin 'exponent_op_C/add_11_0/GEN_CLA8[1].CLA8_0/result[8]' has no loads. (LINT-2)
Warning: In design 'mul', net 'exponent_op_B/add_11_0/result_predict_one[1][4]' driven by pin 'exponent_op_B/add_11_0/GEN_CLA8[1].CLA8_1/result[4]' has no loads. (LINT-2)
Warning: In design 'mul', net 'exponent_op_B/add_11_0/result_predict_one[1][5]' driven by pin 'exponent_op_B/add_11_0/GEN_CLA8[1].CLA8_1/result[5]' has no loads. (LINT-2)
Warning: In design 'mul', net 'exponent_op_B/add_11_0/result_predict_one[1][6]' driven by pin 'exponent_op_B/add_11_0/GEN_CLA8[1].CLA8_1/result[6]' has no loads. (LINT-2)
Warning: In design 'mul', net 'exponent_op_B/add_11_0/result_predict_one[1][7]' driven by pin 'exponent_op_B/add_11_0/GEN_CLA8[1].CLA8_1/result[7]' has no loads. (LINT-2)
Warning: In design 'mul', net 'exponent_op_B/add_11_0/result_predict_one[1][8]' driven by pin 'exponent_op_B/add_11_0/GEN_CLA8[1].CLA8_1/result[8]' has no loads. (LINT-2)
Warning: In design 'mul', net 'exponent_op_B/add_11_0/result_predict_zero[1][4]' driven by pin 'exponent_op_B/add_11_0/GEN_CLA8[1].CLA8_0/result[4]' has no loads. (LINT-2)
Warning: In design 'mul', net 'exponent_op_B/add_11_0/result_predict_zero[1][5]' driven by pin 'exponent_op_B/add_11_0/GEN_CLA8[1].CLA8_0/result[5]' has no loads. (LINT-2)
Warning: In design 'mul', net 'exponent_op_B/add_11_0/result_predict_zero[1][6]' driven by pin 'exponent_op_B/add_11_0/GEN_CLA8[1].CLA8_0/result[6]' has no loads. (LINT-2)
Warning: In design 'mul', net 'exponent_op_B/add_11_0/result_predict_zero[1][7]' driven by pin 'exponent_op_B/add_11_0/GEN_CLA8[1].CLA8_0/result[7]' has no loads. (LINT-2)
Warning: In design 'mul', net 'exponent_op_B/add_11_0/result_predict_zero[1][8]' driven by pin 'exponent_op_B/add_11_0/GEN_CLA8[1].CLA8_0/result[8]' has no loads. (LINT-2)
Warning: In design 'mul', net 'exponent_op_A/add_11_0/result_predict_one[1][4]' driven by pin 'exponent_op_A/add_11_0/GEN_CLA8[1].CLA8_1/result[4]' has no loads. (LINT-2)
Warning: In design 'mul', net 'exponent_op_A/add_11_0/result_predict_one[1][5]' driven by pin 'exponent_op_A/add_11_0/GEN_CLA8[1].CLA8_1/result[5]' has no loads. (LINT-2)
Warning: In design 'mul', net 'exponent_op_A/add_11_0/result_predict_one[1][6]' driven by pin 'exponent_op_A/add_11_0/GEN_CLA8[1].CLA8_1/result[6]' has no loads. (LINT-2)
Warning: In design 'mul', net 'exponent_op_A/add_11_0/result_predict_one[1][7]' driven by pin 'exponent_op_A/add_11_0/GEN_CLA8[1].CLA8_1/result[7]' has no loads. (LINT-2)
Warning: In design 'mul', net 'exponent_op_A/add_11_0/result_predict_one[1][8]' driven by pin 'exponent_op_A/add_11_0/GEN_CLA8[1].CLA8_1/result[8]' has no loads. (LINT-2)
Warning: In design 'mul', net 'exponent_op_A/add_11_0/result_predict_zero[1][4]' driven by pin 'exponent_op_A/add_11_0/GEN_CLA8[1].CLA8_0/result[4]' has no loads. (LINT-2)
Warning: In design 'mul', net 'exponent_op_A/add_11_0/result_predict_zero[1][5]' driven by pin 'exponent_op_A/add_11_0/GEN_CLA8[1].CLA8_0/result[5]' has no loads. (LINT-2)
Warning: In design 'mul', net 'exponent_op_A/add_11_0/result_predict_zero[1][6]' driven by pin 'exponent_op_A/add_11_0/GEN_CLA8[1].CLA8_0/result[6]' has no loads. (LINT-2)
Warning: In design 'mul', net 'exponent_op_A/add_11_0/result_predict_zero[1][7]' driven by pin 'exponent_op_A/add_11_0/GEN_CLA8[1].CLA8_0/result[7]' has no loads. (LINT-2)
Warning: In design 'mul', net 'exponent_op_A/add_11_0/result_predict_zero[1][8]' driven by pin 'exponent_op_A/add_11_0/GEN_CLA8[1].CLA8_0/result[8]' has no loads. (LINT-2)
Warning: In design 'mul', net 'fp_add_03/add_11_01/result_predict_one[1][4]' driven by pin 'fp_add_03/add_11_01/GEN_CLA8[1].CLA8_1/result[4]' has no loads. (LINT-2)
Warning: In design 'mul', net 'fp_add_03/add_11_01/result_predict_one[1][5]' driven by pin 'fp_add_03/add_11_01/GEN_CLA8[1].CLA8_1/result[5]' has no loads. (LINT-2)
Warning: In design 'mul', net 'fp_add_03/add_11_01/result_predict_one[1][6]' driven by pin 'fp_add_03/add_11_01/GEN_CLA8[1].CLA8_1/result[6]' has no loads. (LINT-2)
Warning: In design 'mul', net 'fp_add_03/add_11_01/result_predict_one[1][7]' driven by pin 'fp_add_03/add_11_01/GEN_CLA8[1].CLA8_1/result[7]' has no loads. (LINT-2)
Warning: In design 'mul', net 'fp_add_03/add_11_01/result_predict_one[1][8]' driven by pin 'fp_add_03/add_11_01/GEN_CLA8[1].CLA8_1/result[8]' has no loads. (LINT-2)
Warning: In design 'mul', net 'fp_add_03/add_11_01/result_predict_zero[1][4]' driven by pin 'fp_add_03/add_11_01/GEN_CLA8[1].CLA8_0/result[4]' has no loads. (LINT-2)
Warning: In design 'mul', net 'fp_add_03/add_11_01/result_predict_zero[1][5]' driven by pin 'fp_add_03/add_11_01/GEN_CLA8[1].CLA8_0/result[5]' has no loads. (LINT-2)
Warning: In design 'mul', net 'fp_add_03/add_11_01/result_predict_zero[1][6]' driven by pin 'fp_add_03/add_11_01/GEN_CLA8[1].CLA8_0/result[6]' has no loads. (LINT-2)
Warning: In design 'mul', net 'fp_add_03/add_11_01/result_predict_zero[1][7]' driven by pin 'fp_add_03/add_11_01/GEN_CLA8[1].CLA8_0/result[7]' has no loads. (LINT-2)
Warning: In design 'mul', net 'fp_add_03/add_11_01/result_predict_zero[1][8]' driven by pin 'fp_add_03/add_11_01/GEN_CLA8[1].CLA8_0/result[8]' has no loads. (LINT-2)
Warning: In design 'mul', net 'fp_add_03/add_11_00/result_predict_one[1][4]' driven by pin 'fp_add_03/add_11_00/GEN_CLA8[1].CLA8_1/result[4]' has no loads. (LINT-2)
Warning: In design 'mul', net 'fp_add_03/add_11_00/result_predict_one[1][5]' driven by pin 'fp_add_03/add_11_00/GEN_CLA8[1].CLA8_1/result[5]' has no loads. (LINT-2)
Warning: In design 'mul', net 'fp_add_03/add_11_00/result_predict_one[1][6]' driven by pin 'fp_add_03/add_11_00/GEN_CLA8[1].CLA8_1/result[6]' has no loads. (LINT-2)
Warning: In design 'mul', net 'fp_add_03/add_11_00/result_predict_one[1][7]' driven by pin 'fp_add_03/add_11_00/GEN_CLA8[1].CLA8_1/result[7]' has no loads. (LINT-2)
Warning: In design 'mul', net 'fp_add_03/add_11_00/result_predict_one[1][8]' driven by pin 'fp_add_03/add_11_00/GEN_CLA8[1].CLA8_1/result[8]' has no loads. (LINT-2)
Warning: In design 'mul', net 'fp_add_03/add_11_00/result_predict_zero[1][4]' driven by pin 'fp_add_03/add_11_00/GEN_CLA8[1].CLA8_0/result[4]' has no loads. (LINT-2)
Warning: In design 'mul', net 'fp_add_03/add_11_00/result_predict_zero[1][5]' driven by pin 'fp_add_03/add_11_00/GEN_CLA8[1].CLA8_0/result[5]' has no loads. (LINT-2)
Warning: In design 'mul', net 'fp_add_03/add_11_00/result_predict_zero[1][6]' driven by pin 'fp_add_03/add_11_00/GEN_CLA8[1].CLA8_0/result[6]' has no loads. (LINT-2)
Warning: In design 'mul', net 'fp_add_03/add_11_00/result_predict_zero[1][7]' driven by pin 'fp_add_03/add_11_00/GEN_CLA8[1].CLA8_0/result[7]' has no loads. (LINT-2)
Warning: In design 'mul', net 'fp_add_03/add_11_00/result_predict_zero[1][8]' driven by pin 'fp_add_03/add_11_00/GEN_CLA8[1].CLA8_0/result[8]' has no loads. (LINT-2)
Warning: In design 'mul', net 'fp_add_02/add_11_01/result_predict_one[1][4]' driven by pin 'fp_add_02/add_11_01/GEN_CLA8[1].CLA8_1/result[4]' has no loads. (LINT-2)
Warning: In design 'mul', net 'fp_add_02/add_11_01/result_predict_one[1][5]' driven by pin 'fp_add_02/add_11_01/GEN_CLA8[1].CLA8_1/result[5]' has no loads. (LINT-2)
Warning: In design 'mul', net 'fp_add_02/add_11_01/result_predict_one[1][6]' driven by pin 'fp_add_02/add_11_01/GEN_CLA8[1].CLA8_1/result[6]' has no loads. (LINT-2)
Warning: In design 'mul', net 'fp_add_02/add_11_01/result_predict_one[1][7]' driven by pin 'fp_add_02/add_11_01/GEN_CLA8[1].CLA8_1/result[7]' has no loads. (LINT-2)
Warning: In design 'mul', net 'fp_add_02/add_11_01/result_predict_one[1][8]' driven by pin 'fp_add_02/add_11_01/GEN_CLA8[1].CLA8_1/result[8]' has no loads. (LINT-2)
Warning: In design 'mul', net 'fp_add_02/add_11_01/result_predict_zero[1][4]' driven by pin 'fp_add_02/add_11_01/GEN_CLA8[1].CLA8_0/result[4]' has no loads. (LINT-2)
Warning: In design 'mul', net 'fp_add_02/add_11_01/result_predict_zero[1][5]' driven by pin 'fp_add_02/add_11_01/GEN_CLA8[1].CLA8_0/result[5]' has no loads. (LINT-2)
Warning: In design 'mul', net 'fp_add_02/add_11_01/result_predict_zero[1][6]' driven by pin 'fp_add_02/add_11_01/GEN_CLA8[1].CLA8_0/result[6]' has no loads. (LINT-2)
Warning: In design 'mul', net 'fp_add_02/add_11_01/result_predict_zero[1][7]' driven by pin 'fp_add_02/add_11_01/GEN_CLA8[1].CLA8_0/result[7]' has no loads. (LINT-2)
Warning: In design 'mul', net 'fp_add_02/add_11_01/result_predict_zero[1][8]' driven by pin 'fp_add_02/add_11_01/GEN_CLA8[1].CLA8_0/result[8]' has no loads. (LINT-2)
Warning: In design 'mul', net 'fp_add_02/add_11_00/result_predict_one[1][4]' driven by pin 'fp_add_02/add_11_00/GEN_CLA8[1].CLA8_1/result[4]' has no loads. (LINT-2)
Warning: In design 'mul', net 'fp_add_02/add_11_00/result_predict_one[1][5]' driven by pin 'fp_add_02/add_11_00/GEN_CLA8[1].CLA8_1/result[5]' has no loads. (LINT-2)
Warning: In design 'mul', net 'fp_add_02/add_11_00/result_predict_one[1][6]' driven by pin 'fp_add_02/add_11_00/GEN_CLA8[1].CLA8_1/result[6]' has no loads. (LINT-2)
Warning: In design 'mul', net 'fp_add_02/add_11_00/result_predict_one[1][7]' driven by pin 'fp_add_02/add_11_00/GEN_CLA8[1].CLA8_1/result[7]' has no loads. (LINT-2)
Warning: In design 'mul', net 'fp_add_02/add_11_00/result_predict_one[1][8]' driven by pin 'fp_add_02/add_11_00/GEN_CLA8[1].CLA8_1/result[8]' has no loads. (LINT-2)
Warning: In design 'mul', net 'fp_add_02/add_11_00/result_predict_zero[1][4]' driven by pin 'fp_add_02/add_11_00/GEN_CLA8[1].CLA8_0/result[4]' has no loads. (LINT-2)
Warning: In design 'mul', net 'fp_add_02/add_11_00/result_predict_zero[1][5]' driven by pin 'fp_add_02/add_11_00/GEN_CLA8[1].CLA8_0/result[5]' has no loads. (LINT-2)
Warning: In design 'mul', net 'fp_add_02/add_11_00/result_predict_zero[1][6]' driven by pin 'fp_add_02/add_11_00/GEN_CLA8[1].CLA8_0/result[6]' has no loads. (LINT-2)
Warning: In design 'mul', net 'fp_add_02/add_11_00/result_predict_zero[1][7]' driven by pin 'fp_add_02/add_11_00/GEN_CLA8[1].CLA8_0/result[7]' has no loads. (LINT-2)
Warning: In design 'mul', net 'fp_add_02/add_11_00/result_predict_zero[1][8]' driven by pin 'fp_add_02/add_11_00/GEN_CLA8[1].CLA8_0/result[8]' has no loads. (LINT-2)
Warning: In design 'mul', net 'fp_add_01/add_11_01/result_predict_one[1][4]' driven by pin 'fp_add_01/add_11_01/GEN_CLA8[1].CLA8_1/result[4]' has no loads. (LINT-2)
Warning: In design 'mul', net 'fp_add_01/add_11_01/result_predict_one[1][5]' driven by pin 'fp_add_01/add_11_01/GEN_CLA8[1].CLA8_1/result[5]' has no loads. (LINT-2)
Warning: In design 'mul', net 'fp_add_01/add_11_01/result_predict_one[1][6]' driven by pin 'fp_add_01/add_11_01/GEN_CLA8[1].CLA8_1/result[6]' has no loads. (LINT-2)
Warning: In design 'mul', net 'fp_add_01/add_11_01/result_predict_one[1][7]' driven by pin 'fp_add_01/add_11_01/GEN_CLA8[1].CLA8_1/result[7]' has no loads. (LINT-2)
Warning: In design 'mul', net 'fp_add_01/add_11_01/result_predict_one[1][8]' driven by pin 'fp_add_01/add_11_01/GEN_CLA8[1].CLA8_1/result[8]' has no loads. (LINT-2)
Warning: In design 'mul', net 'fp_add_01/add_11_01/result_predict_zero[1][4]' driven by pin 'fp_add_01/add_11_01/GEN_CLA8[1].CLA8_0/result[4]' has no loads. (LINT-2)
Warning: In design 'mul', net 'fp_add_01/add_11_01/result_predict_zero[1][5]' driven by pin 'fp_add_01/add_11_01/GEN_CLA8[1].CLA8_0/result[5]' has no loads. (LINT-2)
Warning: In design 'mul', net 'fp_add_01/add_11_01/result_predict_zero[1][6]' driven by pin 'fp_add_01/add_11_01/GEN_CLA8[1].CLA8_0/result[6]' has no loads. (LINT-2)
Warning: In design 'mul', net 'fp_add_01/add_11_01/result_predict_zero[1][7]' driven by pin 'fp_add_01/add_11_01/GEN_CLA8[1].CLA8_0/result[7]' has no loads. (LINT-2)
Warning: In design 'mul', net 'fp_add_01/add_11_01/result_predict_zero[1][8]' driven by pin 'fp_add_01/add_11_01/GEN_CLA8[1].CLA8_0/result[8]' has no loads. (LINT-2)
Warning: In design 'mul', net 'fp_add_05/add_53_02/result_predict_one[6][6]' driven by pin 'fp_add_05/add_53_02/GEN_CLA8[6].CLA8_1/result[6]' has no loads. (LINT-2)
Warning: In design 'mul', net 'fp_add_05/add_53_02/result_predict_one[6][7]' driven by pin 'fp_add_05/add_53_02/GEN_CLA8[6].CLA8_1/result[7]' has no loads. (LINT-2)
Warning: In design 'mul', net 'fp_add_05/add_53_02/result_predict_one[6][8]' driven by pin 'fp_add_05/add_53_02/GEN_CLA8[6].CLA8_1/result[8]' has no loads. (LINT-2)
Warning: In design 'mul', net 'fp_add_05/add_53_02/result_predict_zero[6][6]' driven by pin 'fp_add_05/add_53_02/GEN_CLA8[6].CLA8_0/result[6]' has no loads. (LINT-2)
Warning: In design 'mul', net 'fp_add_05/add_53_02/result_predict_zero[6][7]' driven by pin 'fp_add_05/add_53_02/GEN_CLA8[6].CLA8_0/result[7]' has no loads. (LINT-2)
Warning: In design 'mul', net 'fp_add_05/add_53_02/result_predict_zero[6][8]' driven by pin 'fp_add_05/add_53_02/GEN_CLA8[6].CLA8_0/result[8]' has no loads. (LINT-2)
Warning: In design 'mul', net 'fp_add_04/add_53_02/result_predict_one[6][6]' driven by pin 'fp_add_04/add_53_02/GEN_CLA8[6].CLA8_1/result[6]' has no loads. (LINT-2)
Warning: In design 'mul', net 'fp_add_04/add_53_02/result_predict_one[6][7]' driven by pin 'fp_add_04/add_53_02/GEN_CLA8[6].CLA8_1/result[7]' has no loads. (LINT-2)
Warning: In design 'mul', net 'fp_add_04/add_53_02/result_predict_one[6][8]' driven by pin 'fp_add_04/add_53_02/GEN_CLA8[6].CLA8_1/result[8]' has no loads. (LINT-2)
Warning: In design 'mul', net 'fp_add_04/add_53_02/result_predict_zero[6][6]' driven by pin 'fp_add_04/add_53_02/GEN_CLA8[6].CLA8_0/result[6]' has no loads. (LINT-2)
Warning: In design 'mul', net 'fp_add_04/add_53_02/result_predict_zero[6][7]' driven by pin 'fp_add_04/add_53_02/GEN_CLA8[6].CLA8_0/result[7]' has no loads. (LINT-2)
Warning: In design 'mul', net 'fp_add_04/add_53_02/result_predict_zero[6][8]' driven by pin 'fp_add_04/add_53_02/GEN_CLA8[6].CLA8_0/result[8]' has no loads. (LINT-2)
Warning: In design 'mul', net 'rounder_C/add_53_00/result_predict_one[6][6]' driven by pin 'rounder_C/add_53_00/GEN_CLA8[6].CLA8_1/result[6]' has no loads. (LINT-2)
Warning: In design 'mul', net 'rounder_C/add_53_00/result_predict_one[6][7]' driven by pin 'rounder_C/add_53_00/GEN_CLA8[6].CLA8_1/result[7]' has no loads. (LINT-2)
Warning: In design 'mul', net 'rounder_C/add_53_00/result_predict_one[6][8]' driven by pin 'rounder_C/add_53_00/GEN_CLA8[6].CLA8_1/result[8]' has no loads. (LINT-2)
Warning: In design 'mul', net 'rounder_C/add_53_00/result_predict_zero[6][6]' driven by pin 'rounder_C/add_53_00/GEN_CLA8[6].CLA8_0/result[6]' has no loads. (LINT-2)
Warning: In design 'mul', net 'rounder_C/add_53_00/result_predict_zero[6][7]' driven by pin 'rounder_C/add_53_00/GEN_CLA8[6].CLA8_0/result[7]' has no loads. (LINT-2)
Warning: In design 'mul', net 'rounder_C/add_53_00/result_predict_zero[6][8]' driven by pin 'rounder_C/add_53_00/GEN_CLA8[6].CLA8_0/result[8]' has no loads. (LINT-2)
Warning: In design 'mul', net 'rounder_B/add_53_00/result_predict_one[6][6]' driven by pin 'rounder_B/add_53_00/GEN_CLA8[6].CLA8_1/result[6]' has no loads. (LINT-2)
Warning: In design 'mul', net 'rounder_B/add_53_00/result_predict_one[6][7]' driven by pin 'rounder_B/add_53_00/GEN_CLA8[6].CLA8_1/result[7]' has no loads. (LINT-2)
Warning: In design 'mul', net 'rounder_B/add_53_00/result_predict_one[6][8]' driven by pin 'rounder_B/add_53_00/GEN_CLA8[6].CLA8_1/result[8]' has no loads. (LINT-2)
Warning: In design 'mul', net 'rounder_B/add_53_00/result_predict_zero[6][6]' driven by pin 'rounder_B/add_53_00/GEN_CLA8[6].CLA8_0/result[6]' has no loads. (LINT-2)
Warning: In design 'mul', net 'rounder_B/add_53_00/result_predict_zero[6][7]' driven by pin 'rounder_B/add_53_00/GEN_CLA8[6].CLA8_0/result[7]' has no loads. (LINT-2)
Warning: In design 'mul', net 'rounder_B/add_53_00/result_predict_zero[6][8]' driven by pin 'rounder_B/add_53_00/GEN_CLA8[6].CLA8_0/result[8]' has no loads. (LINT-2)
Warning: In design 'mul', net 'rounder_A/add_53_00/result_predict_one[6][6]' driven by pin 'rounder_A/add_53_00/GEN_CLA8[6].CLA8_1/result[6]' has no loads. (LINT-2)
Warning: In design 'mul', net 'rounder_A/add_53_00/result_predict_one[6][7]' driven by pin 'rounder_A/add_53_00/GEN_CLA8[6].CLA8_1/result[7]' has no loads. (LINT-2)
Warning: In design 'mul', net 'rounder_A/add_53_00/result_predict_one[6][8]' driven by pin 'rounder_A/add_53_00/GEN_CLA8[6].CLA8_1/result[8]' has no loads. (LINT-2)
Warning: In design 'mul', net 'rounder_A/add_53_00/result_predict_zero[6][6]' driven by pin 'rounder_A/add_53_00/GEN_CLA8[6].CLA8_0/result[6]' has no loads. (LINT-2)
Warning: In design 'mul', net 'rounder_A/add_53_00/result_predict_zero[6][7]' driven by pin 'rounder_A/add_53_00/GEN_CLA8[6].CLA8_0/result[7]' has no loads. (LINT-2)
Warning: In design 'mul', net 'rounder_A/add_53_00/result_predict_zero[6][8]' driven by pin 'rounder_A/add_53_00/GEN_CLA8[6].CLA8_0/result[8]' has no loads. (LINT-2)
Warning: In design 'mul', net 'fp_add_03/add_53_02/result_predict_one[6][6]' driven by pin 'fp_add_03/add_53_02/GEN_CLA8[6].CLA8_1/result[6]' has no loads. (LINT-2)
Warning: In design 'mul', net 'fp_add_03/add_53_02/result_predict_one[6][7]' driven by pin 'fp_add_03/add_53_02/GEN_CLA8[6].CLA8_1/result[7]' has no loads. (LINT-2)
Warning: In design 'mul', net 'fp_add_03/add_53_02/result_predict_one[6][8]' driven by pin 'fp_add_03/add_53_02/GEN_CLA8[6].CLA8_1/result[8]' has no loads. (LINT-2)
Warning: In design 'mul', net 'fp_add_03/add_53_02/result_predict_zero[6][6]' driven by pin 'fp_add_03/add_53_02/GEN_CLA8[6].CLA8_0/result[6]' has no loads. (LINT-2)
Warning: In design 'mul', net 'fp_add_03/add_53_02/result_predict_zero[6][7]' driven by pin 'fp_add_03/add_53_02/GEN_CLA8[6].CLA8_0/result[7]' has no loads. (LINT-2)
Warning: In design 'mul', net 'fp_add_03/add_53_02/result_predict_zero[6][8]' driven by pin 'fp_add_03/add_53_02/GEN_CLA8[6].CLA8_0/result[8]' has no loads. (LINT-2)
Warning: In design 'mul', net 'fp_add_02/add_53_02/result_predict_one[6][6]' driven by pin 'fp_add_02/add_53_02/GEN_CLA8[6].CLA8_1/result[6]' has no loads. (LINT-2)
Warning: In design 'mul', net 'fp_add_02/add_53_02/result_predict_one[6][7]' driven by pin 'fp_add_02/add_53_02/GEN_CLA8[6].CLA8_1/result[7]' has no loads. (LINT-2)
Warning: In design 'mul', net 'fp_add_02/add_53_02/result_predict_one[6][8]' driven by pin 'fp_add_02/add_53_02/GEN_CLA8[6].CLA8_1/result[8]' has no loads. (LINT-2)
Warning: In design 'mul', net 'fp_add_02/add_53_02/result_predict_zero[6][6]' driven by pin 'fp_add_02/add_53_02/GEN_CLA8[6].CLA8_0/result[6]' has no loads. (LINT-2)
Warning: In design 'mul', net 'fp_add_02/add_53_02/result_predict_zero[6][7]' driven by pin 'fp_add_02/add_53_02/GEN_CLA8[6].CLA8_0/result[7]' has no loads. (LINT-2)
Warning: In design 'mul', net 'fp_add_02/add_53_02/result_predict_zero[6][8]' driven by pin 'fp_add_02/add_53_02/GEN_CLA8[6].CLA8_0/result[8]' has no loads. (LINT-2)
Warning: In design 'mul', net 'mul16_array_c/GEN_MUL16[3].mul_16_3/wallace_lv6[33][0]' driven by pin 'mul16_array_c/GEN_MUL16[3].mul_16_3/gen_wallace_tree_lv6_HA_1[32].HA_lv6_1/Cout' has no loads. (LINT-2)
Warning: In design 'mul', net 'mul16_array_c/GEN_MUL16[3].mul_16_3/wallace_lv6[32][0]' driven by pin 'mul16_array_c/GEN_MUL16[3].mul_16_3/gen_wallace_tree_lv6_HA_1[31].HA_lv6_1/Cout' has no loads. (LINT-2)
Warning: In design 'mul', net 'mul16_array_c/GEN_MUL16[3].mul_16_3/wallace_lv6[32][1]' driven by pin 'mul16_array_c/GEN_MUL16[3].mul_16_3/gen_wallace_tree_lv6_HA_1[32].HA_lv6_1/Sum' has no loads. (LINT-2)
Warning: In design 'mul', net 'mul16_array_c/GEN_MUL16[3].mul_16_2/wallace_lv6[33][0]' driven by pin 'mul16_array_c/GEN_MUL16[3].mul_16_2/gen_wallace_tree_lv6_HA_1[32].HA_lv6_1/Cout' has no loads. (LINT-2)
Warning: In design 'mul', net 'mul16_array_c/GEN_MUL16[3].mul_16_2/wallace_lv6[32][0]' driven by pin 'mul16_array_c/GEN_MUL16[3].mul_16_2/gen_wallace_tree_lv6_HA_1[31].HA_lv6_1/Cout' has no loads. (LINT-2)
Warning: In design 'mul', net 'mul16_array_c/GEN_MUL16[3].mul_16_2/wallace_lv6[32][1]' driven by pin 'mul16_array_c/GEN_MUL16[3].mul_16_2/gen_wallace_tree_lv6_HA_1[32].HA_lv6_1/Sum' has no loads. (LINT-2)
Warning: In design 'mul', net 'mul16_array_c/GEN_MUL16[3].mul_16_1/wallace_lv6[33][0]' driven by pin 'mul16_array_c/GEN_MUL16[3].mul_16_1/gen_wallace_tree_lv6_HA_1[32].HA_lv6_1/Cout' has no loads. (LINT-2)
Warning: In design 'mul', net 'mul16_array_c/GEN_MUL16[3].mul_16_1/wallace_lv6[32][0]' driven by pin 'mul16_array_c/GEN_MUL16[3].mul_16_1/gen_wallace_tree_lv6_HA_1[31].HA_lv6_1/Cout' has no loads. (LINT-2)
Warning: In design 'mul', net 'mul16_array_c/GEN_MUL16[3].mul_16_1/wallace_lv6[32][1]' driven by pin 'mul16_array_c/GEN_MUL16[3].mul_16_1/gen_wallace_tree_lv6_HA_1[32].HA_lv6_1/Sum' has no loads. (LINT-2)
Warning: In design 'mul', net 'mul16_array_c/GEN_MUL16[3].mul_16_0/wallace_lv6[33][0]' driven by pin 'mul16_array_c/GEN_MUL16[3].mul_16_0/gen_wallace_tree_lv6_HA_1[32].HA_lv6_1/Cout' has no loads. (LINT-2)
Warning: In design 'mul', net 'mul16_array_c/GEN_MUL16[3].mul_16_0/wallace_lv6[32][0]' driven by pin 'mul16_array_c/GEN_MUL16[3].mul_16_0/gen_wallace_tree_lv6_HA_1[31].HA_lv6_1/Cout' has no loads. (LINT-2)
Warning: In design 'mul', net 'mul16_array_c/GEN_MUL16[3].mul_16_0/wallace_lv6[32][1]' driven by pin 'mul16_array_c/GEN_MUL16[3].mul_16_0/gen_wallace_tree_lv6_HA_1[32].HA_lv6_1/Sum' has no loads. (LINT-2)
Warning: In design 'mul', net 'mul16_array_c/GEN_MUL16[2].mul_16_3/wallace_lv6[33][0]' driven by pin 'mul16_array_c/GEN_MUL16[2].mul_16_3/gen_wallace_tree_lv6_HA_1[32].HA_lv6_1/Cout' has no loads. (LINT-2)
Warning: In design 'mul', net 'mul16_array_c/GEN_MUL16[2].mul_16_3/wallace_lv6[32][0]' driven by pin 'mul16_array_c/GEN_MUL16[2].mul_16_3/gen_wallace_tree_lv6_HA_1[31].HA_lv6_1/Cout' has no loads. (LINT-2)
Warning: In design 'mul', net 'mul16_array_c/GEN_MUL16[2].mul_16_3/wallace_lv6[32][1]' driven by pin 'mul16_array_c/GEN_MUL16[2].mul_16_3/gen_wallace_tree_lv6_HA_1[32].HA_lv6_1/Sum' has no loads. (LINT-2)
Warning: In design 'mul', net 'mul16_array_c/GEN_MUL16[2].mul_16_2/wallace_lv6[33][0]' driven by pin 'mul16_array_c/GEN_MUL16[2].mul_16_2/gen_wallace_tree_lv6_HA_1[32].HA_lv6_1/Cout' has no loads. (LINT-2)
Warning: In design 'mul', net 'mul16_array_c/GEN_MUL16[2].mul_16_2/wallace_lv6[32][0]' driven by pin 'mul16_array_c/GEN_MUL16[2].mul_16_2/gen_wallace_tree_lv6_HA_1[31].HA_lv6_1/Cout' has no loads. (LINT-2)
Warning: In design 'mul', net 'mul16_array_c/GEN_MUL16[2].mul_16_2/wallace_lv6[32][1]' driven by pin 'mul16_array_c/GEN_MUL16[2].mul_16_2/gen_wallace_tree_lv6_HA_1[32].HA_lv6_1/Sum' has no loads. (LINT-2)
Warning: In design 'mul', net 'mul16_array_c/GEN_MUL16[2].mul_16_1/wallace_lv6[33][0]' driven by pin 'mul16_array_c/GEN_MUL16[2].mul_16_1/gen_wallace_tree_lv6_HA_1[32].HA_lv6_1/Cout' has no loads. (LINT-2)
Warning: In design 'mul', net 'mul16_array_c/GEN_MUL16[2].mul_16_1/wallace_lv6[32][0]' driven by pin 'mul16_array_c/GEN_MUL16[2].mul_16_1/gen_wallace_tree_lv6_HA_1[31].HA_lv6_1/Cout' has no loads. (LINT-2)
Warning: In design 'mul', net 'mul16_array_c/GEN_MUL16[2].mul_16_1/wallace_lv6[32][1]' driven by pin 'mul16_array_c/GEN_MUL16[2].mul_16_1/gen_wallace_tree_lv6_HA_1[32].HA_lv6_1/Sum' has no loads. (LINT-2)
Warning: In design 'mul', net 'mul16_array_c/GEN_MUL16[2].mul_16_0/wallace_lv6[33][0]' driven by pin 'mul16_array_c/GEN_MUL16[2].mul_16_0/gen_wallace_tree_lv6_HA_1[32].HA_lv6_1/Cout' has no loads. (LINT-2)
Warning: In design 'mul', net 'mul16_array_c/GEN_MUL16[2].mul_16_0/wallace_lv6[32][0]' driven by pin 'mul16_array_c/GEN_MUL16[2].mul_16_0/gen_wallace_tree_lv6_HA_1[31].HA_lv6_1/Cout' has no loads. (LINT-2)
Warning: In design 'mul', net 'mul16_array_c/GEN_MUL16[2].mul_16_0/wallace_lv6[32][1]' driven by pin 'mul16_array_c/GEN_MUL16[2].mul_16_0/gen_wallace_tree_lv6_HA_1[32].HA_lv6_1/Sum' has no loads. (LINT-2)
Warning: In design 'mul', net 'mul16_array_c/GEN_MUL16[1].mul_16_3/wallace_lv6[33][0]' driven by pin 'mul16_array_c/GEN_MUL16[1].mul_16_3/gen_wallace_tree_lv6_HA_1[32].HA_lv6_1/Cout' has no loads. (LINT-2)
Warning: In design 'mul', net 'mul16_array_c/GEN_MUL16[1].mul_16_3/wallace_lv6[32][0]' driven by pin 'mul16_array_c/GEN_MUL16[1].mul_16_3/gen_wallace_tree_lv6_HA_1[31].HA_lv6_1/Cout' has no loads. (LINT-2)
Warning: In design 'mul', net 'mul16_array_c/GEN_MUL16[1].mul_16_3/wallace_lv6[32][1]' driven by pin 'mul16_array_c/GEN_MUL16[1].mul_16_3/gen_wallace_tree_lv6_HA_1[32].HA_lv6_1/Sum' has no loads. (LINT-2)
Warning: In design 'mul', net 'mul16_array_c/GEN_MUL16[1].mul_16_2/wallace_lv6[33][0]' driven by pin 'mul16_array_c/GEN_MUL16[1].mul_16_2/gen_wallace_tree_lv6_HA_1[32].HA_lv6_1/Cout' has no loads. (LINT-2)
Warning: In design 'mul', net 'mul16_array_c/GEN_MUL16[1].mul_16_2/wallace_lv6[32][0]' driven by pin 'mul16_array_c/GEN_MUL16[1].mul_16_2/gen_wallace_tree_lv6_HA_1[31].HA_lv6_1/Cout' has no loads. (LINT-2)
Warning: In design 'mul', net 'mul16_array_c/GEN_MUL16[1].mul_16_2/wallace_lv6[32][1]' driven by pin 'mul16_array_c/GEN_MUL16[1].mul_16_2/gen_wallace_tree_lv6_HA_1[32].HA_lv6_1/Sum' has no loads. (LINT-2)
Warning: In design 'mul', net 'mul16_array_c/GEN_MUL16[1].mul_16_1/wallace_lv6[33][0]' driven by pin 'mul16_array_c/GEN_MUL16[1].mul_16_1/gen_wallace_tree_lv6_HA_1[32].HA_lv6_1/Cout' has no loads. (LINT-2)
Warning: In design 'mul', net 'mul16_array_c/GEN_MUL16[1].mul_16_1/wallace_lv6[32][0]' driven by pin 'mul16_array_c/GEN_MUL16[1].mul_16_1/gen_wallace_tree_lv6_HA_1[31].HA_lv6_1/Cout' has no loads. (LINT-2)
Warning: In design 'mul', net 'mul16_array_c/GEN_MUL16[1].mul_16_1/wallace_lv6[32][1]' driven by pin 'mul16_array_c/GEN_MUL16[1].mul_16_1/gen_wallace_tree_lv6_HA_1[32].HA_lv6_1/Sum' has no loads. (LINT-2)
Warning: In design 'mul', net 'mul16_array_c/GEN_MUL16[1].mul_16_0/wallace_lv6[33][0]' driven by pin 'mul16_array_c/GEN_MUL16[1].mul_16_0/gen_wallace_tree_lv6_HA_1[32].HA_lv6_1/Cout' has no loads. (LINT-2)
Warning: In design 'mul', net 'mul16_array_c/GEN_MUL16[1].mul_16_0/wallace_lv6[32][0]' driven by pin 'mul16_array_c/GEN_MUL16[1].mul_16_0/gen_wallace_tree_lv6_HA_1[31].HA_lv6_1/Cout' has no loads. (LINT-2)
Warning: In design 'mul', net 'mul16_array_c/GEN_MUL16[1].mul_16_0/wallace_lv6[32][1]' driven by pin 'mul16_array_c/GEN_MUL16[1].mul_16_0/gen_wallace_tree_lv6_HA_1[32].HA_lv6_1/Sum' has no loads. (LINT-2)
Warning: In design 'mul', net 'mul16_array_c/GEN_MUL16[0].mul_16_3/wallace_lv6[33][0]' driven by pin 'mul16_array_c/GEN_MUL16[0].mul_16_3/gen_wallace_tree_lv6_HA_1[32].HA_lv6_1/Cout' has no loads. (LINT-2)
Warning: In design 'mul', net 'mul16_array_c/GEN_MUL16[0].mul_16_3/wallace_lv6[32][0]' driven by pin 'mul16_array_c/GEN_MUL16[0].mul_16_3/gen_wallace_tree_lv6_HA_1[31].HA_lv6_1/Cout' has no loads. (LINT-2)
Warning: In design 'mul', net 'mul16_array_c/GEN_MUL16[0].mul_16_3/wallace_lv6[32][1]' driven by pin 'mul16_array_c/GEN_MUL16[0].mul_16_3/gen_wallace_tree_lv6_HA_1[32].HA_lv6_1/Sum' has no loads. (LINT-2)
Warning: In design 'mul', net 'mul16_array_c/GEN_MUL16[0].mul_16_2/wallace_lv6[33][0]' driven by pin 'mul16_array_c/GEN_MUL16[0].mul_16_2/gen_wallace_tree_lv6_HA_1[32].HA_lv6_1/Cout' has no loads. (LINT-2)
Warning: In design 'mul', net 'mul16_array_c/GEN_MUL16[0].mul_16_2/wallace_lv6[32][0]' driven by pin 'mul16_array_c/GEN_MUL16[0].mul_16_2/gen_wallace_tree_lv6_HA_1[31].HA_lv6_1/Cout' has no loads. (LINT-2)
Warning: In design 'mul', net 'mul16_array_c/GEN_MUL16[0].mul_16_2/wallace_lv6[32][1]' driven by pin 'mul16_array_c/GEN_MUL16[0].mul_16_2/gen_wallace_tree_lv6_HA_1[32].HA_lv6_1/Sum' has no loads. (LINT-2)
Warning: In design 'mul', net 'mul16_array_c/GEN_MUL16[0].mul_16_1/wallace_lv6[33][0]' driven by pin 'mul16_array_c/GEN_MUL16[0].mul_16_1/gen_wallace_tree_lv6_HA_1[32].HA_lv6_1/Cout' has no loads. (LINT-2)
Warning: In design 'mul', net 'mul16_array_c/GEN_MUL16[0].mul_16_1/wallace_lv6[32][0]' driven by pin 'mul16_array_c/GEN_MUL16[0].mul_16_1/gen_wallace_tree_lv6_HA_1[31].HA_lv6_1/Cout' has no loads. (LINT-2)
Warning: In design 'mul', net 'mul16_array_c/GEN_MUL16[0].mul_16_1/wallace_lv6[32][1]' driven by pin 'mul16_array_c/GEN_MUL16[0].mul_16_1/gen_wallace_tree_lv6_HA_1[32].HA_lv6_1/Sum' has no loads. (LINT-2)
Warning: In design 'mul', net 'mul16_array_c/GEN_MUL16[0].mul_16_0/wallace_lv6[33][0]' driven by pin 'mul16_array_c/GEN_MUL16[0].mul_16_0/gen_wallace_tree_lv6_HA_1[32].HA_lv6_1/Cout' has no loads. (LINT-2)
Warning: In design 'mul', net 'mul16_array_c/GEN_MUL16[0].mul_16_0/wallace_lv6[32][0]' driven by pin 'mul16_array_c/GEN_MUL16[0].mul_16_0/gen_wallace_tree_lv6_HA_1[31].HA_lv6_1/Cout' has no loads. (LINT-2)
Warning: In design 'mul', net 'mul16_array_c/GEN_MUL16[0].mul_16_0/wallace_lv6[32][1]' driven by pin 'mul16_array_c/GEN_MUL16[0].mul_16_0/gen_wallace_tree_lv6_HA_1[32].HA_lv6_1/Sum' has no loads. (LINT-2)
Warning: In design 'mul', net 'mul16_array_b/GEN_MUL16[3].mul_16_3/wallace_lv6[33][0]' driven by pin 'mul16_array_b/GEN_MUL16[3].mul_16_3/gen_wallace_tree_lv6_HA_1[32].HA_lv6_1/Cout' has no loads. (LINT-2)
Warning: In design 'mul', net 'mul16_array_b/GEN_MUL16[3].mul_16_3/wallace_lv6[32][0]' driven by pin 'mul16_array_b/GEN_MUL16[3].mul_16_3/gen_wallace_tree_lv6_HA_1[31].HA_lv6_1/Cout' has no loads. (LINT-2)
Warning: In design 'mul', net 'mul16_array_b/GEN_MUL16[3].mul_16_3/wallace_lv6[32][1]' driven by pin 'mul16_array_b/GEN_MUL16[3].mul_16_3/gen_wallace_tree_lv6_HA_1[32].HA_lv6_1/Sum' has no loads. (LINT-2)
Warning: In design 'mul', net 'mul16_array_b/GEN_MUL16[3].mul_16_2/wallace_lv6[33][0]' driven by pin 'mul16_array_b/GEN_MUL16[3].mul_16_2/gen_wallace_tree_lv6_HA_1[32].HA_lv6_1/Cout' has no loads. (LINT-2)
Warning: In design 'mul', net 'mul16_array_b/GEN_MUL16[3].mul_16_2/wallace_lv6[32][0]' driven by pin 'mul16_array_b/GEN_MUL16[3].mul_16_2/gen_wallace_tree_lv6_HA_1[31].HA_lv6_1/Cout' has no loads. (LINT-2)
Warning: In design 'mul', net 'mul16_array_b/GEN_MUL16[3].mul_16_2/wallace_lv6[32][1]' driven by pin 'mul16_array_b/GEN_MUL16[3].mul_16_2/gen_wallace_tree_lv6_HA_1[32].HA_lv6_1/Sum' has no loads. (LINT-2)
Warning: In design 'mul', net 'mul16_array_b/GEN_MUL16[3].mul_16_1/wallace_lv6[33][0]' driven by pin 'mul16_array_b/GEN_MUL16[3].mul_16_1/gen_wallace_tree_lv6_HA_1[32].HA_lv6_1/Cout' has no loads. (LINT-2)
Warning: In design 'mul', net 'mul16_array_b/GEN_MUL16[3].mul_16_1/wallace_lv6[32][0]' driven by pin 'mul16_array_b/GEN_MUL16[3].mul_16_1/gen_wallace_tree_lv6_HA_1[31].HA_lv6_1/Cout' has no loads. (LINT-2)
Warning: In design 'mul', net 'mul16_array_b/GEN_MUL16[3].mul_16_1/wallace_lv6[32][1]' driven by pin 'mul16_array_b/GEN_MUL16[3].mul_16_1/gen_wallace_tree_lv6_HA_1[32].HA_lv6_1/Sum' has no loads. (LINT-2)
Warning: In design 'mul', net 'mul16_array_b/GEN_MUL16[3].mul_16_0/wallace_lv6[33][0]' driven by pin 'mul16_array_b/GEN_MUL16[3].mul_16_0/gen_wallace_tree_lv6_HA_1[32].HA_lv6_1/Cout' has no loads. (LINT-2)
Warning: In design 'mul', net 'mul16_array_b/GEN_MUL16[3].mul_16_0/wallace_lv6[32][0]' driven by pin 'mul16_array_b/GEN_MUL16[3].mul_16_0/gen_wallace_tree_lv6_HA_1[31].HA_lv6_1/Cout' has no loads. (LINT-2)
Warning: In design 'mul', net 'mul16_array_b/GEN_MUL16[3].mul_16_0/wallace_lv6[32][1]' driven by pin 'mul16_array_b/GEN_MUL16[3].mul_16_0/gen_wallace_tree_lv6_HA_1[32].HA_lv6_1/Sum' has no loads. (LINT-2)
Warning: In design 'mul', net 'mul16_array_b/GEN_MUL16[2].mul_16_3/wallace_lv6[33][0]' driven by pin 'mul16_array_b/GEN_MUL16[2].mul_16_3/gen_wallace_tree_lv6_HA_1[32].HA_lv6_1/Cout' has no loads. (LINT-2)
Warning: In design 'mul', net 'mul16_array_b/GEN_MUL16[2].mul_16_3/wallace_lv6[32][0]' driven by pin 'mul16_array_b/GEN_MUL16[2].mul_16_3/gen_wallace_tree_lv6_HA_1[31].HA_lv6_1/Cout' has no loads. (LINT-2)
Warning: In design 'mul', net 'mul16_array_b/GEN_MUL16[2].mul_16_3/wallace_lv6[32][1]' driven by pin 'mul16_array_b/GEN_MUL16[2].mul_16_3/gen_wallace_tree_lv6_HA_1[32].HA_lv6_1/Sum' has no loads. (LINT-2)
Warning: In design 'mul', net 'mul16_array_b/GEN_MUL16[2].mul_16_2/wallace_lv6[33][0]' driven by pin 'mul16_array_b/GEN_MUL16[2].mul_16_2/gen_wallace_tree_lv6_HA_1[32].HA_lv6_1/Cout' has no loads. (LINT-2)
Warning: In design 'mul', net 'mul16_array_b/GEN_MUL16[2].mul_16_2/wallace_lv6[32][0]' driven by pin 'mul16_array_b/GEN_MUL16[2].mul_16_2/gen_wallace_tree_lv6_HA_1[31].HA_lv6_1/Cout' has no loads. (LINT-2)
Warning: In design 'mul', net 'mul16_array_b/GEN_MUL16[2].mul_16_2/wallace_lv6[32][1]' driven by pin 'mul16_array_b/GEN_MUL16[2].mul_16_2/gen_wallace_tree_lv6_HA_1[32].HA_lv6_1/Sum' has no loads. (LINT-2)
Warning: In design 'mul', net 'mul16_array_b/GEN_MUL16[2].mul_16_1/wallace_lv6[33][0]' driven by pin 'mul16_array_b/GEN_MUL16[2].mul_16_1/gen_wallace_tree_lv6_HA_1[32].HA_lv6_1/Cout' has no loads. (LINT-2)
Warning: In design 'mul', net 'mul16_array_b/GEN_MUL16[2].mul_16_1/wallace_lv6[32][0]' driven by pin 'mul16_array_b/GEN_MUL16[2].mul_16_1/gen_wallace_tree_lv6_HA_1[31].HA_lv6_1/Cout' has no loads. (LINT-2)
Warning: In design 'mul', net 'mul16_array_b/GEN_MUL16[2].mul_16_1/wallace_lv6[32][1]' driven by pin 'mul16_array_b/GEN_MUL16[2].mul_16_1/gen_wallace_tree_lv6_HA_1[32].HA_lv6_1/Sum' has no loads. (LINT-2)
Warning: In design 'mul', net 'mul16_array_b/GEN_MUL16[2].mul_16_0/wallace_lv6[33][0]' driven by pin 'mul16_array_b/GEN_MUL16[2].mul_16_0/gen_wallace_tree_lv6_HA_1[32].HA_lv6_1/Cout' has no loads. (LINT-2)
Warning: In design 'mul', net 'mul16_array_b/GEN_MUL16[2].mul_16_0/wallace_lv6[32][0]' driven by pin 'mul16_array_b/GEN_MUL16[2].mul_16_0/gen_wallace_tree_lv6_HA_1[31].HA_lv6_1/Cout' has no loads. (LINT-2)
Warning: In design 'mul', net 'mul16_array_b/GEN_MUL16[2].mul_16_0/wallace_lv6[32][1]' driven by pin 'mul16_array_b/GEN_MUL16[2].mul_16_0/gen_wallace_tree_lv6_HA_1[32].HA_lv6_1/Sum' has no loads. (LINT-2)
Warning: In design 'mul', net 'mul16_array_b/GEN_MUL16[1].mul_16_3/wallace_lv6[33][0]' driven by pin 'mul16_array_b/GEN_MUL16[1].mul_16_3/gen_wallace_tree_lv6_HA_1[32].HA_lv6_1/Cout' has no loads. (LINT-2)
Warning: In design 'mul', net 'mul16_array_b/GEN_MUL16[1].mul_16_3/wallace_lv6[32][0]' driven by pin 'mul16_array_b/GEN_MUL16[1].mul_16_3/gen_wallace_tree_lv6_HA_1[31].HA_lv6_1/Cout' has no loads. (LINT-2)
Warning: In design 'mul', net 'mul16_array_b/GEN_MUL16[1].mul_16_3/wallace_lv6[32][1]' driven by pin 'mul16_array_b/GEN_MUL16[1].mul_16_3/gen_wallace_tree_lv6_HA_1[32].HA_lv6_1/Sum' has no loads. (LINT-2)
Warning: In design 'mul', net 'mul16_array_b/GEN_MUL16[1].mul_16_2/wallace_lv6[33][0]' driven by pin 'mul16_array_b/GEN_MUL16[1].mul_16_2/gen_wallace_tree_lv6_HA_1[32].HA_lv6_1/Cout' has no loads. (LINT-2)
Warning: In design 'mul', net 'mul16_array_b/GEN_MUL16[1].mul_16_2/wallace_lv6[32][0]' driven by pin 'mul16_array_b/GEN_MUL16[1].mul_16_2/gen_wallace_tree_lv6_HA_1[31].HA_lv6_1/Cout' has no loads. (LINT-2)
Warning: In design 'mul', net 'mul16_array_b/GEN_MUL16[1].mul_16_2/wallace_lv6[32][1]' driven by pin 'mul16_array_b/GEN_MUL16[1].mul_16_2/gen_wallace_tree_lv6_HA_1[32].HA_lv6_1/Sum' has no loads. (LINT-2)
Warning: In design 'mul', net 'mul16_array_b/GEN_MUL16[1].mul_16_1/wallace_lv6[33][0]' driven by pin 'mul16_array_b/GEN_MUL16[1].mul_16_1/gen_wallace_tree_lv6_HA_1[32].HA_lv6_1/Cout' has no loads. (LINT-2)
Warning: In design 'mul', net 'mul16_array_b/GEN_MUL16[1].mul_16_1/wallace_lv6[32][0]' driven by pin 'mul16_array_b/GEN_MUL16[1].mul_16_1/gen_wallace_tree_lv6_HA_1[31].HA_lv6_1/Cout' has no loads. (LINT-2)
Warning: In design 'mul', net 'mul16_array_b/GEN_MUL16[1].mul_16_1/wallace_lv6[32][1]' driven by pin 'mul16_array_b/GEN_MUL16[1].mul_16_1/gen_wallace_tree_lv6_HA_1[32].HA_lv6_1/Sum' has no loads. (LINT-2)
Warning: In design 'mul', net 'mul16_array_b/GEN_MUL16[1].mul_16_0/wallace_lv6[33][0]' driven by pin 'mul16_array_b/GEN_MUL16[1].mul_16_0/gen_wallace_tree_lv6_HA_1[32].HA_lv6_1/Cout' has no loads. (LINT-2)
Warning: In design 'mul', net 'mul16_array_b/GEN_MUL16[1].mul_16_0/wallace_lv6[32][0]' driven by pin 'mul16_array_b/GEN_MUL16[1].mul_16_0/gen_wallace_tree_lv6_HA_1[31].HA_lv6_1/Cout' has no loads. (LINT-2)
Warning: In design 'mul', net 'mul16_array_b/GEN_MUL16[1].mul_16_0/wallace_lv6[32][1]' driven by pin 'mul16_array_b/GEN_MUL16[1].mul_16_0/gen_wallace_tree_lv6_HA_1[32].HA_lv6_1/Sum' has no loads. (LINT-2)
Warning: In design 'mul', net 'mul16_array_b/GEN_MUL16[0].mul_16_3/wallace_lv6[33][0]' driven by pin 'mul16_array_b/GEN_MUL16[0].mul_16_3/gen_wallace_tree_lv6_HA_1[32].HA_lv6_1/Cout' has no loads. (LINT-2)
Warning: In design 'mul', net 'mul16_array_b/GEN_MUL16[0].mul_16_3/wallace_lv6[32][0]' driven by pin 'mul16_array_b/GEN_MUL16[0].mul_16_3/gen_wallace_tree_lv6_HA_1[31].HA_lv6_1/Cout' has no loads. (LINT-2)
Warning: In design 'mul', net 'mul16_array_b/GEN_MUL16[0].mul_16_3/wallace_lv6[32][1]' driven by pin 'mul16_array_b/GEN_MUL16[0].mul_16_3/gen_wallace_tree_lv6_HA_1[32].HA_lv6_1/Sum' has no loads. (LINT-2)
Warning: In design 'mul', net 'mul16_array_b/GEN_MUL16[0].mul_16_2/wallace_lv6[33][0]' driven by pin 'mul16_array_b/GEN_MUL16[0].mul_16_2/gen_wallace_tree_lv6_HA_1[32].HA_lv6_1/Cout' has no loads. (LINT-2)
Warning: In design 'mul', net 'mul16_array_b/GEN_MUL16[0].mul_16_2/wallace_lv6[32][0]' driven by pin 'mul16_array_b/GEN_MUL16[0].mul_16_2/gen_wallace_tree_lv6_HA_1[31].HA_lv6_1/Cout' has no loads. (LINT-2)
Warning: In design 'mul', net 'mul16_array_b/GEN_MUL16[0].mul_16_2/wallace_lv6[32][1]' driven by pin 'mul16_array_b/GEN_MUL16[0].mul_16_2/gen_wallace_tree_lv6_HA_1[32].HA_lv6_1/Sum' has no loads. (LINT-2)
Warning: In design 'mul', net 'mul16_array_b/GEN_MUL16[0].mul_16_1/wallace_lv6[33][0]' driven by pin 'mul16_array_b/GEN_MUL16[0].mul_16_1/gen_wallace_tree_lv6_HA_1[32].HA_lv6_1/Cout' has no loads. (LINT-2)
Warning: In design 'mul', net 'mul16_array_b/GEN_MUL16[0].mul_16_1/wallace_lv6[32][0]' driven by pin 'mul16_array_b/GEN_MUL16[0].mul_16_1/gen_wallace_tree_lv6_HA_1[31].HA_lv6_1/Cout' has no loads. (LINT-2)
Warning: In design 'mul', net 'mul16_array_b/GEN_MUL16[0].mul_16_1/wallace_lv6[32][1]' driven by pin 'mul16_array_b/GEN_MUL16[0].mul_16_1/gen_wallace_tree_lv6_HA_1[32].HA_lv6_1/Sum' has no loads. (LINT-2)
Warning: In design 'mul', net 'mul16_array_b/GEN_MUL16[0].mul_16_0/wallace_lv6[33][0]' driven by pin 'mul16_array_b/GEN_MUL16[0].mul_16_0/gen_wallace_tree_lv6_HA_1[32].HA_lv6_1/Cout' has no loads. (LINT-2)
Warning: In design 'mul', net 'mul16_array_b/GEN_MUL16[0].mul_16_0/wallace_lv6[32][0]' driven by pin 'mul16_array_b/GEN_MUL16[0].mul_16_0/gen_wallace_tree_lv6_HA_1[31].HA_lv6_1/Cout' has no loads. (LINT-2)
Warning: In design 'mul', net 'mul16_array_b/GEN_MUL16[0].mul_16_0/wallace_lv6[32][1]' driven by pin 'mul16_array_b/GEN_MUL16[0].mul_16_0/gen_wallace_tree_lv6_HA_1[32].HA_lv6_1/Sum' has no loads. (LINT-2)
Warning: In design 'mul', net 'mul16_array_a/mul_16_33/wallace_lv6[33][0]' driven by pin 'mul16_array_a/mul_16_33/gen_wallace_tree_lv6_HA_1[32].HA_lv6_1/Cout' has no loads. (LINT-2)
Warning: In design 'mul', net 'mul16_array_a/mul_16_33/wallace_lv6[32][0]' driven by pin 'mul16_array_a/mul_16_33/gen_wallace_tree_lv6_HA_1[31].HA_lv6_1/Cout' has no loads. (LINT-2)
Warning: In design 'mul', net 'mul16_array_a/mul_16_33/wallace_lv6[32][1]' driven by pin 'mul16_array_a/mul_16_33/gen_wallace_tree_lv6_HA_1[32].HA_lv6_1/Sum' has no loads. (LINT-2)
Warning: In design 'mul', net 'mul16_array_a/mul_16_32/wallace_lv6[33][0]' driven by pin 'mul16_array_a/mul_16_32/gen_wallace_tree_lv6_HA_1[32].HA_lv6_1/Cout' has no loads. (LINT-2)
Warning: In design 'mul', net 'mul16_array_a/mul_16_32/wallace_lv6[32][0]' driven by pin 'mul16_array_a/mul_16_32/gen_wallace_tree_lv6_HA_1[31].HA_lv6_1/Cout' has no loads. (LINT-2)
Warning: In design 'mul', net 'mul16_array_a/mul_16_32/wallace_lv6[32][1]' driven by pin 'mul16_array_a/mul_16_32/gen_wallace_tree_lv6_HA_1[32].HA_lv6_1/Sum' has no loads. (LINT-2)
Warning: In design 'mul', net 'mul16_array_a/mul_16_31/wallace_lv6[33][0]' driven by pin 'mul16_array_a/mul_16_31/gen_wallace_tree_lv6_HA_1[32].HA_lv6_1/Cout' has no loads. (LINT-2)
Warning: In design 'mul', net 'mul16_array_a/mul_16_31/wallace_lv6[32][0]' driven by pin 'mul16_array_a/mul_16_31/gen_wallace_tree_lv6_HA_1[31].HA_lv6_1/Cout' has no loads. (LINT-2)
Warning: In design 'mul', net 'mul16_array_a/mul_16_31/wallace_lv6[32][1]' driven by pin 'mul16_array_a/mul_16_31/gen_wallace_tree_lv6_HA_1[32].HA_lv6_1/Sum' has no loads. (LINT-2)
Warning: In design 'mul', net 'mul16_array_a/mul_16_30/wallace_lv6[33][0]' driven by pin 'mul16_array_a/mul_16_30/gen_wallace_tree_lv6_HA_1[32].HA_lv6_1/Cout' has no loads. (LINT-2)
Warning: In design 'mul', net 'mul16_array_a/mul_16_30/wallace_lv6[32][0]' driven by pin 'mul16_array_a/mul_16_30/gen_wallace_tree_lv6_HA_1[31].HA_lv6_1/Cout' has no loads. (LINT-2)
Warning: In design 'mul', net 'mul16_array_a/mul_16_30/wallace_lv6[32][1]' driven by pin 'mul16_array_a/mul_16_30/gen_wallace_tree_lv6_HA_1[32].HA_lv6_1/Sum' has no loads. (LINT-2)
Warning: In design 'mul', net 'mul16_array_a/mul_16_23/wallace_lv6[33][0]' driven by pin 'mul16_array_a/mul_16_23/gen_wallace_tree_lv6_HA_1[32].HA_lv6_1/Cout' has no loads. (LINT-2)
Warning: In design 'mul', net 'mul16_array_a/mul_16_23/wallace_lv6[32][0]' driven by pin 'mul16_array_a/mul_16_23/gen_wallace_tree_lv6_HA_1[31].HA_lv6_1/Cout' has no loads. (LINT-2)
Warning: In design 'mul', net 'mul16_array_a/mul_16_23/wallace_lv6[32][1]' driven by pin 'mul16_array_a/mul_16_23/gen_wallace_tree_lv6_HA_1[32].HA_lv6_1/Sum' has no loads. (LINT-2)
Warning: In design 'mul', net 'mul16_array_a/mul_16_22/wallace_lv6[33][0]' driven by pin 'mul16_array_a/mul_16_22/gen_wallace_tree_lv6_HA_1[32].HA_lv6_1/Cout' has no loads. (LINT-2)
Warning: In design 'mul', net 'mul16_array_a/mul_16_22/wallace_lv6[32][0]' driven by pin 'mul16_array_a/mul_16_22/gen_wallace_tree_lv6_HA_1[31].HA_lv6_1/Cout' has no loads. (LINT-2)
Warning: In design 'mul', net 'mul16_array_a/mul_16_22/wallace_lv6[32][1]' driven by pin 'mul16_array_a/mul_16_22/gen_wallace_tree_lv6_HA_1[32].HA_lv6_1/Sum' has no loads. (LINT-2)
Warning: In design 'mul', net 'mul16_array_a/mul_16_21/wallace_lv6[33][0]' driven by pin 'mul16_array_a/mul_16_21/gen_wallace_tree_lv6_HA_1[32].HA_lv6_1/Cout' has no loads. (LINT-2)
Warning: In design 'mul', net 'mul16_array_a/mul_16_21/wallace_lv6[32][0]' driven by pin 'mul16_array_a/mul_16_21/gen_wallace_tree_lv6_HA_1[31].HA_lv6_1/Cout' has no loads. (LINT-2)
Warning: In design 'mul', net 'mul16_array_a/mul_16_21/wallace_lv6[32][1]' driven by pin 'mul16_array_a/mul_16_21/gen_wallace_tree_lv6_HA_1[32].HA_lv6_1/Sum' has no loads. (LINT-2)
Warning: In design 'mul', net 'mul16_array_a/mul_16_20/wallace_lv6[33][0]' driven by pin 'mul16_array_a/mul_16_20/gen_wallace_tree_lv6_HA_1[32].HA_lv6_1/Cout' has no loads. (LINT-2)
Warning: In design 'mul', net 'mul16_array_a/mul_16_20/wallace_lv6[32][0]' driven by pin 'mul16_array_a/mul_16_20/gen_wallace_tree_lv6_HA_1[31].HA_lv6_1/Cout' has no loads. (LINT-2)
Warning: In design 'mul', net 'mul16_array_a/mul_16_20/wallace_lv6[32][1]' driven by pin 'mul16_array_a/mul_16_20/gen_wallace_tree_lv6_HA_1[32].HA_lv6_1/Sum' has no loads. (LINT-2)
Warning: In design 'mul', net 'mul16_array_a/mul_16_13/wallace_lv6[33][0]' driven by pin 'mul16_array_a/mul_16_13/gen_wallace_tree_lv6_HA_1[32].HA_lv6_1/Cout' has no loads. (LINT-2)
Warning: In design 'mul', net 'mul16_array_a/mul_16_13/wallace_lv6[32][0]' driven by pin 'mul16_array_a/mul_16_13/gen_wallace_tree_lv6_HA_1[31].HA_lv6_1/Cout' has no loads. (LINT-2)
Warning: In design 'mul', net 'mul16_array_a/mul_16_13/wallace_lv6[32][1]' driven by pin 'mul16_array_a/mul_16_13/gen_wallace_tree_lv6_HA_1[32].HA_lv6_1/Sum' has no loads. (LINT-2)
Warning: In design 'mul', net 'mul16_array_a/mul_16_12/wallace_lv6[33][0]' driven by pin 'mul16_array_a/mul_16_12/gen_wallace_tree_lv6_HA_1[32].HA_lv6_1/Cout' has no loads. (LINT-2)
Warning: In design 'mul', net 'mul16_array_a/mul_16_12/wallace_lv6[32][0]' driven by pin 'mul16_array_a/mul_16_12/gen_wallace_tree_lv6_HA_1[31].HA_lv6_1/Cout' has no loads. (LINT-2)
Warning: In design 'mul', net 'mul16_array_a/mul_16_12/wallace_lv6[32][1]' driven by pin 'mul16_array_a/mul_16_12/gen_wallace_tree_lv6_HA_1[32].HA_lv6_1/Sum' has no loads. (LINT-2)
Warning: In design 'mul', net 'mul16_array_a/mul_16_11/wallace_lv6[33][0]' driven by pin 'mul16_array_a/mul_16_11/gen_wallace_tree_lv6_HA_1[32].HA_lv6_1/Cout' has no loads. (LINT-2)
Warning: In design 'mul', net 'mul16_array_a/mul_16_11/wallace_lv6[32][0]' driven by pin 'mul16_array_a/mul_16_11/gen_wallace_tree_lv6_HA_1[31].HA_lv6_1/Cout' has no loads. (LINT-2)
Warning: In design 'mul', net 'mul16_array_a/mul_16_11/wallace_lv6[32][1]' driven by pin 'mul16_array_a/mul_16_11/gen_wallace_tree_lv6_HA_1[32].HA_lv6_1/Sum' has no loads. (LINT-2)
Warning: In design 'mul', net 'mul16_array_a/mul_16_10/wallace_lv6[33][0]' driven by pin 'mul16_array_a/mul_16_10/gen_wallace_tree_lv6_HA_1[32].HA_lv6_1/Cout' has no loads. (LINT-2)
Warning: In design 'mul', net 'mul16_array_a/mul_16_10/wallace_lv6[32][0]' driven by pin 'mul16_array_a/mul_16_10/gen_wallace_tree_lv6_HA_1[31].HA_lv6_1/Cout' has no loads. (LINT-2)
Warning: In design 'mul', net 'mul16_array_a/mul_16_10/wallace_lv6[32][1]' driven by pin 'mul16_array_a/mul_16_10/gen_wallace_tree_lv6_HA_1[32].HA_lv6_1/Sum' has no loads. (LINT-2)
Warning: In design 'mul', net 'mul16_array_a/mul_16_03/wallace_lv6[33][0]' driven by pin 'mul16_array_a/mul_16_03/gen_wallace_tree_lv6_HA_1[32].HA_lv6_1/Cout' has no loads. (LINT-2)
Warning: In design 'mul', net 'mul16_array_a/mul_16_03/wallace_lv6[32][0]' driven by pin 'mul16_array_a/mul_16_03/gen_wallace_tree_lv6_HA_1[31].HA_lv6_1/Cout' has no loads. (LINT-2)
Warning: In design 'mul', net 'mul16_array_a/mul_16_03/wallace_lv6[32][1]' driven by pin 'mul16_array_a/mul_16_03/gen_wallace_tree_lv6_HA_1[32].HA_lv6_1/Sum' has no loads. (LINT-2)
Warning: In design 'mul', net 'mul16_array_a/mul_16_02/wallace_lv6[33][0]' driven by pin 'mul16_array_a/mul_16_02/gen_wallace_tree_lv6_HA_1[32].HA_lv6_1/Cout' has no loads. (LINT-2)
Warning: In design 'mul', net 'mul16_array_a/mul_16_02/wallace_lv6[32][0]' driven by pin 'mul16_array_a/mul_16_02/gen_wallace_tree_lv6_HA_1[31].HA_lv6_1/Cout' has no loads. (LINT-2)
Warning: In design 'mul', net 'mul16_array_a/mul_16_02/wallace_lv6[32][1]' driven by pin 'mul16_array_a/mul_16_02/gen_wallace_tree_lv6_HA_1[32].HA_lv6_1/Sum' has no loads. (LINT-2)
Warning: In design 'mul', net 'mul16_array_a/mul_16_01/wallace_lv6[33][0]' driven by pin 'mul16_array_a/mul_16_01/gen_wallace_tree_lv6_HA_1[32].HA_lv6_1/Cout' has no loads. (LINT-2)
Warning: In design 'mul', net 'mul16_array_a/mul_16_01/wallace_lv6[32][0]' driven by pin 'mul16_array_a/mul_16_01/gen_wallace_tree_lv6_HA_1[31].HA_lv6_1/Cout' has no loads. (LINT-2)
Warning: In design 'mul', net 'mul16_array_a/mul_16_01/wallace_lv6[32][1]' driven by pin 'mul16_array_a/mul_16_01/gen_wallace_tree_lv6_HA_1[32].HA_lv6_1/Sum' has no loads. (LINT-2)
Warning: In design 'mul', port 'mode[0]' is not connected to any nets. (LINT-28)
Warning: In design 'CLA33_mydesign_7', port 'Cin' is not connected to any nets. (LINT-28)
Warning: In design 'CLA17_mydesign_7', port 'Cin' is not connected to any nets. (LINT-28)
Warning: In design 'CLA33_mydesign_0', port 'Cin' is not connected to any nets. (LINT-28)
Warning: In design 'CLA33_mydesign_1', port 'Cin' is not connected to any nets. (LINT-28)
Warning: In design 'CLA33_mydesign_2', port 'Cin' is not connected to any nets. (LINT-28)
Warning: In design 'CLA33_mydesign_3', port 'Cin' is not connected to any nets. (LINT-28)
Warning: In design 'CLA33_mydesign_4', port 'Cin' is not connected to any nets. (LINT-28)
Warning: In design 'CLA33_mydesign_5', port 'Cin' is not connected to any nets. (LINT-28)
Warning: In design 'CLA33_mydesign_6', port 'Cin' is not connected to any nets. (LINT-28)
Warning: In design 'CLA17_mydesign_0', port 'Cin' is not connected to any nets. (LINT-28)
Warning: In design 'CLA17_mydesign_1', port 'Cin' is not connected to any nets. (LINT-28)
Warning: In design 'CLA17_mydesign_2', port 'Cin' is not connected to any nets. (LINT-28)
Warning: In design 'CLA17_mydesign_3', port 'Cin' is not connected to any nets. (LINT-28)
Warning: In design 'CLA17_mydesign_4', port 'Cin' is not connected to any nets. (LINT-28)
Warning: In design 'CLA17_mydesign_5', port 'Cin' is not connected to any nets. (LINT-28)
Warning: In design 'CLA17_mydesign_6', port 'Cin' is not connected to any nets. (LINT-28)
Warning: In design 'LOD_64_mydesign_7', output port 'position[11]' is connected directly to output port 'position[7]'. (LINT-31)
Warning: In design 'LOD_64_mydesign_7', output port 'position[11]' is connected directly to output port 'position[8]'. (LINT-31)
Warning: In design 'LOD_64_mydesign_7', output port 'position[11]' is connected directly to output port 'position[9]'. (LINT-31)
Warning: In design 'LOD_64_mydesign_7', output port 'position[11]' is connected directly to output port 'position[10]'. (LINT-31)
Warning: In design 'LOD_64_mydesign_0', output port 'position[11]' is connected directly to output port 'position[7]'. (LINT-31)
Warning: In design 'LOD_64_mydesign_0', output port 'position[11]' is connected directly to output port 'position[8]'. (LINT-31)
Warning: In design 'LOD_64_mydesign_0', output port 'position[11]' is connected directly to output port 'position[9]'. (LINT-31)
Warning: In design 'LOD_64_mydesign_0', output port 'position[11]' is connected directly to output port 'position[10]'. (LINT-31)
Warning: In design 'LOD_64_mydesign_1', output port 'position[11]' is connected directly to output port 'position[7]'. (LINT-31)
Warning: In design 'LOD_64_mydesign_1', output port 'position[11]' is connected directly to output port 'position[8]'. (LINT-31)
Warning: In design 'LOD_64_mydesign_1', output port 'position[11]' is connected directly to output port 'position[9]'. (LINT-31)
Warning: In design 'LOD_64_mydesign_1', output port 'position[11]' is connected directly to output port 'position[10]'. (LINT-31)
Warning: In design 'LOD_64_mydesign_2', output port 'position[11]' is connected directly to output port 'position[7]'. (LINT-31)
Warning: In design 'LOD_64_mydesign_2', output port 'position[11]' is connected directly to output port 'position[8]'. (LINT-31)
Warning: In design 'LOD_64_mydesign_2', output port 'position[11]' is connected directly to output port 'position[9]'. (LINT-31)
Warning: In design 'LOD_64_mydesign_2', output port 'position[11]' is connected directly to output port 'position[10]'. (LINT-31)
Warning: In design 'LOD_64_mydesign_3', output port 'position[11]' is connected directly to output port 'position[7]'. (LINT-31)
Warning: In design 'LOD_64_mydesign_3', output port 'position[11]' is connected directly to output port 'position[8]'. (LINT-31)
Warning: In design 'LOD_64_mydesign_3', output port 'position[11]' is connected directly to output port 'position[9]'. (LINT-31)
Warning: In design 'LOD_64_mydesign_3', output port 'position[11]' is connected directly to output port 'position[10]'. (LINT-31)
Warning: In design 'LOD_64_mydesign_4', output port 'position[11]' is connected directly to output port 'position[7]'. (LINT-31)
Warning: In design 'LOD_64_mydesign_4', output port 'position[11]' is connected directly to output port 'position[8]'. (LINT-31)
Warning: In design 'LOD_64_mydesign_4', output port 'position[11]' is connected directly to output port 'position[9]'. (LINT-31)
Warning: In design 'LOD_64_mydesign_4', output port 'position[11]' is connected directly to output port 'position[10]'. (LINT-31)
Warning: In design 'LOD_64_mydesign_5', output port 'position[11]' is connected directly to output port 'position[7]'. (LINT-31)
Warning: In design 'LOD_64_mydesign_5', output port 'position[11]' is connected directly to output port 'position[8]'. (LINT-31)
Warning: In design 'LOD_64_mydesign_5', output port 'position[11]' is connected directly to output port 'position[9]'. (LINT-31)
Warning: In design 'LOD_64_mydesign_5', output port 'position[11]' is connected directly to output port 'position[10]'. (LINT-31)
Warning: In design 'LOD_64_mydesign_6', output port 'position[11]' is connected directly to output port 'position[7]'. (LINT-31)
Warning: In design 'LOD_64_mydesign_6', output port 'position[11]' is connected directly to output port 'position[8]'. (LINT-31)
Warning: In design 'LOD_64_mydesign_6', output port 'position[11]' is connected directly to output port 'position[9]'. (LINT-31)
Warning: In design 'LOD_64_mydesign_6', output port 'position[11]' is connected directly to output port 'position[10]'. (LINT-31)
Warning: In design 'mul', a pin on submodule 'mul16_array_a' is connected to logic 1 or logic 0. (LINT-32)
   Pin 'in_A[63]' is connected to logic 0. 
Warning: In design 'mul', a pin on submodule 'mul16_array_a' is connected to logic 1 or logic 0. (LINT-32)
   Pin 'in_A[62]' is connected to logic 0. 
Warning: In design 'mul', a pin on submodule 'mul16_array_a' is connected to logic 1 or logic 0. (LINT-32)
   Pin 'in_A[61]' is connected to logic 0. 
Warning: In design 'mul', a pin on submodule 'mul16_array_a' is connected to logic 1 or logic 0. (LINT-32)
   Pin 'in_A[60]' is connected to logic 0. 
Warning: In design 'mul', a pin on submodule 'mul16_array_a' is connected to logic 1 or logic 0. (LINT-32)
   Pin 'in_A[59]' is connected to logic 0. 
Warning: In design 'mul', a pin on submodule 'mul16_array_a' is connected to logic 1 or logic 0. (LINT-32)
   Pin 'in_A[58]' is connected to logic 0. 
Warning: In design 'mul', a pin on submodule 'mul16_array_a' is connected to logic 1 or logic 0. (LINT-32)
   Pin 'in_A[57]' is connected to logic 0. 
Warning: In design 'mul', a pin on submodule 'mul16_array_a' is connected to logic 1 or logic 0. (LINT-32)
   Pin 'in_A[56]' is connected to logic 0. 
Warning: In design 'mul', a pin on submodule 'mul16_array_a' is connected to logic 1 or logic 0. (LINT-32)
   Pin 'in_A[55]' is connected to logic 0. 
Warning: In design 'mul', a pin on submodule 'mul16_array_a' is connected to logic 1 or logic 0. (LINT-32)
   Pin 'in_A[54]' is connected to logic 0. 
Warning: In design 'mul', a pin on submodule 'mul16_array_a' is connected to logic 1 or logic 0. (LINT-32)
   Pin 'in_A[53]' is connected to logic 0. 
Warning: In design 'mul', a pin on submodule 'mul16_array_b' is connected to logic 1 or logic 0. (LINT-32)
   Pin 'in_A[63]' is connected to logic 0. 
Warning: In design 'mul', a pin on submodule 'mul16_array_b' is connected to logic 1 or logic 0. (LINT-32)
   Pin 'in_A[62]' is connected to logic 0. 
Warning: In design 'mul', a pin on submodule 'mul16_array_b' is connected to logic 1 or logic 0. (LINT-32)
   Pin 'in_A[61]' is connected to logic 0. 
Warning: In design 'mul', a pin on submodule 'mul16_array_b' is connected to logic 1 or logic 0. (LINT-32)
   Pin 'in_A[60]' is connected to logic 0. 
Warning: In design 'mul', a pin on submodule 'mul16_array_b' is connected to logic 1 or logic 0. (LINT-32)
   Pin 'in_A[59]' is connected to logic 0. 
Warning: In design 'mul', a pin on submodule 'mul16_array_b' is connected to logic 1 or logic 0. (LINT-32)
   Pin 'in_A[58]' is connected to logic 0. 
Warning: In design 'mul', a pin on submodule 'mul16_array_b' is connected to logic 1 or logic 0. (LINT-32)
   Pin 'in_A[57]' is connected to logic 0. 
Warning: In design 'mul', a pin on submodule 'mul16_array_b' is connected to logic 1 or logic 0. (LINT-32)
   Pin 'in_A[56]' is connected to logic 0. 
Warning: In design 'mul', a pin on submodule 'mul16_array_b' is connected to logic 1 or logic 0. (LINT-32)
   Pin 'in_A[55]' is connected to logic 0. 
Warning: In design 'mul', a pin on submodule 'mul16_array_b' is connected to logic 1 or logic 0. (LINT-32)
   Pin 'in_A[54]' is connected to logic 0. 
Warning: In design 'mul', a pin on submodule 'mul16_array_b' is connected to logic 1 or logic 0. (LINT-32)
   Pin 'in_A[53]' is connected to logic 0. 
Warning: In design 'mul', a pin on submodule 'mul16_array_b' is connected to logic 1 or logic 0. (LINT-32)
   Pin 'in_B[63]' is connected to logic 0. 
Warning: In design 'mul', a pin on submodule 'mul16_array_b' is connected to logic 1 or logic 0. (LINT-32)
   Pin 'in_B[62]' is connected to logic 0. 
Warning: In design 'mul', a pin on submodule 'mul16_array_b' is connected to logic 1 or logic 0. (LINT-32)
   Pin 'in_B[61]' is connected to logic 0. 
Warning: In design 'mul', a pin on submodule 'mul16_array_b' is connected to logic 1 or logic 0. (LINT-32)
   Pin 'in_B[60]' is connected to logic 0. 
Warning: In design 'mul', a pin on submodule 'mul16_array_b' is connected to logic 1 or logic 0. (LINT-32)
   Pin 'in_B[59]' is connected to logic 0. 
Warning: In design 'mul', a pin on submodule 'mul16_array_b' is connected to logic 1 or logic 0. (LINT-32)
   Pin 'in_B[58]' is connected to logic 0. 
Warning: In design 'mul', a pin on submodule 'mul16_array_b' is connected to logic 1 or logic 0. (LINT-32)
   Pin 'in_B[57]' is connected to logic 0. 
Warning: In design 'mul', a pin on submodule 'mul16_array_b' is connected to logic 1 or logic 0. (LINT-32)
   Pin 'in_B[56]' is connected to logic 0. 
Warning: In design 'mul', a pin on submodule 'mul16_array_b' is connected to logic 1 or logic 0. (LINT-32)
   Pin 'in_B[55]' is connected to logic 0. 
Warning: In design 'mul', a pin on submodule 'mul16_array_b' is connected to logic 1 or logic 0. (LINT-32)
   Pin 'in_B[54]' is connected to logic 0. 
Warning: In design 'mul', a pin on submodule 'mul16_array_b' is connected to logic 1 or logic 0. (LINT-32)
   Pin 'in_B[53]' is connected to logic 0. 
Warning: In design 'mul', a pin on submodule 'mul16_array_c' is connected to logic 1 or logic 0. (LINT-32)
   Pin 'in_A[63]' is connected to logic 0. 
Warning: In design 'mul', a pin on submodule 'mul16_array_c' is connected to logic 1 or logic 0. (LINT-32)
   Pin 'in_A[62]' is connected to logic 0. 
Warning: In design 'mul', a pin on submodule 'mul16_array_c' is connected to logic 1 or logic 0. (LINT-32)
   Pin 'in_A[61]' is connected to logic 0. 
Warning: In design 'mul', a pin on submodule 'mul16_array_c' is connected to logic 1 or logic 0. (LINT-32)
   Pin 'in_A[60]' is connected to logic 0. 
Warning: In design 'mul', a pin on submodule 'mul16_array_c' is connected to logic 1 or logic 0. (LINT-32)
   Pin 'in_A[59]' is connected to logic 0. 
Warning: In design 'mul', a pin on submodule 'mul16_array_c' is connected to logic 1 or logic 0. (LINT-32)
   Pin 'in_A[58]' is connected to logic 0. 
Warning: In design 'mul', a pin on submodule 'mul16_array_c' is connected to logic 1 or logic 0. (LINT-32)
   Pin 'in_A[57]' is connected to logic 0. 
Warning: In design 'mul', a pin on submodule 'mul16_array_c' is connected to logic 1 or logic 0. (LINT-32)
   Pin 'in_A[56]' is connected to logic 0. 
Warning: In design 'mul', a pin on submodule 'mul16_array_c' is connected to logic 1 or logic 0. (LINT-32)
   Pin 'in_A[55]' is connected to logic 0. 
Warning: In design 'mul', a pin on submodule 'mul16_array_c' is connected to logic 1 or logic 0. (LINT-32)
   Pin 'in_A[54]' is connected to logic 0. 
Warning: In design 'mul', a pin on submodule 'mul16_array_c' is connected to logic 1 or logic 0. (LINT-32)
   Pin 'in_A[53]' is connected to logic 0. 
Warning: In design 'mul', a pin on submodule 'mul16_array_c' is connected to logic 1 or logic 0. (LINT-32)
   Pin 'in_B[63]' is connected to logic 0. 
Warning: In design 'mul', a pin on submodule 'mul16_array_c' is connected to logic 1 or logic 0. (LINT-32)
   Pin 'in_B[62]' is connected to logic 0. 
Warning: In design 'mul', a pin on submodule 'mul16_array_c' is connected to logic 1 or logic 0. (LINT-32)
   Pin 'in_B[61]' is connected to logic 0. 
Warning: In design 'mul', a pin on submodule 'mul16_array_c' is connected to logic 1 or logic 0. (LINT-32)
   Pin 'in_B[60]' is connected to logic 0. 
Warning: In design 'mul', a pin on submodule 'mul16_array_c' is connected to logic 1 or logic 0. (LINT-32)
   Pin 'in_B[59]' is connected to logic 0. 
Warning: In design 'mul', a pin on submodule 'mul16_array_c' is connected to logic 1 or logic 0. (LINT-32)
   Pin 'in_B[58]' is connected to logic 0. 
Warning: In design 'mul', a pin on submodule 'mul16_array_c' is connected to logic 1 or logic 0. (LINT-32)
   Pin 'in_B[57]' is connected to logic 0. 
Warning: In design 'mul', a pin on submodule 'mul16_array_c' is connected to logic 1 or logic 0. (LINT-32)
   Pin 'in_B[56]' is connected to logic 0. 
Warning: In design 'mul', a pin on submodule 'mul16_array_c' is connected to logic 1 or logic 0. (LINT-32)
   Pin 'in_B[55]' is connected to logic 0. 
Warning: In design 'mul', a pin on submodule 'mul16_array_c' is connected to logic 1 or logic 0. (LINT-32)
   Pin 'in_B[54]' is connected to logic 0. 
Warning: In design 'mul', a pin on submodule 'mul16_array_c' is connected to logic 1 or logic 0. (LINT-32)
   Pin 'in_B[53]' is connected to logic 0. 
Warning: In design 'mul', a pin on submodule 'Wallace_tree_a' is connected to logic 1 or logic 0. (LINT-32)
   Pin 'mode' is connected to logic 0. 
Warning: In design 'mul', a pin on submodule 'Wallace_tree_a' is connected to logic 1 or logic 0. (LINT-32)
   Pin 'in_A[130]' is connected to logic 0. 
Warning: In design 'mul', a pin on submodule 'Wallace_tree_a' is connected to logic 1 or logic 0. (LINT-32)
   Pin 'in_A[129]' is connected to logic 0. 
Warning: In design 'mul', a pin on submodule 'Wallace_tree_a' is connected to logic 1 or logic 0. (LINT-32)
   Pin 'in_A[128]' is connected to logic 0. 
Warning: In design 'mul', a pin on submodule 'Wallace_tree_a' is connected to logic 1 or logic 0. (LINT-32)
   Pin 'in_A[127]' is connected to logic 0. 
Warning: In design 'mul', a pin on submodule 'Wallace_tree_a' is connected to logic 1 or logic 0. (LINT-32)
   Pin 'in_A[126]' is connected to logic 0. 
Warning: In design 'mul', a pin on submodule 'Wallace_tree_a' is connected to logic 1 or logic 0. (LINT-32)
   Pin 'in_A[125]' is connected to logic 0. 
Warning: In design 'mul', a pin on submodule 'Wallace_tree_a' is connected to logic 1 or logic 0. (LINT-32)
   Pin 'in_A[124]' is connected to logic 0. 
Warning: In design 'mul', a pin on submodule 'Wallace_tree_a' is connected to logic 1 or logic 0. (LINT-32)
   Pin 'in_A[123]' is connected to logic 0. 
Warning: In design 'mul', a pin on submodule 'Wallace_tree_a' is connected to logic 1 or logic 0. (LINT-32)
   Pin 'in_A[122]' is connected to logic 0. 
Warning: In design 'mul', a pin on submodule 'Wallace_tree_a' is connected to logic 1 or logic 0. (LINT-32)
   Pin 'in_A[121]' is connected to logic 0. 
Warning: In design 'mul', a pin on submodule 'Wallace_tree_a' is connected to logic 1 or logic 0. (LINT-32)
   Pin 'in_A[120]' is connected to logic 0. 
Warning: In design 'mul', a pin on submodule 'Wallace_tree_a' is connected to logic 1 or logic 0. (LINT-32)
   Pin 'in_A[119]' is connected to logic 0. 
Warning: In design 'mul', a pin on submodule 'Wallace_tree_a' is connected to logic 1 or logic 0. (LINT-32)
   Pin 'in_A[118]' is connected to logic 0. 
Warning: In design 'mul', a pin on submodule 'Wallace_tree_a' is connected to logic 1 or logic 0. (LINT-32)
   Pin 'in_A[117]' is connected to logic 0. 
Warning: In design 'mul', a pin on submodule 'Wallace_tree_a' is connected to logic 1 or logic 0. (LINT-32)
   Pin 'in_A[116]' is connected to logic 0. 
Warning: In design 'mul', a pin on submodule 'Wallace_tree_a' is connected to logic 1 or logic 0. (LINT-32)
   Pin 'in_A[115]' is connected to logic 0. 
Warning: In design 'mul', a pin on submodule 'Wallace_tree_a' is connected to logic 1 or logic 0. (LINT-32)
   Pin 'in_A[114]' is connected to logic 0. 
Warning: In design 'mul', a pin on submodule 'Wallace_tree_a' is connected to logic 1 or logic 0. (LINT-32)
   Pin 'in_A[113]' is connected to logic 0. 
Warning: In design 'mul', a pin on submodule 'Wallace_tree_a' is connected to logic 1 or logic 0. (LINT-32)
   Pin 'in_A[112]' is connected to logic 0. 
Warning: In design 'mul', a pin on submodule 'Wallace_tree_a' is connected to logic 1 or logic 0. (LINT-32)
   Pin 'in_A[111]' is connected to logic 0. 
Warning: In design 'mul', a pin on submodule 'Wallace_tree_a' is connected to logic 1 or logic 0. (LINT-32)
   Pin 'in_A[110]' is connected to logic 0. 
Warning: In design 'mul', a pin on submodule 'Wallace_tree_a' is connected to logic 1 or logic 0. (LINT-32)
   Pin 'in_A[109]' is connected to logic 0. 
Warning: In design 'mul', a pin on submodule 'Wallace_tree_a' is connected to logic 1 or logic 0. (LINT-32)
   Pin 'in_A[108]' is connected to logic 0. 
Warning: In design 'mul', a pin on submodule 'Wallace_tree_a' is connected to logic 1 or logic 0. (LINT-32)
   Pin 'in_A[107]' is connected to logic 0. 
Warning: In design 'mul', a pin on submodule 'Wallace_tree_a' is connected to logic 1 or logic 0. (LINT-32)
   Pin 'in_A[106]' is connected to logic 0. 
Warning: In design 'mul', a pin on submodule 'Wallace_tree_a' is connected to logic 1 or logic 0. (LINT-32)
   Pin 'in_A[105]' is connected to logic 0. 
Warning: In design 'mul', a pin on submodule 'Wallace_tree_a' is connected to logic 1 or logic 0. (LINT-32)
   Pin 'in_A[104]' is connected to logic 0. 
Warning: In design 'mul', a pin on submodule 'Wallace_tree_a' is connected to logic 1 or logic 0. (LINT-32)
   Pin 'in_A[103]' is connected to logic 0. 
Warning: In design 'mul', a pin on submodule 'Wallace_tree_a' is connected to logic 1 or logic 0. (LINT-32)
   Pin 'in_A[102]' is connected to logic 0. 
Warning: In design 'mul', a pin on submodule 'Wallace_tree_a' is connected to logic 1 or logic 0. (LINT-32)
   Pin 'in_A[101]' is connected to logic 0. 
Warning: In design 'mul', a pin on submodule 'Wallace_tree_a' is connected to logic 1 or logic 0. (LINT-32)
   Pin 'in_A[100]' is connected to logic 0. 
Warning: In design 'mul', a pin on submodule 'Wallace_tree_a' is connected to logic 1 or logic 0. (LINT-32)
   Pin 'in_A[99]' is connected to logic 0. 
Warning: In design 'mul', a pin on submodule 'Wallace_tree_a' is connected to logic 1 or logic 0. (LINT-32)
   Pin 'in_A[98]' is connected to logic 0. 
Warning: In design 'mul', a pin on submodule 'Wallace_tree_a' is connected to logic 1 or logic 0. (LINT-32)
   Pin 'in_A[97]' is connected to logic 0. 
Warning: In design 'mul', a pin on submodule 'Wallace_tree_a' is connected to logic 1 or logic 0. (LINT-32)
   Pin 'in_A[96]' is connected to logic 0. 
Warning: In design 'mul', a pin on submodule 'Wallace_tree_a' is connected to logic 1 or logic 0. (LINT-32)
   Pin 'in_A[95]' is connected to logic 0. 
Warning: In design 'mul', a pin on submodule 'Wallace_tree_a' is connected to logic 1 or logic 0. (LINT-32)
   Pin 'in_A[94]' is connected to logic 0. 
Warning: In design 'mul', a pin on submodule 'Wallace_tree_a' is connected to logic 1 or logic 0. (LINT-32)
   Pin 'in_A[93]' is connected to logic 0. 
Warning: In design 'mul', a pin on submodule 'Wallace_tree_a' is connected to logic 1 or logic 0. (LINT-32)
   Pin 'in_A[92]' is connected to logic 0. 
Warning: In design 'mul', a pin on submodule 'Wallace_tree_a' is connected to logic 1 or logic 0. (LINT-32)
   Pin 'in_A[91]' is connected to logic 0. 
Warning: In design 'mul', a pin on submodule 'Wallace_tree_a' is connected to logic 1 or logic 0. (LINT-32)
   Pin 'in_A[90]' is connected to logic 0. 
Warning: In design 'mul', a pin on submodule 'Wallace_tree_a' is connected to logic 1 or logic 0. (LINT-32)
   Pin 'in_A[89]' is connected to logic 0. 
Warning: In design 'mul', a pin on submodule 'Wallace_tree_a' is connected to logic 1 or logic 0. (LINT-32)
   Pin 'in_A[88]' is connected to logic 0. 
Warning: In design 'mul', a pin on submodule 'Wallace_tree_a' is connected to logic 1 or logic 0. (LINT-32)
   Pin 'in_A[87]' is connected to logic 0. 
Warning: In design 'mul', a pin on submodule 'Wallace_tree_a' is connected to logic 1 or logic 0. (LINT-32)
   Pin 'in_A[86]' is connected to logic 0. 
Warning: In design 'mul', a pin on submodule 'Wallace_tree_a' is connected to logic 1 or logic 0. (LINT-32)
   Pin 'in_A[85]' is connected to logic 0. 
Warning: In design 'mul', a pin on submodule 'Wallace_tree_a' is connected to logic 1 or logic 0. (LINT-32)
   Pin 'in_A[84]' is connected to logic 0. 
Warning: In design 'mul', a pin on submodule 'Wallace_tree_a' is connected to logic 1 or logic 0. (LINT-32)
   Pin 'in_A[83]' is connected to logic 0. 
Warning: In design 'mul', a pin on submodule 'Wallace_tree_a' is connected to logic 1 or logic 0. (LINT-32)
   Pin 'in_A[82]' is connected to logic 0. 
Warning: In design 'mul', a pin on submodule 'Wallace_tree_a' is connected to logic 1 or logic 0. (LINT-32)
   Pin 'in_A[81]' is connected to logic 0. 
Warning: In design 'mul', a pin on submodule 'Wallace_tree_a' is connected to logic 1 or logic 0. (LINT-32)
   Pin 'in_A[80]' is connected to logic 0. 
Warning: In design 'mul', a pin on submodule 'Wallace_tree_a' is connected to logic 1 or logic 0. (LINT-32)
   Pin 'in_A[79]' is connected to logic 0. 
Warning: In design 'mul', a pin on submodule 'Wallace_tree_a' is connected to logic 1 or logic 0. (LINT-32)
   Pin 'in_A[78]' is connected to logic 0. 
Warning: In design 'mul', a pin on submodule 'Wallace_tree_a' is connected to logic 1 or logic 0. (LINT-32)
   Pin 'in_A[77]' is connected to logic 0. 
Warning: In design 'mul', a pin on submodule 'Wallace_tree_a' is connected to logic 1 or logic 0. (LINT-32)
   Pin 'in_A[76]' is connected to logic 0. 
Warning: In design 'mul', a pin on submodule 'Wallace_tree_a' is connected to logic 1 or logic 0. (LINT-32)
   Pin 'in_A[75]' is connected to logic 0. 
Warning: In design 'mul', a pin on submodule 'Wallace_tree_a' is connected to logic 1 or logic 0. (LINT-32)
   Pin 'in_A[74]' is connected to logic 0. 
Warning: In design 'mul', a pin on submodule 'Wallace_tree_a' is connected to logic 1 or logic 0. (LINT-32)
   Pin 'in_A[73]' is connected to logic 0. 
Warning: In design 'mul', a pin on submodule 'Wallace_tree_a' is connected to logic 1 or logic 0. (LINT-32)
   Pin 'in_A[72]' is connected to logic 0. 
Warning: In design 'mul', a pin on submodule 'Wallace_tree_a' is connected to logic 1 or logic 0. (LINT-32)
   Pin 'in_A[71]' is connected to logic 0. 
Warning: In design 'mul', a pin on submodule 'Wallace_tree_a' is connected to logic 1 or logic 0. (LINT-32)
   Pin 'in_A[70]' is connected to logic 0. 
Warning: In design 'mul', a pin on submodule 'Wallace_tree_a' is connected to logic 1 or logic 0. (LINT-32)
   Pin 'in_A[69]' is connected to logic 0. 
Warning: In design 'mul', a pin on submodule 'Wallace_tree_a' is connected to logic 1 or logic 0. (LINT-32)
   Pin 'in_A[68]' is connected to logic 0. 
Warning: In design 'mul', a pin on submodule 'Wallace_tree_a' is connected to logic 1 or logic 0. (LINT-32)
   Pin 'in_A[67]' is connected to logic 0. 
Warning: In design 'mul', a pin on submodule 'Wallace_tree_a' is connected to logic 1 or logic 0. (LINT-32)
   Pin 'in_A[66]' is connected to logic 0. 
Warning: In design 'mul', a pin on submodule 'Wallace_tree_a' is connected to logic 1 or logic 0. (LINT-32)
   Pin 'in_A[65]' is connected to logic 0. 
Warning: In design 'mul', a pin on submodule 'Wallace_tree_a' is connected to logic 1 or logic 0. (LINT-32)
   Pin 'in_A[64]' is connected to logic 0. 
Warning: In design 'mul', a pin on submodule 'Wallace_tree_a' is connected to logic 1 or logic 0. (LINT-32)
   Pin 'in_A[63]' is connected to logic 0. 
Warning: In design 'mul', a pin on submodule 'Wallace_tree_a' is connected to logic 1 or logic 0. (LINT-32)
   Pin 'in_A[62]' is connected to logic 0. 
Warning: In design 'mul', a pin on submodule 'Wallace_tree_a' is connected to logic 1 or logic 0. (LINT-32)
   Pin 'in_A[61]' is connected to logic 0. 
Warning: In design 'mul', a pin on submodule 'Wallace_tree_a' is connected to logic 1 or logic 0. (LINT-32)
   Pin 'in_A[60]' is connected to logic 0. 
Warning: In design 'mul', a pin on submodule 'Wallace_tree_a' is connected to logic 1 or logic 0. (LINT-32)
   Pin 'in_A[59]' is connected to logic 0. 
Warning: In design 'mul', a pin on submodule 'Wallace_tree_a' is connected to logic 1 or logic 0. (LINT-32)
   Pin 'in_A[58]' is connected to logic 0. 
Warning: In design 'mul', a pin on submodule 'Wallace_tree_a' is connected to logic 1 or logic 0. (LINT-32)
   Pin 'in_A[57]' is connected to logic 0. 
Warning: In design 'mul', a pin on submodule 'Wallace_tree_a' is connected to logic 1 or logic 0. (LINT-32)
   Pin 'in_A[56]' is connected to logic 0. 
Warning: In design 'mul', a pin on submodule 'Wallace_tree_a' is connected to logic 1 or logic 0. (LINT-32)
   Pin 'in_A[55]' is connected to logic 0. 
Warning: In design 'mul', a pin on submodule 'Wallace_tree_a' is connected to logic 1 or logic 0. (LINT-32)
   Pin 'in_A[54]' is connected to logic 0. 
Warning: In design 'mul', a pin on submodule 'Wallace_tree_a' is connected to logic 1 or logic 0. (LINT-32)
   Pin 'in_A[53]' is connected to logic 0. 
Warning: In design 'mul', a pin on submodule 'Wallace_tree_a' is connected to logic 1 or logic 0. (LINT-32)
   Pin 'in_A[52]' is connected to logic 0. 
Warning: In design 'mul', a pin on submodule 'Wallace_tree_a' is connected to logic 1 or logic 0. (LINT-32)
   Pin 'in_A[51]' is connected to logic 0. 
Warning: In design 'mul', a pin on submodule 'Wallace_tree_a' is connected to logic 1 or logic 0. (LINT-32)
   Pin 'in_A[50]' is connected to logic 0. 
Warning: In design 'mul', a pin on submodule 'Wallace_tree_a' is connected to logic 1 or logic 0. (LINT-32)
   Pin 'in_A[49]' is connected to logic 0. 
Warning: In design 'mul', a pin on submodule 'Wallace_tree_a' is connected to logic 1 or logic 0. (LINT-32)
   Pin 'in_A[48]' is connected to logic 0. 
Warning: In design 'mul', a pin on submodule 'Wallace_tree_a' is connected to logic 1 or logic 0. (LINT-32)
   Pin 'in_A[47]' is connected to logic 0. 
Warning: In design 'mul', a pin on submodule 'Wallace_tree_a' is connected to logic 1 or logic 0. (LINT-32)
   Pin 'in_A[46]' is connected to logic 0. 
Warning: In design 'mul', a pin on submodule 'Wallace_tree_a' is connected to logic 1 or logic 0. (LINT-32)
   Pin 'in_A[45]' is connected to logic 0. 
Warning: In design 'mul', a pin on submodule 'Wallace_tree_a' is connected to logic 1 or logic 0. (LINT-32)
   Pin 'in_A[44]' is connected to logic 0. 
Warning: In design 'mul', a pin on submodule 'Wallace_tree_a' is connected to logic 1 or logic 0. (LINT-32)
   Pin 'in_A[43]' is connected to logic 0. 
Warning: In design 'mul', a pin on submodule 'Wallace_tree_a' is connected to logic 1 or logic 0. (LINT-32)
   Pin 'in_A[42]' is connected to logic 0. 
Warning: In design 'mul', a pin on submodule 'Wallace_tree_a' is connected to logic 1 or logic 0. (LINT-32)
   Pin 'in_A[41]' is connected to logic 0. 
Warning: In design 'mul', a pin on submodule 'Wallace_tree_a' is connected to logic 1 or logic 0. (LINT-32)
   Pin 'in_A[40]' is connected to logic 0. 
Warning: In design 'mul', a pin on submodule 'Wallace_tree_a' is connected to logic 1 or logic 0. (LINT-32)
   Pin 'in_A[39]' is connected to logic 0. 
Warning: In design 'mul', a pin on submodule 'Wallace_tree_a' is connected to logic 1 or logic 0. (LINT-32)
   Pin 'in_A[38]' is connected to logic 0. 
Warning: In design 'mul', a pin on submodule 'Wallace_tree_a' is connected to logic 1 or logic 0. (LINT-32)
   Pin 'in_A[37]' is connected to logic 0. 
Warning: In design 'mul', a pin on submodule 'Wallace_tree_a' is connected to logic 1 or logic 0. (LINT-32)
   Pin 'in_A[36]' is connected to logic 0. 
Warning: In design 'mul', a pin on submodule 'Wallace_tree_a' is connected to logic 1 or logic 0. (LINT-32)
   Pin 'in_A[35]' is connected to logic 0. 
Warning: In design 'mul', a pin on submodule 'Wallace_tree_a' is connected to logic 1 or logic 0. (LINT-32)
   Pin 'in_A[34]' is connected to logic 0. 
Warning: In design 'mul', a pin on submodule 'Wallace_tree_a' is connected to logic 1 or logic 0. (LINT-32)
   Pin 'in_A[33]' is connected to logic 0. 
Warning: In design 'mul', a pin on submodule 'Wallace_tree_a' is connected to logic 1 or logic 0. (LINT-32)
   Pin 'in_A[32]' is connected to logic 0. 
Warning: In design 'mul', a pin on submodule 'Wallace_tree_a' is connected to logic 1 or logic 0. (LINT-32)
   Pin 'in_A[31]' is connected to logic 0. 
Warning: In design 'mul', a pin on submodule 'Wallace_tree_a' is connected to logic 1 or logic 0. (LINT-32)
   Pin 'in_A[30]' is connected to logic 0. 
Warning: In design 'mul', a pin on submodule 'Wallace_tree_a' is connected to logic 1 or logic 0. (LINT-32)
   Pin 'in_A[29]' is connected to logic 0. 
Warning: In design 'mul', a pin on submodule 'Wallace_tree_a' is connected to logic 1 or logic 0. (LINT-32)
   Pin 'in_A[28]' is connected to logic 0. 
Warning: In design 'mul', a pin on submodule 'Wallace_tree_a' is connected to logic 1 or logic 0. (LINT-32)
   Pin 'in_A[27]' is connected to logic 0. 
Warning: In design 'mul', a pin on submodule 'Wallace_tree_a' is connected to logic 1 or logic 0. (LINT-32)
   Pin 'in_A[26]' is connected to logic 0. 
Warning: In design 'mul', a pin on submodule 'Wallace_tree_a' is connected to logic 1 or logic 0. (LINT-32)
   Pin 'in_A[25]' is connected to logic 0. 
Warning: In design 'mul', a pin on submodule 'Wallace_tree_a' is connected to logic 1 or logic 0. (LINT-32)
   Pin 'in_A[24]' is connected to logic 0. 
Warning: In design 'mul', a pin on submodule 'Wallace_tree_a' is connected to logic 1 or logic 0. (LINT-32)
   Pin 'in_A[23]' is connected to logic 0. 
Warning: In design 'mul', a pin on submodule 'Wallace_tree_a' is connected to logic 1 or logic 0. (LINT-32)
   Pin 'in_A[22]' is connected to logic 0. 
Warning: In design 'mul', a pin on submodule 'Wallace_tree_a' is connected to logic 1 or logic 0. (LINT-32)
   Pin 'in_A[21]' is connected to logic 0. 
Warning: In design 'mul', a pin on submodule 'Wallace_tree_a' is connected to logic 1 or logic 0. (LINT-32)
   Pin 'in_A[20]' is connected to logic 0. 
Warning: In design 'mul', a pin on submodule 'Wallace_tree_a' is connected to logic 1 or logic 0. (LINT-32)
   Pin 'in_A[19]' is connected to logic 0. 
Warning: In design 'mul', a pin on submodule 'Wallace_tree_a' is connected to logic 1 or logic 0. (LINT-32)
   Pin 'in_A[18]' is connected to logic 0. 
Warning: In design 'mul', a pin on submodule 'Wallace_tree_a' is connected to logic 1 or logic 0. (LINT-32)
   Pin 'in_A[17]' is connected to logic 0. 
Warning: In design 'mul', a pin on submodule 'Wallace_tree_a' is connected to logic 1 or logic 0. (LINT-32)
   Pin 'in_A[16]' is connected to logic 0. 
Warning: In design 'mul', a pin on submodule 'Wallace_tree_a' is connected to logic 1 or logic 0. (LINT-32)
   Pin 'in_A[15]' is connected to logic 0. 
Warning: In design 'mul', a pin on submodule 'Wallace_tree_a' is connected to logic 1 or logic 0. (LINT-32)
   Pin 'in_A[14]' is connected to logic 0. 
Warning: In design 'mul', a pin on submodule 'Wallace_tree_a' is connected to logic 1 or logic 0. (LINT-32)
   Pin 'in_A[13]' is connected to logic 0. 
Warning: In design 'mul', a pin on submodule 'Wallace_tree_a' is connected to logic 1 or logic 0. (LINT-32)
   Pin 'in_A[12]' is connected to logic 0. 
Warning: In design 'mul', a pin on submodule 'Wallace_tree_a' is connected to logic 1 or logic 0. (LINT-32)
   Pin 'in_A[11]' is connected to logic 0. 
Warning: In design 'mul', a pin on submodule 'Wallace_tree_a' is connected to logic 1 or logic 0. (LINT-32)
   Pin 'in_A[10]' is connected to logic 0. 
Warning: In design 'mul', a pin on submodule 'Wallace_tree_a' is connected to logic 1 or logic 0. (LINT-32)
   Pin 'in_A[9]' is connected to logic 0. 
Warning: In design 'mul', a pin on submodule 'Wallace_tree_a' is connected to logic 1 or logic 0. (LINT-32)
   Pin 'in_A[8]' is connected to logic 0. 
Warning: In design 'mul', a pin on submodule 'Wallace_tree_a' is connected to logic 1 or logic 0. (LINT-32)
   Pin 'in_A[7]' is connected to logic 0. 
Warning: In design 'mul', a pin on submodule 'Wallace_tree_a' is connected to logic 1 or logic 0. (LINT-32)
   Pin 'in_A[6]' is connected to logic 0. 
Warning: In design 'mul', a pin on submodule 'Wallace_tree_a' is connected to logic 1 or logic 0. (LINT-32)
   Pin 'in_A[5]' is connected to logic 0. 
Warning: In design 'mul', a pin on submodule 'Wallace_tree_a' is connected to logic 1 or logic 0. (LINT-32)
   Pin 'in_A[4]' is connected to logic 0. 
Warning: In design 'mul', a pin on submodule 'Wallace_tree_a' is connected to logic 1 or logic 0. (LINT-32)
   Pin 'in_A[3]' is connected to logic 0. 
Warning: In design 'mul', a pin on submodule 'Wallace_tree_a' is connected to logic 1 or logic 0. (LINT-32)
   Pin 'in_A[2]' is connected to logic 0. 
Warning: In design 'mul', a pin on submodule 'Wallace_tree_a' is connected to logic 1 or logic 0. (LINT-32)
   Pin 'in_A[1]' is connected to logic 0. 
Warning: In design 'mul', a pin on submodule 'Wallace_tree_a' is connected to logic 1 or logic 0. (LINT-32)
   Pin 'in_A[0]' is connected to logic 0. 
Warning: In design 'mul', a pin on submodule 'Wallace_tree_a' is connected to logic 1 or logic 0. (LINT-32)
   Pin 'in_B[130]' is connected to logic 0. 
Warning: In design 'mul', a pin on submodule 'Wallace_tree_a' is connected to logic 1 or logic 0. (LINT-32)
   Pin 'in_B[129]' is connected to logic 0. 
Warning: In design 'mul', a pin on submodule 'Wallace_tree_a' is connected to logic 1 or logic 0. (LINT-32)
   Pin 'in_B[128]' is connected to logic 0. 
Warning: In design 'mul', a pin on submodule 'Wallace_tree_a' is connected to logic 1 or logic 0. (LINT-32)
   Pin 'in_B[127]' is connected to logic 0. 
Warning: In design 'mul', a pin on submodule 'Wallace_tree_a' is connected to logic 1 or logic 0. (LINT-32)
   Pin 'in_B[126]' is connected to logic 0. 
Warning: In design 'mul', a pin on submodule 'Wallace_tree_a' is connected to logic 1 or logic 0. (LINT-32)
   Pin 'in_B[125]' is connected to logic 0. 
Warning: In design 'mul', a pin on submodule 'Wallace_tree_a' is connected to logic 1 or logic 0. (LINT-32)
   Pin 'in_B[124]' is connected to logic 0. 
Warning: In design 'mul', a pin on submodule 'Wallace_tree_a' is connected to logic 1 or logic 0. (LINT-32)
   Pin 'in_B[123]' is connected to logic 0. 
Warning: In design 'mul', a pin on submodule 'Wallace_tree_a' is connected to logic 1 or logic 0. (LINT-32)
   Pin 'in_B[122]' is connected to logic 0. 
Warning: In design 'mul', a pin on submodule 'Wallace_tree_a' is connected to logic 1 or logic 0. (LINT-32)
   Pin 'in_B[121]' is connected to logic 0. 
Warning: In design 'mul', a pin on submodule 'Wallace_tree_a' is connected to logic 1 or logic 0. (LINT-32)
   Pin 'in_B[120]' is connected to logic 0. 
Warning: In design 'mul', a pin on submodule 'Wallace_tree_a' is connected to logic 1 or logic 0. (LINT-32)
   Pin 'in_B[119]' is connected to logic 0. 
Warning: In design 'mul', a pin on submodule 'Wallace_tree_a' is connected to logic 1 or logic 0. (LINT-32)
   Pin 'in_B[118]' is connected to logic 0. 
Warning: In design 'mul', a pin on submodule 'Wallace_tree_a' is connected to logic 1 or logic 0. (LINT-32)
   Pin 'in_B[117]' is connected to logic 0. 
Warning: In design 'mul', a pin on submodule 'Wallace_tree_a' is connected to logic 1 or logic 0. (LINT-32)
   Pin 'in_B[116]' is connected to logic 0. 
Warning: In design 'mul', a pin on submodule 'Wallace_tree_a' is connected to logic 1 or logic 0. (LINT-32)
   Pin 'in_B[115]' is connected to logic 0. 
Warning: In design 'mul', a pin on submodule 'Wallace_tree_a' is connected to logic 1 or logic 0. (LINT-32)
   Pin 'in_B[114]' is connected to logic 0. 
Warning: In design 'mul', a pin on submodule 'Wallace_tree_a' is connected to logic 1 or logic 0. (LINT-32)
   Pin 'in_B[113]' is connected to logic 0. 
Warning: In design 'mul', a pin on submodule 'Wallace_tree_a' is connected to logic 1 or logic 0. (LINT-32)
   Pin 'in_B[112]' is connected to logic 0. 
Warning: In design 'mul', a pin on submodule 'Wallace_tree_a' is connected to logic 1 or logic 0. (LINT-32)
   Pin 'in_B[111]' is connected to logic 0. 
Warning: In design 'mul', a pin on submodule 'Wallace_tree_a' is connected to logic 1 or logic 0. (LINT-32)
   Pin 'in_B[110]' is connected to logic 0. 
Warning: In design 'mul', a pin on submodule 'Wallace_tree_a' is connected to logic 1 or logic 0. (LINT-32)
   Pin 'in_B[109]' is connected to logic 0. 
Warning: In design 'mul', a pin on submodule 'Wallace_tree_a' is connected to logic 1 or logic 0. (LINT-32)
   Pin 'in_B[108]' is connected to logic 0. 
Warning: In design 'mul', a pin on submodule 'Wallace_tree_a' is connected to logic 1 or logic 0. (LINT-32)
   Pin 'in_B[107]' is connected to logic 0. 
Warning: In design 'mul', a pin on submodule 'Wallace_tree_a' is connected to logic 1 or logic 0. (LINT-32)
   Pin 'in_B[106]' is connected to logic 0. 
Warning: In design 'mul', a pin on submodule 'Wallace_tree_a' is connected to logic 1 or logic 0. (LINT-32)
   Pin 'in_B[105]' is connected to logic 0. 
Warning: In design 'mul', a pin on submodule 'Wallace_tree_a' is connected to logic 1 or logic 0. (LINT-32)
   Pin 'in_B[104]' is connected to logic 0. 
Warning: In design 'mul', a pin on submodule 'Wallace_tree_a' is connected to logic 1 or logic 0. (LINT-32)
   Pin 'in_B[103]' is connected to logic 0. 
Warning: In design 'mul', a pin on submodule 'Wallace_tree_a' is connected to logic 1 or logic 0. (LINT-32)
   Pin 'in_B[102]' is connected to logic 0. 
Warning: In design 'mul', a pin on submodule 'Wallace_tree_a' is connected to logic 1 or logic 0. (LINT-32)
   Pin 'in_B[101]' is connected to logic 0. 
Warning: In design 'mul', a pin on submodule 'Wallace_tree_a' is connected to logic 1 or logic 0. (LINT-32)
   Pin 'in_B[100]' is connected to logic 0. 
Warning: In design 'mul', a pin on submodule 'Wallace_tree_a' is connected to logic 1 or logic 0. (LINT-32)
   Pin 'in_B[99]' is connected to logic 0. 
Warning: In design 'mul', a pin on submodule 'Wallace_tree_a' is connected to logic 1 or logic 0. (LINT-32)
   Pin 'in_B[98]' is connected to logic 0. 
Warning: In design 'mul', a pin on submodule 'Wallace_tree_a' is connected to logic 1 or logic 0. (LINT-32)
   Pin 'in_B[97]' is connected to logic 0. 
Warning: In design 'mul', a pin on submodule 'Wallace_tree_a' is connected to logic 1 or logic 0. (LINT-32)
   Pin 'in_B[96]' is connected to logic 0. 
Warning: In design 'mul', a pin on submodule 'Wallace_tree_a' is connected to logic 1 or logic 0. (LINT-32)
   Pin 'in_B[95]' is connected to logic 0. 
Warning: In design 'mul', a pin on submodule 'Wallace_tree_a' is connected to logic 1 or logic 0. (LINT-32)
   Pin 'in_B[94]' is connected to logic 0. 
Warning: In design 'mul', a pin on submodule 'Wallace_tree_a' is connected to logic 1 or logic 0. (LINT-32)
   Pin 'in_B[93]' is connected to logic 0. 
Warning: In design 'mul', a pin on submodule 'Wallace_tree_a' is connected to logic 1 or logic 0. (LINT-32)
   Pin 'in_B[92]' is connected to logic 0. 
Warning: In design 'mul', a pin on submodule 'Wallace_tree_a' is connected to logic 1 or logic 0. (LINT-32)
   Pin 'in_B[91]' is connected to logic 0. 
Warning: In design 'mul', a pin on submodule 'Wallace_tree_a' is connected to logic 1 or logic 0. (LINT-32)
   Pin 'in_B[90]' is connected to logic 0. 
Warning: In design 'mul', a pin on submodule 'Wallace_tree_a' is connected to logic 1 or logic 0. (LINT-32)
   Pin 'in_B[89]' is connected to logic 0. 
Warning: In design 'mul', a pin on submodule 'Wallace_tree_a' is connected to logic 1 or logic 0. (LINT-32)
   Pin 'in_B[88]' is connected to logic 0. 
Warning: In design 'mul', a pin on submodule 'Wallace_tree_a' is connected to logic 1 or logic 0. (LINT-32)
   Pin 'in_B[87]' is connected to logic 0. 
Warning: In design 'mul', a pin on submodule 'Wallace_tree_a' is connected to logic 1 or logic 0. (LINT-32)
   Pin 'in_B[86]' is connected to logic 0. 
Warning: In design 'mul', a pin on submodule 'Wallace_tree_a' is connected to logic 1 or logic 0. (LINT-32)
   Pin 'in_B[85]' is connected to logic 0. 
Warning: In design 'mul', a pin on submodule 'Wallace_tree_a' is connected to logic 1 or logic 0. (LINT-32)
   Pin 'in_B[84]' is connected to logic 0. 
Warning: In design 'mul', a pin on submodule 'Wallace_tree_a' is connected to logic 1 or logic 0. (LINT-32)
   Pin 'in_B[83]' is connected to logic 0. 
Warning: In design 'mul', a pin on submodule 'Wallace_tree_a' is connected to logic 1 or logic 0. (LINT-32)
   Pin 'in_B[82]' is connected to logic 0. 
Warning: In design 'mul', a pin on submodule 'Wallace_tree_a' is connected to logic 1 or logic 0. (LINT-32)
   Pin 'in_B[81]' is connected to logic 0. 
Warning: In design 'mul', a pin on submodule 'Wallace_tree_a' is connected to logic 1 or logic 0. (LINT-32)
   Pin 'in_B[80]' is connected to logic 0. 
Warning: In design 'mul', a pin on submodule 'Wallace_tree_a' is connected to logic 1 or logic 0. (LINT-32)
   Pin 'in_B[79]' is connected to logic 0. 
Warning: In design 'mul', a pin on submodule 'Wallace_tree_a' is connected to logic 1 or logic 0. (LINT-32)
   Pin 'in_B[78]' is connected to logic 0. 
Warning: In design 'mul', a pin on submodule 'Wallace_tree_a' is connected to logic 1 or logic 0. (LINT-32)
   Pin 'in_B[77]' is connected to logic 0. 
Warning: In design 'mul', a pin on submodule 'Wallace_tree_a' is connected to logic 1 or logic 0. (LINT-32)
   Pin 'in_B[76]' is connected to logic 0. 
Warning: In design 'mul', a pin on submodule 'Wallace_tree_a' is connected to logic 1 or logic 0. (LINT-32)
   Pin 'in_B[75]' is connected to logic 0. 
Warning: In design 'mul', a pin on submodule 'Wallace_tree_a' is connected to logic 1 or logic 0. (LINT-32)
   Pin 'in_B[74]' is connected to logic 0. 
Warning: In design 'mul', a pin on submodule 'Wallace_tree_a' is connected to logic 1 or logic 0. (LINT-32)
   Pin 'in_B[73]' is connected to logic 0. 
Warning: In design 'mul', a pin on submodule 'Wallace_tree_a' is connected to logic 1 or logic 0. (LINT-32)
   Pin 'in_B[72]' is connected to logic 0. 
Warning: In design 'mul', a pin on submodule 'Wallace_tree_a' is connected to logic 1 or logic 0. (LINT-32)
   Pin 'in_B[71]' is connected to logic 0. 
Warning: In design 'mul', a pin on submodule 'Wallace_tree_a' is connected to logic 1 or logic 0. (LINT-32)
   Pin 'in_B[70]' is connected to logic 0. 
Warning: In design 'mul', a pin on submodule 'Wallace_tree_a' is connected to logic 1 or logic 0. (LINT-32)
   Pin 'in_B[69]' is connected to logic 0. 
Warning: In design 'mul', a pin on submodule 'Wallace_tree_a' is connected to logic 1 or logic 0. (LINT-32)
   Pin 'in_B[68]' is connected to logic 0. 
Warning: In design 'mul', a pin on submodule 'Wallace_tree_a' is connected to logic 1 or logic 0. (LINT-32)
   Pin 'in_B[67]' is connected to logic 0. 
Warning: In design 'mul', a pin on submodule 'Wallace_tree_a' is connected to logic 1 or logic 0. (LINT-32)
   Pin 'in_B[66]' is connected to logic 0. 
Warning: In design 'mul', a pin on submodule 'Wallace_tree_a' is connected to logic 1 or logic 0. (LINT-32)
   Pin 'in_B[65]' is connected to logic 0. 
Warning: In design 'mul', a pin on submodule 'Wallace_tree_a' is connected to logic 1 or logic 0. (LINT-32)
   Pin 'in_B[64]' is connected to logic 0. 
Warning: In design 'mul', a pin on submodule 'Wallace_tree_a' is connected to logic 1 or logic 0. (LINT-32)
   Pin 'in_B[63]' is connected to logic 0. 
Warning: In design 'mul', a pin on submodule 'Wallace_tree_a' is connected to logic 1 or logic 0. (LINT-32)
   Pin 'in_B[62]' is connected to logic 0. 
Warning: In design 'mul', a pin on submodule 'Wallace_tree_a' is connected to logic 1 or logic 0. (LINT-32)
   Pin 'in_B[61]' is connected to logic 0. 
Warning: In design 'mul', a pin on submodule 'Wallace_tree_a' is connected to logic 1 or logic 0. (LINT-32)
   Pin 'in_B[60]' is connected to logic 0. 
Warning: In design 'mul', a pin on submodule 'Wallace_tree_a' is connected to logic 1 or logic 0. (LINT-32)
   Pin 'in_B[59]' is connected to logic 0. 
Warning: In design 'mul', a pin on submodule 'Wallace_tree_a' is connected to logic 1 or logic 0. (LINT-32)
   Pin 'in_B[58]' is connected to logic 0. 
Warning: In design 'mul', a pin on submodule 'Wallace_tree_a' is connected to logic 1 or logic 0. (LINT-32)
   Pin 'in_B[57]' is connected to logic 0. 
Warning: In design 'mul', a pin on submodule 'Wallace_tree_a' is connected to logic 1 or logic 0. (LINT-32)
   Pin 'in_B[56]' is connected to logic 0. 
Warning: In design 'mul', a pin on submodule 'Wallace_tree_a' is connected to logic 1 or logic 0. (LINT-32)
   Pin 'in_B[55]' is connected to logic 0. 
Warning: In design 'mul', a pin on submodule 'Wallace_tree_a' is connected to logic 1 or logic 0. (LINT-32)
   Pin 'in_B[54]' is connected to logic 0. 
Warning: In design 'mul', a pin on submodule 'Wallace_tree_a' is connected to logic 1 or logic 0. (LINT-32)
   Pin 'in_B[53]' is connected to logic 0. 
Warning: In design 'mul', a pin on submodule 'Wallace_tree_a' is connected to logic 1 or logic 0. (LINT-32)
   Pin 'in_B[52]' is connected to logic 0. 
Warning: In design 'mul', a pin on submodule 'Wallace_tree_a' is connected to logic 1 or logic 0. (LINT-32)
   Pin 'in_B[51]' is connected to logic 0. 
Warning: In design 'mul', a pin on submodule 'Wallace_tree_a' is connected to logic 1 or logic 0. (LINT-32)
   Pin 'in_B[50]' is connected to logic 0. 
Warning: In design 'mul', a pin on submodule 'Wallace_tree_a' is connected to logic 1 or logic 0. (LINT-32)
   Pin 'in_B[49]' is connected to logic 0. 
Warning: In design 'mul', a pin on submodule 'Wallace_tree_a' is connected to logic 1 or logic 0. (LINT-32)
   Pin 'in_B[48]' is connected to logic 0. 
Warning: In design 'mul', a pin on submodule 'Wallace_tree_a' is connected to logic 1 or logic 0. (LINT-32)
   Pin 'in_B[47]' is connected to logic 0. 
Warning: In design 'mul', a pin on submodule 'Wallace_tree_a' is connected to logic 1 or logic 0. (LINT-32)
   Pin 'in_B[46]' is connected to logic 0. 
Warning: In design 'mul', a pin on submodule 'Wallace_tree_a' is connected to logic 1 or logic 0. (LINT-32)
   Pin 'in_B[45]' is connected to logic 0. 
Warning: In design 'mul', a pin on submodule 'Wallace_tree_a' is connected to logic 1 or logic 0. (LINT-32)
   Pin 'in_B[44]' is connected to logic 0. 
Warning: In design 'mul', a pin on submodule 'Wallace_tree_a' is connected to logic 1 or logic 0. (LINT-32)
   Pin 'in_B[43]' is connected to logic 0. 
Warning: In design 'mul', a pin on submodule 'Wallace_tree_a' is connected to logic 1 or logic 0. (LINT-32)
   Pin 'in_B[42]' is connected to logic 0. 
Warning: In design 'mul', a pin on submodule 'Wallace_tree_a' is connected to logic 1 or logic 0. (LINT-32)
   Pin 'in_B[41]' is connected to logic 0. 
Warning: In design 'mul', a pin on submodule 'Wallace_tree_a' is connected to logic 1 or logic 0. (LINT-32)
   Pin 'in_B[40]' is connected to logic 0. 
Warning: In design 'mul', a pin on submodule 'Wallace_tree_a' is connected to logic 1 or logic 0. (LINT-32)
   Pin 'in_B[39]' is connected to logic 0. 
Warning: In design 'mul', a pin on submodule 'Wallace_tree_a' is connected to logic 1 or logic 0. (LINT-32)
   Pin 'in_B[38]' is connected to logic 0. 
Warning: In design 'mul', a pin on submodule 'Wallace_tree_a' is connected to logic 1 or logic 0. (LINT-32)
   Pin 'in_B[37]' is connected to logic 0. 
Warning: In design 'mul', a pin on submodule 'Wallace_tree_a' is connected to logic 1 or logic 0. (LINT-32)
   Pin 'in_B[36]' is connected to logic 0. 
Warning: In design 'mul', a pin on submodule 'Wallace_tree_a' is connected to logic 1 or logic 0. (LINT-32)
   Pin 'in_B[35]' is connected to logic 0. 
Warning: In design 'mul', a pin on submodule 'Wallace_tree_a' is connected to logic 1 or logic 0. (LINT-32)
   Pin 'in_B[34]' is connected to logic 0. 
Warning: In design 'mul', a pin on submodule 'Wallace_tree_a' is connected to logic 1 or logic 0. (LINT-32)
   Pin 'in_B[33]' is connected to logic 0. 
Warning: In design 'mul', a pin on submodule 'Wallace_tree_a' is connected to logic 1 or logic 0. (LINT-32)
   Pin 'in_B[32]' is connected to logic 0. 
Warning: In design 'mul', a pin on submodule 'Wallace_tree_a' is connected to logic 1 or logic 0. (LINT-32)
   Pin 'in_B[31]' is connected to logic 0. 
Warning: In design 'mul', a pin on submodule 'Wallace_tree_a' is connected to logic 1 or logic 0. (LINT-32)
   Pin 'in_B[30]' is connected to logic 0. 
Warning: In design 'mul', a pin on submodule 'Wallace_tree_a' is connected to logic 1 or logic 0. (LINT-32)
   Pin 'in_B[29]' is connected to logic 0. 
Warning: In design 'mul', a pin on submodule 'Wallace_tree_a' is connected to logic 1 or logic 0. (LINT-32)
   Pin 'in_B[28]' is connected to logic 0. 
Warning: In design 'mul', a pin on submodule 'Wallace_tree_a' is connected to logic 1 or logic 0. (LINT-32)
   Pin 'in_B[27]' is connected to logic 0. 
Warning: In design 'mul', a pin on submodule 'Wallace_tree_a' is connected to logic 1 or logic 0. (LINT-32)
   Pin 'in_B[26]' is connected to logic 0. 
Warning: In design 'mul', a pin on submodule 'Wallace_tree_a' is connected to logic 1 or logic 0. (LINT-32)
   Pin 'in_B[25]' is connected to logic 0. 
Warning: In design 'mul', a pin on submodule 'Wallace_tree_a' is connected to logic 1 or logic 0. (LINT-32)
   Pin 'in_B[24]' is connected to logic 0. 
Warning: In design 'mul', a pin on submodule 'Wallace_tree_a' is connected to logic 1 or logic 0. (LINT-32)
   Pin 'in_B[23]' is connected to logic 0. 
Warning: In design 'mul', a pin on submodule 'Wallace_tree_a' is connected to logic 1 or logic 0. (LINT-32)
   Pin 'in_B[22]' is connected to logic 0. 
Warning: In design 'mul', a pin on submodule 'Wallace_tree_a' is connected to logic 1 or logic 0. (LINT-32)
   Pin 'in_B[21]' is connected to logic 0. 
Warning: In design 'mul', a pin on submodule 'Wallace_tree_a' is connected to logic 1 or logic 0. (LINT-32)
   Pin 'in_B[20]' is connected to logic 0. 
Warning: In design 'mul', a pin on submodule 'Wallace_tree_a' is connected to logic 1 or logic 0. (LINT-32)
   Pin 'in_B[19]' is connected to logic 0. 
Warning: In design 'mul', a pin on submodule 'Wallace_tree_a' is connected to logic 1 or logic 0. (LINT-32)
   Pin 'in_B[18]' is connected to logic 0. 
Warning: In design 'mul', a pin on submodule 'Wallace_tree_a' is connected to logic 1 or logic 0. (LINT-32)
   Pin 'in_B[17]' is connected to logic 0. 
Warning: In design 'mul', a pin on submodule 'Wallace_tree_a' is connected to logic 1 or logic 0. (LINT-32)
   Pin 'in_B[16]' is connected to logic 0. 
Warning: In design 'mul', a pin on submodule 'Wallace_tree_a' is connected to logic 1 or logic 0. (LINT-32)
   Pin 'in_B[15]' is connected to logic 0. 
Warning: In design 'mul', a pin on submodule 'Wallace_tree_a' is connected to logic 1 or logic 0. (LINT-32)
   Pin 'in_B[14]' is connected to logic 0. 
Warning: In design 'mul', a pin on submodule 'Wallace_tree_a' is connected to logic 1 or logic 0. (LINT-32)
   Pin 'in_B[13]' is connected to logic 0. 
Warning: In design 'mul', a pin on submodule 'Wallace_tree_a' is connected to logic 1 or logic 0. (LINT-32)
   Pin 'in_B[12]' is connected to logic 0. 
Warning: In design 'mul', a pin on submodule 'Wallace_tree_a' is connected to logic 1 or logic 0. (LINT-32)
   Pin 'in_B[11]' is connected to logic 0. 
Warning: In design 'mul', a pin on submodule 'Wallace_tree_a' is connected to logic 1 or logic 0. (LINT-32)
   Pin 'in_B[10]' is connected to logic 0. 
Warning: In design 'mul', a pin on submodule 'Wallace_tree_a' is connected to logic 1 or logic 0. (LINT-32)
   Pin 'in_B[9]' is connected to logic 0. 
Warning: In design 'mul', a pin on submodule 'Wallace_tree_a' is connected to logic 1 or logic 0. (LINT-32)
   Pin 'in_B[8]' is connected to logic 0. 
Warning: In design 'mul', a pin on submodule 'Wallace_tree_a' is connected to logic 1 or logic 0. (LINT-32)
   Pin 'in_B[7]' is connected to logic 0. 
Warning: In design 'mul', a pin on submodule 'Wallace_tree_a' is connected to logic 1 or logic 0. (LINT-32)
   Pin 'in_B[6]' is connected to logic 0. 
Warning: In design 'mul', a pin on submodule 'Wallace_tree_a' is connected to logic 1 or logic 0. (LINT-32)
   Pin 'in_B[5]' is connected to logic 0. 
Warning: In design 'mul', a pin on submodule 'Wallace_tree_a' is connected to logic 1 or logic 0. (LINT-32)
   Pin 'in_B[4]' is connected to logic 0. 
Warning: In design 'mul', a pin on submodule 'Wallace_tree_a' is connected to logic 1 or logic 0. (LINT-32)
   Pin 'in_B[3]' is connected to logic 0. 
Warning: In design 'mul', a pin on submodule 'Wallace_tree_a' is connected to logic 1 or logic 0. (LINT-32)
   Pin 'in_B[2]' is connected to logic 0. 
Warning: In design 'mul', a pin on submodule 'Wallace_tree_a' is connected to logic 1 or logic 0. (LINT-32)
   Pin 'in_B[1]' is connected to logic 0. 
Warning: In design 'mul', a pin on submodule 'Wallace_tree_a' is connected to logic 1 or logic 0. (LINT-32)
   Pin 'in_B[0]' is connected to logic 0. 
Warning: In design 'mul', a pin on submodule 'Wallace_tree_b' is connected to logic 1 or logic 0. (LINT-32)
   Pin 'mode' is connected to logic 0. 
Warning: In design 'mul', a pin on submodule 'Wallace_tree_b' is connected to logic 1 or logic 0. (LINT-32)
   Pin 'in_A[130]' is connected to logic 0. 
Warning: In design 'mul', a pin on submodule 'Wallace_tree_b' is connected to logic 1 or logic 0. (LINT-32)
   Pin 'in_A[129]' is connected to logic 0. 
Warning: In design 'mul', a pin on submodule 'Wallace_tree_b' is connected to logic 1 or logic 0. (LINT-32)
   Pin 'in_A[128]' is connected to logic 0. 
Warning: In design 'mul', a pin on submodule 'Wallace_tree_b' is connected to logic 1 or logic 0. (LINT-32)
   Pin 'in_A[127]' is connected to logic 0. 
Warning: In design 'mul', a pin on submodule 'Wallace_tree_b' is connected to logic 1 or logic 0. (LINT-32)
   Pin 'in_A[126]' is connected to logic 0. 
Warning: In design 'mul', a pin on submodule 'Wallace_tree_b' is connected to logic 1 or logic 0. (LINT-32)
   Pin 'in_A[125]' is connected to logic 0. 
Warning: In design 'mul', a pin on submodule 'Wallace_tree_b' is connected to logic 1 or logic 0. (LINT-32)
   Pin 'in_A[124]' is connected to logic 0. 
Warning: In design 'mul', a pin on submodule 'Wallace_tree_b' is connected to logic 1 or logic 0. (LINT-32)
   Pin 'in_A[123]' is connected to logic 0. 
Warning: In design 'mul', a pin on submodule 'Wallace_tree_b' is connected to logic 1 or logic 0. (LINT-32)
   Pin 'in_A[122]' is connected to logic 0. 
Warning: In design 'mul', a pin on submodule 'Wallace_tree_b' is connected to logic 1 or logic 0. (LINT-32)
   Pin 'in_A[121]' is connected to logic 0. 
Warning: In design 'mul', a pin on submodule 'Wallace_tree_b' is connected to logic 1 or logic 0. (LINT-32)
   Pin 'in_A[120]' is connected to logic 0. 
Warning: In design 'mul', a pin on submodule 'Wallace_tree_b' is connected to logic 1 or logic 0. (LINT-32)
   Pin 'in_A[119]' is connected to logic 0. 
Warning: In design 'mul', a pin on submodule 'Wallace_tree_b' is connected to logic 1 or logic 0. (LINT-32)
   Pin 'in_A[118]' is connected to logic 0. 
Warning: In design 'mul', a pin on submodule 'Wallace_tree_b' is connected to logic 1 or logic 0. (LINT-32)
   Pin 'in_A[117]' is connected to logic 0. 
Warning: In design 'mul', a pin on submodule 'Wallace_tree_b' is connected to logic 1 or logic 0. (LINT-32)
   Pin 'in_A[116]' is connected to logic 0. 
Warning: In design 'mul', a pin on submodule 'Wallace_tree_b' is connected to logic 1 or logic 0. (LINT-32)
   Pin 'in_A[115]' is connected to logic 0. 
Warning: In design 'mul', a pin on submodule 'Wallace_tree_b' is connected to logic 1 or logic 0. (LINT-32)
   Pin 'in_A[114]' is connected to logic 0. 
Warning: In design 'mul', a pin on submodule 'Wallace_tree_b' is connected to logic 1 or logic 0. (LINT-32)
   Pin 'in_A[113]' is connected to logic 0. 
Warning: In design 'mul', a pin on submodule 'Wallace_tree_b' is connected to logic 1 or logic 0. (LINT-32)
   Pin 'in_A[112]' is connected to logic 0. 
Warning: In design 'mul', a pin on submodule 'Wallace_tree_b' is connected to logic 1 or logic 0. (LINT-32)
   Pin 'in_A[111]' is connected to logic 0. 
Warning: In design 'mul', a pin on submodule 'Wallace_tree_b' is connected to logic 1 or logic 0. (LINT-32)
   Pin 'in_A[110]' is connected to logic 0. 
Warning: In design 'mul', a pin on submodule 'Wallace_tree_b' is connected to logic 1 or logic 0. (LINT-32)
   Pin 'in_A[109]' is connected to logic 0. 
Warning: In design 'mul', a pin on submodule 'Wallace_tree_b' is connected to logic 1 or logic 0. (LINT-32)
   Pin 'in_A[108]' is connected to logic 0. 
Warning: In design 'mul', a pin on submodule 'Wallace_tree_b' is connected to logic 1 or logic 0. (LINT-32)
   Pin 'in_A[107]' is connected to logic 0. 
Warning: In design 'mul', a pin on submodule 'Wallace_tree_b' is connected to logic 1 or logic 0. (LINT-32)
   Pin 'in_A[106]' is connected to logic 0. 
Warning: In design 'mul', a pin on submodule 'Wallace_tree_b' is connected to logic 1 or logic 0. (LINT-32)
   Pin 'in_A[105]' is connected to logic 0. 
Warning: In design 'mul', a pin on submodule 'Wallace_tree_b' is connected to logic 1 or logic 0. (LINT-32)
   Pin 'in_A[104]' is connected to logic 0. 
Warning: In design 'mul', a pin on submodule 'Wallace_tree_b' is connected to logic 1 or logic 0. (LINT-32)
   Pin 'in_A[103]' is connected to logic 0. 
Warning: In design 'mul', a pin on submodule 'Wallace_tree_b' is connected to logic 1 or logic 0. (LINT-32)
   Pin 'in_A[102]' is connected to logic 0. 
Warning: In design 'mul', a pin on submodule 'Wallace_tree_b' is connected to logic 1 or logic 0. (LINT-32)
   Pin 'in_A[101]' is connected to logic 0. 
Warning: In design 'mul', a pin on submodule 'Wallace_tree_b' is connected to logic 1 or logic 0. (LINT-32)
   Pin 'in_A[100]' is connected to logic 0. 
Warning: In design 'mul', a pin on submodule 'Wallace_tree_b' is connected to logic 1 or logic 0. (LINT-32)
   Pin 'in_A[99]' is connected to logic 0. 
Warning: In design 'mul', a pin on submodule 'Wallace_tree_b' is connected to logic 1 or logic 0. (LINT-32)
   Pin 'in_A[98]' is connected to logic 0. 
Warning: In design 'mul', a pin on submodule 'Wallace_tree_b' is connected to logic 1 or logic 0. (LINT-32)
   Pin 'in_A[97]' is connected to logic 0. 
Warning: In design 'mul', a pin on submodule 'Wallace_tree_b' is connected to logic 1 or logic 0. (LINT-32)
   Pin 'in_A[96]' is connected to logic 0. 
Warning: In design 'mul', a pin on submodule 'Wallace_tree_b' is connected to logic 1 or logic 0. (LINT-32)
   Pin 'in_A[95]' is connected to logic 0. 
Warning: In design 'mul', a pin on submodule 'Wallace_tree_b' is connected to logic 1 or logic 0. (LINT-32)
   Pin 'in_A[94]' is connected to logic 0. 
Warning: In design 'mul', a pin on submodule 'Wallace_tree_b' is connected to logic 1 or logic 0. (LINT-32)
   Pin 'in_A[93]' is connected to logic 0. 
Warning: In design 'mul', a pin on submodule 'Wallace_tree_b' is connected to logic 1 or logic 0. (LINT-32)
   Pin 'in_A[92]' is connected to logic 0. 
Warning: In design 'mul', a pin on submodule 'Wallace_tree_b' is connected to logic 1 or logic 0. (LINT-32)
   Pin 'in_A[91]' is connected to logic 0. 
Warning: In design 'mul', a pin on submodule 'Wallace_tree_b' is connected to logic 1 or logic 0. (LINT-32)
   Pin 'in_A[90]' is connected to logic 0. 
Warning: In design 'mul', a pin on submodule 'Wallace_tree_b' is connected to logic 1 or logic 0. (LINT-32)
   Pin 'in_A[89]' is connected to logic 0. 
Warning: In design 'mul', a pin on submodule 'Wallace_tree_b' is connected to logic 1 or logic 0. (LINT-32)
   Pin 'in_A[88]' is connected to logic 0. 
Warning: In design 'mul', a pin on submodule 'Wallace_tree_b' is connected to logic 1 or logic 0. (LINT-32)
   Pin 'in_A[87]' is connected to logic 0. 
Warning: In design 'mul', a pin on submodule 'Wallace_tree_b' is connected to logic 1 or logic 0. (LINT-32)
   Pin 'in_A[86]' is connected to logic 0. 
Warning: In design 'mul', a pin on submodule 'Wallace_tree_b' is connected to logic 1 or logic 0. (LINT-32)
   Pin 'in_A[85]' is connected to logic 0. 
Warning: In design 'mul', a pin on submodule 'Wallace_tree_b' is connected to logic 1 or logic 0. (LINT-32)
   Pin 'in_A[84]' is connected to logic 0. 
Warning: In design 'mul', a pin on submodule 'Wallace_tree_b' is connected to logic 1 or logic 0. (LINT-32)
   Pin 'in_A[83]' is connected to logic 0. 
Warning: In design 'mul', a pin on submodule 'Wallace_tree_b' is connected to logic 1 or logic 0. (LINT-32)
   Pin 'in_A[82]' is connected to logic 0. 
Warning: In design 'mul', a pin on submodule 'Wallace_tree_b' is connected to logic 1 or logic 0. (LINT-32)
   Pin 'in_A[81]' is connected to logic 0. 
Warning: In design 'mul', a pin on submodule 'Wallace_tree_b' is connected to logic 1 or logic 0. (LINT-32)
   Pin 'in_A[80]' is connected to logic 0. 
Warning: In design 'mul', a pin on submodule 'Wallace_tree_b' is connected to logic 1 or logic 0. (LINT-32)
   Pin 'in_A[79]' is connected to logic 0. 
Warning: In design 'mul', a pin on submodule 'Wallace_tree_b' is connected to logic 1 or logic 0. (LINT-32)
   Pin 'in_A[78]' is connected to logic 0. 
Warning: In design 'mul', a pin on submodule 'Wallace_tree_b' is connected to logic 1 or logic 0. (LINT-32)
   Pin 'in_A[77]' is connected to logic 0. 
Warning: In design 'mul', a pin on submodule 'Wallace_tree_b' is connected to logic 1 or logic 0. (LINT-32)
   Pin 'in_A[76]' is connected to logic 0. 
Warning: In design 'mul', a pin on submodule 'Wallace_tree_b' is connected to logic 1 or logic 0. (LINT-32)
   Pin 'in_A[75]' is connected to logic 0. 
Warning: In design 'mul', a pin on submodule 'Wallace_tree_b' is connected to logic 1 or logic 0. (LINT-32)
   Pin 'in_A[74]' is connected to logic 0. 
Warning: In design 'mul', a pin on submodule 'Wallace_tree_b' is connected to logic 1 or logic 0. (LINT-32)
   Pin 'in_A[73]' is connected to logic 0. 
Warning: In design 'mul', a pin on submodule 'Wallace_tree_b' is connected to logic 1 or logic 0. (LINT-32)
   Pin 'in_A[72]' is connected to logic 0. 
Warning: In design 'mul', a pin on submodule 'Wallace_tree_b' is connected to logic 1 or logic 0. (LINT-32)
   Pin 'in_A[71]' is connected to logic 0. 
Warning: In design 'mul', a pin on submodule 'Wallace_tree_b' is connected to logic 1 or logic 0. (LINT-32)
   Pin 'in_A[70]' is connected to logic 0. 
Warning: In design 'mul', a pin on submodule 'Wallace_tree_b' is connected to logic 1 or logic 0. (LINT-32)
   Pin 'in_A[69]' is connected to logic 0. 
Warning: In design 'mul', a pin on submodule 'Wallace_tree_b' is connected to logic 1 or logic 0. (LINT-32)
   Pin 'in_A[68]' is connected to logic 0. 
Warning: In design 'mul', a pin on submodule 'Wallace_tree_b' is connected to logic 1 or logic 0. (LINT-32)
   Pin 'in_A[67]' is connected to logic 0. 
Warning: In design 'mul', a pin on submodule 'Wallace_tree_b' is connected to logic 1 or logic 0. (LINT-32)
   Pin 'in_A[66]' is connected to logic 0. 
Warning: In design 'mul', a pin on submodule 'Wallace_tree_b' is connected to logic 1 or logic 0. (LINT-32)
   Pin 'in_A[65]' is connected to logic 0. 
Warning: In design 'mul', a pin on submodule 'Wallace_tree_b' is connected to logic 1 or logic 0. (LINT-32)
   Pin 'in_A[64]' is connected to logic 0. 
Warning: In design 'mul', a pin on submodule 'Wallace_tree_b' is connected to logic 1 or logic 0. (LINT-32)
   Pin 'in_A[63]' is connected to logic 0. 
Warning: In design 'mul', a pin on submodule 'Wallace_tree_b' is connected to logic 1 or logic 0. (LINT-32)
   Pin 'in_A[62]' is connected to logic 0. 
Warning: In design 'mul', a pin on submodule 'Wallace_tree_b' is connected to logic 1 or logic 0. (LINT-32)
   Pin 'in_A[61]' is connected to logic 0. 
Warning: In design 'mul', a pin on submodule 'Wallace_tree_b' is connected to logic 1 or logic 0. (LINT-32)
   Pin 'in_A[60]' is connected to logic 0. 
Warning: In design 'mul', a pin on submodule 'Wallace_tree_b' is connected to logic 1 or logic 0. (LINT-32)
   Pin 'in_A[59]' is connected to logic 0. 
Warning: In design 'mul', a pin on submodule 'Wallace_tree_b' is connected to logic 1 or logic 0. (LINT-32)
   Pin 'in_A[58]' is connected to logic 0. 
Warning: In design 'mul', a pin on submodule 'Wallace_tree_b' is connected to logic 1 or logic 0. (LINT-32)
   Pin 'in_A[57]' is connected to logic 0. 
Warning: In design 'mul', a pin on submodule 'Wallace_tree_b' is connected to logic 1 or logic 0. (LINT-32)
   Pin 'in_A[56]' is connected to logic 0. 
Warning: In design 'mul', a pin on submodule 'Wallace_tree_b' is connected to logic 1 or logic 0. (LINT-32)
   Pin 'in_A[55]' is connected to logic 0. 
Warning: In design 'mul', a pin on submodule 'Wallace_tree_b' is connected to logic 1 or logic 0. (LINT-32)
   Pin 'in_A[54]' is connected to logic 0. 
Warning: In design 'mul', a pin on submodule 'Wallace_tree_b' is connected to logic 1 or logic 0. (LINT-32)
   Pin 'in_A[53]' is connected to logic 0. 
Warning: In design 'mul', a pin on submodule 'Wallace_tree_b' is connected to logic 1 or logic 0. (LINT-32)
   Pin 'in_A[52]' is connected to logic 0. 
Warning: In design 'mul', a pin on submodule 'Wallace_tree_b' is connected to logic 1 or logic 0. (LINT-32)
   Pin 'in_A[51]' is connected to logic 0. 
Warning: In design 'mul', a pin on submodule 'Wallace_tree_b' is connected to logic 1 or logic 0. (LINT-32)
   Pin 'in_A[50]' is connected to logic 0. 
Warning: In design 'mul', a pin on submodule 'Wallace_tree_b' is connected to logic 1 or logic 0. (LINT-32)
   Pin 'in_A[49]' is connected to logic 0. 
Warning: In design 'mul', a pin on submodule 'Wallace_tree_b' is connected to logic 1 or logic 0. (LINT-32)
   Pin 'in_A[48]' is connected to logic 0. 
Warning: In design 'mul', a pin on submodule 'Wallace_tree_b' is connected to logic 1 or logic 0. (LINT-32)
   Pin 'in_A[47]' is connected to logic 0. 
Warning: In design 'mul', a pin on submodule 'Wallace_tree_b' is connected to logic 1 or logic 0. (LINT-32)
   Pin 'in_A[46]' is connected to logic 0. 
Warning: In design 'mul', a pin on submodule 'Wallace_tree_b' is connected to logic 1 or logic 0. (LINT-32)
   Pin 'in_A[45]' is connected to logic 0. 
Warning: In design 'mul', a pin on submodule 'Wallace_tree_b' is connected to logic 1 or logic 0. (LINT-32)
   Pin 'in_A[44]' is connected to logic 0. 
Warning: In design 'mul', a pin on submodule 'Wallace_tree_b' is connected to logic 1 or logic 0. (LINT-32)
   Pin 'in_A[43]' is connected to logic 0. 
Warning: In design 'mul', a pin on submodule 'Wallace_tree_b' is connected to logic 1 or logic 0. (LINT-32)
   Pin 'in_A[42]' is connected to logic 0. 
Warning: In design 'mul', a pin on submodule 'Wallace_tree_b' is connected to logic 1 or logic 0. (LINT-32)
   Pin 'in_A[41]' is connected to logic 0. 
Warning: In design 'mul', a pin on submodule 'Wallace_tree_b' is connected to logic 1 or logic 0. (LINT-32)
   Pin 'in_A[40]' is connected to logic 0. 
Warning: In design 'mul', a pin on submodule 'Wallace_tree_b' is connected to logic 1 or logic 0. (LINT-32)
   Pin 'in_A[39]' is connected to logic 0. 
Warning: In design 'mul', a pin on submodule 'Wallace_tree_b' is connected to logic 1 or logic 0. (LINT-32)
   Pin 'in_A[38]' is connected to logic 0. 
Warning: In design 'mul', a pin on submodule 'Wallace_tree_b' is connected to logic 1 or logic 0. (LINT-32)
   Pin 'in_A[37]' is connected to logic 0. 
Warning: In design 'mul', a pin on submodule 'Wallace_tree_b' is connected to logic 1 or logic 0. (LINT-32)
   Pin 'in_A[36]' is connected to logic 0. 
Warning: In design 'mul', a pin on submodule 'Wallace_tree_b' is connected to logic 1 or logic 0. (LINT-32)
   Pin 'in_A[35]' is connected to logic 0. 
Warning: In design 'mul', a pin on submodule 'Wallace_tree_b' is connected to logic 1 or logic 0. (LINT-32)
   Pin 'in_A[34]' is connected to logic 0. 
Warning: In design 'mul', a pin on submodule 'Wallace_tree_b' is connected to logic 1 or logic 0. (LINT-32)
   Pin 'in_A[33]' is connected to logic 0. 
Warning: In design 'mul', a pin on submodule 'Wallace_tree_b' is connected to logic 1 or logic 0. (LINT-32)
   Pin 'in_A[32]' is connected to logic 0. 
Warning: In design 'mul', a pin on submodule 'Wallace_tree_b' is connected to logic 1 or logic 0. (LINT-32)
   Pin 'in_A[31]' is connected to logic 0. 
Warning: In design 'mul', a pin on submodule 'Wallace_tree_b' is connected to logic 1 or logic 0. (LINT-32)
   Pin 'in_A[30]' is connected to logic 0. 
Warning: In design 'mul', a pin on submodule 'Wallace_tree_b' is connected to logic 1 or logic 0. (LINT-32)
   Pin 'in_A[29]' is connected to logic 0. 
Warning: In design 'mul', a pin on submodule 'Wallace_tree_b' is connected to logic 1 or logic 0. (LINT-32)
   Pin 'in_A[28]' is connected to logic 0. 
Warning: In design 'mul', a pin on submodule 'Wallace_tree_b' is connected to logic 1 or logic 0. (LINT-32)
   Pin 'in_A[27]' is connected to logic 0. 
Warning: In design 'mul', a pin on submodule 'Wallace_tree_b' is connected to logic 1 or logic 0. (LINT-32)
   Pin 'in_A[26]' is connected to logic 0. 
Warning: In design 'mul', a pin on submodule 'Wallace_tree_b' is connected to logic 1 or logic 0. (LINT-32)
   Pin 'in_A[25]' is connected to logic 0. 
Warning: In design 'mul', a pin on submodule 'Wallace_tree_b' is connected to logic 1 or logic 0. (LINT-32)
   Pin 'in_A[24]' is connected to logic 0. 
Warning: In design 'mul', a pin on submodule 'Wallace_tree_b' is connected to logic 1 or logic 0. (LINT-32)
   Pin 'in_A[23]' is connected to logic 0. 
Warning: In design 'mul', a pin on submodule 'Wallace_tree_b' is connected to logic 1 or logic 0. (LINT-32)
   Pin 'in_A[22]' is connected to logic 0. 
Warning: In design 'mul', a pin on submodule 'Wallace_tree_b' is connected to logic 1 or logic 0. (LINT-32)
   Pin 'in_A[21]' is connected to logic 0. 
Warning: In design 'mul', a pin on submodule 'Wallace_tree_b' is connected to logic 1 or logic 0. (LINT-32)
   Pin 'in_A[20]' is connected to logic 0. 
Warning: In design 'mul', a pin on submodule 'Wallace_tree_b' is connected to logic 1 or logic 0. (LINT-32)
   Pin 'in_A[19]' is connected to logic 0. 
Warning: In design 'mul', a pin on submodule 'Wallace_tree_b' is connected to logic 1 or logic 0. (LINT-32)
   Pin 'in_A[18]' is connected to logic 0. 
Warning: In design 'mul', a pin on submodule 'Wallace_tree_b' is connected to logic 1 or logic 0. (LINT-32)
   Pin 'in_A[17]' is connected to logic 0. 
Warning: In design 'mul', a pin on submodule 'Wallace_tree_b' is connected to logic 1 or logic 0. (LINT-32)
   Pin 'in_A[16]' is connected to logic 0. 
Warning: In design 'mul', a pin on submodule 'Wallace_tree_b' is connected to logic 1 or logic 0. (LINT-32)
   Pin 'in_A[15]' is connected to logic 0. 
Warning: In design 'mul', a pin on submodule 'Wallace_tree_b' is connected to logic 1 or logic 0. (LINT-32)
   Pin 'in_A[14]' is connected to logic 0. 
Warning: In design 'mul', a pin on submodule 'Wallace_tree_b' is connected to logic 1 or logic 0. (LINT-32)
   Pin 'in_A[13]' is connected to logic 0. 
Warning: In design 'mul', a pin on submodule 'Wallace_tree_b' is connected to logic 1 or logic 0. (LINT-32)
   Pin 'in_A[12]' is connected to logic 0. 
Warning: In design 'mul', a pin on submodule 'Wallace_tree_b' is connected to logic 1 or logic 0. (LINT-32)
   Pin 'in_A[11]' is connected to logic 0. 
Warning: In design 'mul', a pin on submodule 'Wallace_tree_b' is connected to logic 1 or logic 0. (LINT-32)
   Pin 'in_A[10]' is connected to logic 0. 
Warning: In design 'mul', a pin on submodule 'Wallace_tree_b' is connected to logic 1 or logic 0. (LINT-32)
   Pin 'in_A[9]' is connected to logic 0. 
Warning: In design 'mul', a pin on submodule 'Wallace_tree_b' is connected to logic 1 or logic 0. (LINT-32)
   Pin 'in_A[8]' is connected to logic 0. 
Warning: In design 'mul', a pin on submodule 'Wallace_tree_b' is connected to logic 1 or logic 0. (LINT-32)
   Pin 'in_A[7]' is connected to logic 0. 
Warning: In design 'mul', a pin on submodule 'Wallace_tree_b' is connected to logic 1 or logic 0. (LINT-32)
   Pin 'in_A[6]' is connected to logic 0. 
Warning: In design 'mul', a pin on submodule 'Wallace_tree_b' is connected to logic 1 or logic 0. (LINT-32)
   Pin 'in_A[5]' is connected to logic 0. 
Warning: In design 'mul', a pin on submodule 'Wallace_tree_b' is connected to logic 1 or logic 0. (LINT-32)
   Pin 'in_A[4]' is connected to logic 0. 
Warning: In design 'mul', a pin on submodule 'Wallace_tree_b' is connected to logic 1 or logic 0. (LINT-32)
   Pin 'in_A[3]' is connected to logic 0. 
Warning: In design 'mul', a pin on submodule 'Wallace_tree_b' is connected to logic 1 or logic 0. (LINT-32)
   Pin 'in_A[2]' is connected to logic 0. 
Warning: In design 'mul', a pin on submodule 'Wallace_tree_b' is connected to logic 1 or logic 0. (LINT-32)
   Pin 'in_A[1]' is connected to logic 0. 
Warning: In design 'mul', a pin on submodule 'Wallace_tree_b' is connected to logic 1 or logic 0. (LINT-32)
   Pin 'in_A[0]' is connected to logic 0. 
Warning: In design 'mul', a pin on submodule 'Wallace_tree_b' is connected to logic 1 or logic 0. (LINT-32)
   Pin 'in_B[130]' is connected to logic 0. 
Warning: In design 'mul', a pin on submodule 'Wallace_tree_b' is connected to logic 1 or logic 0. (LINT-32)
   Pin 'in_B[129]' is connected to logic 0. 
Warning: In design 'mul', a pin on submodule 'Wallace_tree_b' is connected to logic 1 or logic 0. (LINT-32)
   Pin 'in_B[128]' is connected to logic 0. 
Warning: In design 'mul', a pin on submodule 'Wallace_tree_b' is connected to logic 1 or logic 0. (LINT-32)
   Pin 'in_B[127]' is connected to logic 0. 
Warning: In design 'mul', a pin on submodule 'Wallace_tree_b' is connected to logic 1 or logic 0. (LINT-32)
   Pin 'in_B[126]' is connected to logic 0. 
Warning: In design 'mul', a pin on submodule 'Wallace_tree_b' is connected to logic 1 or logic 0. (LINT-32)
   Pin 'in_B[125]' is connected to logic 0. 
Warning: In design 'mul', a pin on submodule 'Wallace_tree_b' is connected to logic 1 or logic 0. (LINT-32)
   Pin 'in_B[124]' is connected to logic 0. 
Warning: In design 'mul', a pin on submodule 'Wallace_tree_b' is connected to logic 1 or logic 0. (LINT-32)
   Pin 'in_B[123]' is connected to logic 0. 
Warning: In design 'mul', a pin on submodule 'Wallace_tree_b' is connected to logic 1 or logic 0. (LINT-32)
   Pin 'in_B[122]' is connected to logic 0. 
Warning: In design 'mul', a pin on submodule 'Wallace_tree_b' is connected to logic 1 or logic 0. (LINT-32)
   Pin 'in_B[121]' is connected to logic 0. 
Warning: In design 'mul', a pin on submodule 'Wallace_tree_b' is connected to logic 1 or logic 0. (LINT-32)
   Pin 'in_B[120]' is connected to logic 0. 
Warning: In design 'mul', a pin on submodule 'Wallace_tree_b' is connected to logic 1 or logic 0. (LINT-32)
   Pin 'in_B[119]' is connected to logic 0. 
Warning: In design 'mul', a pin on submodule 'Wallace_tree_b' is connected to logic 1 or logic 0. (LINT-32)
   Pin 'in_B[118]' is connected to logic 0. 
Warning: In design 'mul', a pin on submodule 'Wallace_tree_b' is connected to logic 1 or logic 0. (LINT-32)
   Pin 'in_B[117]' is connected to logic 0. 
Warning: In design 'mul', a pin on submodule 'Wallace_tree_b' is connected to logic 1 or logic 0. (LINT-32)
   Pin 'in_B[116]' is connected to logic 0. 
Warning: In design 'mul', a pin on submodule 'Wallace_tree_b' is connected to logic 1 or logic 0. (LINT-32)
   Pin 'in_B[115]' is connected to logic 0. 
Warning: In design 'mul', a pin on submodule 'Wallace_tree_b' is connected to logic 1 or logic 0. (LINT-32)
   Pin 'in_B[114]' is connected to logic 0. 
Warning: In design 'mul', a pin on submodule 'Wallace_tree_b' is connected to logic 1 or logic 0. (LINT-32)
   Pin 'in_B[113]' is connected to logic 0. 
Warning: In design 'mul', a pin on submodule 'Wallace_tree_b' is connected to logic 1 or logic 0. (LINT-32)
   Pin 'in_B[112]' is connected to logic 0. 
Warning: In design 'mul', a pin on submodule 'Wallace_tree_b' is connected to logic 1 or logic 0. (LINT-32)
   Pin 'in_B[111]' is connected to logic 0. 
Warning: In design 'mul', a pin on submodule 'Wallace_tree_b' is connected to logic 1 or logic 0. (LINT-32)
   Pin 'in_B[110]' is connected to logic 0. 
Warning: In design 'mul', a pin on submodule 'Wallace_tree_b' is connected to logic 1 or logic 0. (LINT-32)
   Pin 'in_B[109]' is connected to logic 0. 
Warning: In design 'mul', a pin on submodule 'Wallace_tree_b' is connected to logic 1 or logic 0. (LINT-32)
   Pin 'in_B[108]' is connected to logic 0. 
Warning: In design 'mul', a pin on submodule 'Wallace_tree_b' is connected to logic 1 or logic 0. (LINT-32)
   Pin 'in_B[107]' is connected to logic 0. 
Warning: In design 'mul', a pin on submodule 'Wallace_tree_b' is connected to logic 1 or logic 0. (LINT-32)
   Pin 'in_B[106]' is connected to logic 0. 
Warning: In design 'mul', a pin on submodule 'Wallace_tree_b' is connected to logic 1 or logic 0. (LINT-32)
   Pin 'in_B[105]' is connected to logic 0. 
Warning: In design 'mul', a pin on submodule 'Wallace_tree_b' is connected to logic 1 or logic 0. (LINT-32)
   Pin 'in_B[104]' is connected to logic 0. 
Warning: In design 'mul', a pin on submodule 'Wallace_tree_b' is connected to logic 1 or logic 0. (LINT-32)
   Pin 'in_B[103]' is connected to logic 0. 
Warning: In design 'mul', a pin on submodule 'Wallace_tree_b' is connected to logic 1 or logic 0. (LINT-32)
   Pin 'in_B[102]' is connected to logic 0. 
Warning: In design 'mul', a pin on submodule 'Wallace_tree_b' is connected to logic 1 or logic 0. (LINT-32)
   Pin 'in_B[101]' is connected to logic 0. 
Warning: In design 'mul', a pin on submodule 'Wallace_tree_b' is connected to logic 1 or logic 0. (LINT-32)
   Pin 'in_B[100]' is connected to logic 0. 
Warning: In design 'mul', a pin on submodule 'Wallace_tree_b' is connected to logic 1 or logic 0. (LINT-32)
   Pin 'in_B[99]' is connected to logic 0. 
Warning: In design 'mul', a pin on submodule 'Wallace_tree_b' is connected to logic 1 or logic 0. (LINT-32)
   Pin 'in_B[98]' is connected to logic 0. 
Warning: In design 'mul', a pin on submodule 'Wallace_tree_b' is connected to logic 1 or logic 0. (LINT-32)
   Pin 'in_B[97]' is connected to logic 0. 
Warning: In design 'mul', a pin on submodule 'Wallace_tree_b' is connected to logic 1 or logic 0. (LINT-32)
   Pin 'in_B[96]' is connected to logic 0. 
Warning: In design 'mul', a pin on submodule 'Wallace_tree_b' is connected to logic 1 or logic 0. (LINT-32)
   Pin 'in_B[95]' is connected to logic 0. 
Warning: In design 'mul', a pin on submodule 'Wallace_tree_b' is connected to logic 1 or logic 0. (LINT-32)
   Pin 'in_B[94]' is connected to logic 0. 
Warning: In design 'mul', a pin on submodule 'Wallace_tree_b' is connected to logic 1 or logic 0. (LINT-32)
   Pin 'in_B[93]' is connected to logic 0. 
Warning: In design 'mul', a pin on submodule 'Wallace_tree_b' is connected to logic 1 or logic 0. (LINT-32)
   Pin 'in_B[92]' is connected to logic 0. 
Warning: In design 'mul', a pin on submodule 'Wallace_tree_b' is connected to logic 1 or logic 0. (LINT-32)
   Pin 'in_B[91]' is connected to logic 0. 
Warning: In design 'mul', a pin on submodule 'Wallace_tree_b' is connected to logic 1 or logic 0. (LINT-32)
   Pin 'in_B[90]' is connected to logic 0. 
Warning: In design 'mul', a pin on submodule 'Wallace_tree_b' is connected to logic 1 or logic 0. (LINT-32)
   Pin 'in_B[89]' is connected to logic 0. 
Warning: In design 'mul', a pin on submodule 'Wallace_tree_b' is connected to logic 1 or logic 0. (LINT-32)
   Pin 'in_B[88]' is connected to logic 0. 
Warning: In design 'mul', a pin on submodule 'Wallace_tree_b' is connected to logic 1 or logic 0. (LINT-32)
   Pin 'in_B[87]' is connected to logic 0. 
Warning: In design 'mul', a pin on submodule 'Wallace_tree_b' is connected to logic 1 or logic 0. (LINT-32)
   Pin 'in_B[86]' is connected to logic 0. 
Warning: In design 'mul', a pin on submodule 'Wallace_tree_b' is connected to logic 1 or logic 0. (LINT-32)
   Pin 'in_B[85]' is connected to logic 0. 
Warning: In design 'mul', a pin on submodule 'Wallace_tree_b' is connected to logic 1 or logic 0. (LINT-32)
   Pin 'in_B[84]' is connected to logic 0. 
Warning: In design 'mul', a pin on submodule 'Wallace_tree_b' is connected to logic 1 or logic 0. (LINT-32)
   Pin 'in_B[83]' is connected to logic 0. 
Warning: In design 'mul', a pin on submodule 'Wallace_tree_b' is connected to logic 1 or logic 0. (LINT-32)
   Pin 'in_B[82]' is connected to logic 0. 
Warning: In design 'mul', a pin on submodule 'Wallace_tree_b' is connected to logic 1 or logic 0. (LINT-32)
   Pin 'in_B[81]' is connected to logic 0. 
Warning: In design 'mul', a pin on submodule 'Wallace_tree_b' is connected to logic 1 or logic 0. (LINT-32)
   Pin 'in_B[80]' is connected to logic 0. 
Warning: In design 'mul', a pin on submodule 'Wallace_tree_b' is connected to logic 1 or logic 0. (LINT-32)
   Pin 'in_B[79]' is connected to logic 0. 
Warning: In design 'mul', a pin on submodule 'Wallace_tree_b' is connected to logic 1 or logic 0. (LINT-32)
   Pin 'in_B[78]' is connected to logic 0. 
Warning: In design 'mul', a pin on submodule 'Wallace_tree_b' is connected to logic 1 or logic 0. (LINT-32)
   Pin 'in_B[77]' is connected to logic 0. 
Warning: In design 'mul', a pin on submodule 'Wallace_tree_b' is connected to logic 1 or logic 0. (LINT-32)
   Pin 'in_B[76]' is connected to logic 0. 
Warning: In design 'mul', a pin on submodule 'Wallace_tree_b' is connected to logic 1 or logic 0. (LINT-32)
   Pin 'in_B[75]' is connected to logic 0. 
Warning: In design 'mul', a pin on submodule 'Wallace_tree_b' is connected to logic 1 or logic 0. (LINT-32)
   Pin 'in_B[74]' is connected to logic 0. 
Warning: In design 'mul', a pin on submodule 'Wallace_tree_b' is connected to logic 1 or logic 0. (LINT-32)
   Pin 'in_B[73]' is connected to logic 0. 
Warning: In design 'mul', a pin on submodule 'Wallace_tree_b' is connected to logic 1 or logic 0. (LINT-32)
   Pin 'in_B[72]' is connected to logic 0. 
Warning: In design 'mul', a pin on submodule 'Wallace_tree_b' is connected to logic 1 or logic 0. (LINT-32)
   Pin 'in_B[71]' is connected to logic 0. 
Warning: In design 'mul', a pin on submodule 'Wallace_tree_b' is connected to logic 1 or logic 0. (LINT-32)
   Pin 'in_B[70]' is connected to logic 0. 
Warning: In design 'mul', a pin on submodule 'Wallace_tree_b' is connected to logic 1 or logic 0. (LINT-32)
   Pin 'in_B[69]' is connected to logic 0. 
Warning: In design 'mul', a pin on submodule 'Wallace_tree_b' is connected to logic 1 or logic 0. (LINT-32)
   Pin 'in_B[68]' is connected to logic 0. 
Warning: In design 'mul', a pin on submodule 'Wallace_tree_b' is connected to logic 1 or logic 0. (LINT-32)
   Pin 'in_B[67]' is connected to logic 0. 
Warning: In design 'mul', a pin on submodule 'Wallace_tree_b' is connected to logic 1 or logic 0. (LINT-32)
   Pin 'in_B[66]' is connected to logic 0. 
Warning: In design 'mul', a pin on submodule 'Wallace_tree_b' is connected to logic 1 or logic 0. (LINT-32)
   Pin 'in_B[65]' is connected to logic 0. 
Warning: In design 'mul', a pin on submodule 'Wallace_tree_b' is connected to logic 1 or logic 0. (LINT-32)
   Pin 'in_B[64]' is connected to logic 0. 
Warning: In design 'mul', a pin on submodule 'Wallace_tree_b' is connected to logic 1 or logic 0. (LINT-32)
   Pin 'in_B[63]' is connected to logic 0. 
Warning: In design 'mul', a pin on submodule 'Wallace_tree_b' is connected to logic 1 or logic 0. (LINT-32)
   Pin 'in_B[62]' is connected to logic 0. 
Warning: In design 'mul', a pin on submodule 'Wallace_tree_b' is connected to logic 1 or logic 0. (LINT-32)
   Pin 'in_B[61]' is connected to logic 0. 
Warning: In design 'mul', a pin on submodule 'Wallace_tree_b' is connected to logic 1 or logic 0. (LINT-32)
   Pin 'in_B[60]' is connected to logic 0. 
Warning: In design 'mul', a pin on submodule 'Wallace_tree_b' is connected to logic 1 or logic 0. (LINT-32)
   Pin 'in_B[59]' is connected to logic 0. 
Warning: In design 'mul', a pin on submodule 'Wallace_tree_b' is connected to logic 1 or logic 0. (LINT-32)
   Pin 'in_B[58]' is connected to logic 0. 
Warning: In design 'mul', a pin on submodule 'Wallace_tree_b' is connected to logic 1 or logic 0. (LINT-32)
   Pin 'in_B[57]' is connected to logic 0. 
Warning: In design 'mul', a pin on submodule 'Wallace_tree_b' is connected to logic 1 or logic 0. (LINT-32)
   Pin 'in_B[56]' is connected to logic 0. 
Warning: In design 'mul', a pin on submodule 'Wallace_tree_b' is connected to logic 1 or logic 0. (LINT-32)
   Pin 'in_B[55]' is connected to logic 0. 
Warning: In design 'mul', a pin on submodule 'Wallace_tree_b' is connected to logic 1 or logic 0. (LINT-32)
   Pin 'in_B[54]' is connected to logic 0. 
Warning: In design 'mul', a pin on submodule 'Wallace_tree_b' is connected to logic 1 or logic 0. (LINT-32)
   Pin 'in_B[53]' is connected to logic 0. 
Warning: In design 'mul', a pin on submodule 'Wallace_tree_b' is connected to logic 1 or logic 0. (LINT-32)
   Pin 'in_B[52]' is connected to logic 0. 
Warning: In design 'mul', a pin on submodule 'Wallace_tree_b' is connected to logic 1 or logic 0. (LINT-32)
   Pin 'in_B[51]' is connected to logic 0. 
Warning: In design 'mul', a pin on submodule 'Wallace_tree_b' is connected to logic 1 or logic 0. (LINT-32)
   Pin 'in_B[50]' is connected to logic 0. 
Warning: In design 'mul', a pin on submodule 'Wallace_tree_b' is connected to logic 1 or logic 0. (LINT-32)
   Pin 'in_B[49]' is connected to logic 0. 
Warning: In design 'mul', a pin on submodule 'Wallace_tree_b' is connected to logic 1 or logic 0. (LINT-32)
   Pin 'in_B[48]' is connected to logic 0. 
Warning: In design 'mul', a pin on submodule 'Wallace_tree_b' is connected to logic 1 or logic 0. (LINT-32)
   Pin 'in_B[47]' is connected to logic 0. 
Warning: In design 'mul', a pin on submodule 'Wallace_tree_b' is connected to logic 1 or logic 0. (LINT-32)
   Pin 'in_B[46]' is connected to logic 0. 
Warning: In design 'mul', a pin on submodule 'Wallace_tree_b' is connected to logic 1 or logic 0. (LINT-32)
   Pin 'in_B[45]' is connected to logic 0. 
Warning: In design 'mul', a pin on submodule 'Wallace_tree_b' is connected to logic 1 or logic 0. (LINT-32)
   Pin 'in_B[44]' is connected to logic 0. 
Warning: In design 'mul', a pin on submodule 'Wallace_tree_b' is connected to logic 1 or logic 0. (LINT-32)
   Pin 'in_B[43]' is connected to logic 0. 
Warning: In design 'mul', a pin on submodule 'Wallace_tree_b' is connected to logic 1 or logic 0. (LINT-32)
   Pin 'in_B[42]' is connected to logic 0. 
Warning: In design 'mul', a pin on submodule 'Wallace_tree_b' is connected to logic 1 or logic 0. (LINT-32)
   Pin 'in_B[41]' is connected to logic 0. 
Warning: In design 'mul', a pin on submodule 'Wallace_tree_b' is connected to logic 1 or logic 0. (LINT-32)
   Pin 'in_B[40]' is connected to logic 0. 
Warning: In design 'mul', a pin on submodule 'Wallace_tree_b' is connected to logic 1 or logic 0. (LINT-32)
   Pin 'in_B[39]' is connected to logic 0. 
Warning: In design 'mul', a pin on submodule 'Wallace_tree_b' is connected to logic 1 or logic 0. (LINT-32)
   Pin 'in_B[38]' is connected to logic 0. 
Warning: In design 'mul', a pin on submodule 'Wallace_tree_b' is connected to logic 1 or logic 0. (LINT-32)
   Pin 'in_B[37]' is connected to logic 0. 
Warning: In design 'mul', a pin on submodule 'Wallace_tree_b' is connected to logic 1 or logic 0. (LINT-32)
   Pin 'in_B[36]' is connected to logic 0. 
Warning: In design 'mul', a pin on submodule 'Wallace_tree_b' is connected to logic 1 or logic 0. (LINT-32)
   Pin 'in_B[35]' is connected to logic 0. 
Warning: In design 'mul', a pin on submodule 'Wallace_tree_b' is connected to logic 1 or logic 0. (LINT-32)
   Pin 'in_B[34]' is connected to logic 0. 
Warning: In design 'mul', a pin on submodule 'Wallace_tree_b' is connected to logic 1 or logic 0. (LINT-32)
   Pin 'in_B[33]' is connected to logic 0. 
Warning: In design 'mul', a pin on submodule 'Wallace_tree_b' is connected to logic 1 or logic 0. (LINT-32)
   Pin 'in_B[32]' is connected to logic 0. 
Warning: In design 'mul', a pin on submodule 'Wallace_tree_b' is connected to logic 1 or logic 0. (LINT-32)
   Pin 'in_B[31]' is connected to logic 0. 
Warning: In design 'mul', a pin on submodule 'Wallace_tree_b' is connected to logic 1 or logic 0. (LINT-32)
   Pin 'in_B[30]' is connected to logic 0. 
Warning: In design 'mul', a pin on submodule 'Wallace_tree_b' is connected to logic 1 or logic 0. (LINT-32)
   Pin 'in_B[29]' is connected to logic 0. 
Warning: In design 'mul', a pin on submodule 'Wallace_tree_b' is connected to logic 1 or logic 0. (LINT-32)
   Pin 'in_B[28]' is connected to logic 0. 
Warning: In design 'mul', a pin on submodule 'Wallace_tree_b' is connected to logic 1 or logic 0. (LINT-32)
   Pin 'in_B[27]' is connected to logic 0. 
Warning: In design 'mul', a pin on submodule 'Wallace_tree_b' is connected to logic 1 or logic 0. (LINT-32)
   Pin 'in_B[26]' is connected to logic 0. 
Warning: In design 'mul', a pin on submodule 'Wallace_tree_b' is connected to logic 1 or logic 0. (LINT-32)
   Pin 'in_B[25]' is connected to logic 0. 
Warning: In design 'mul', a pin on submodule 'Wallace_tree_b' is connected to logic 1 or logic 0. (LINT-32)
   Pin 'in_B[24]' is connected to logic 0. 
Warning: In design 'mul', a pin on submodule 'Wallace_tree_b' is connected to logic 1 or logic 0. (LINT-32)
   Pin 'in_B[23]' is connected to logic 0. 
Warning: In design 'mul', a pin on submodule 'Wallace_tree_b' is connected to logic 1 or logic 0. (LINT-32)
   Pin 'in_B[22]' is connected to logic 0. 
Warning: In design 'mul', a pin on submodule 'Wallace_tree_b' is connected to logic 1 or logic 0. (LINT-32)
   Pin 'in_B[21]' is connected to logic 0. 
Warning: In design 'mul', a pin on submodule 'Wallace_tree_b' is connected to logic 1 or logic 0. (LINT-32)
   Pin 'in_B[20]' is connected to logic 0. 
Warning: In design 'mul', a pin on submodule 'Wallace_tree_b' is connected to logic 1 or logic 0. (LINT-32)
   Pin 'in_B[19]' is connected to logic 0. 
Warning: In design 'mul', a pin on submodule 'Wallace_tree_b' is connected to logic 1 or logic 0. (LINT-32)
   Pin 'in_B[18]' is connected to logic 0. 
Warning: In design 'mul', a pin on submodule 'Wallace_tree_b' is connected to logic 1 or logic 0. (LINT-32)
   Pin 'in_B[17]' is connected to logic 0. 
Warning: In design 'mul', a pin on submodule 'Wallace_tree_b' is connected to logic 1 or logic 0. (LINT-32)
   Pin 'in_B[16]' is connected to logic 0. 
Warning: In design 'mul', a pin on submodule 'Wallace_tree_b' is connected to logic 1 or logic 0. (LINT-32)
   Pin 'in_B[15]' is connected to logic 0. 
Warning: In design 'mul', a pin on submodule 'Wallace_tree_b' is connected to logic 1 or logic 0. (LINT-32)
   Pin 'in_B[14]' is connected to logic 0. 
Warning: In design 'mul', a pin on submodule 'Wallace_tree_b' is connected to logic 1 or logic 0. (LINT-32)
   Pin 'in_B[13]' is connected to logic 0. 
Warning: In design 'mul', a pin on submodule 'Wallace_tree_b' is connected to logic 1 or logic 0. (LINT-32)
   Pin 'in_B[12]' is connected to logic 0. 
Warning: In design 'mul', a pin on submodule 'Wallace_tree_b' is connected to logic 1 or logic 0. (LINT-32)
   Pin 'in_B[11]' is connected to logic 0. 
Warning: In design 'mul', a pin on submodule 'Wallace_tree_b' is connected to logic 1 or logic 0. (LINT-32)
   Pin 'in_B[10]' is connected to logic 0. 
Warning: In design 'mul', a pin on submodule 'Wallace_tree_b' is connected to logic 1 or logic 0. (LINT-32)
   Pin 'in_B[9]' is connected to logic 0. 
Warning: In design 'mul', a pin on submodule 'Wallace_tree_b' is connected to logic 1 or logic 0. (LINT-32)
   Pin 'in_B[8]' is connected to logic 0. 
Warning: In design 'mul', a pin on submodule 'Wallace_tree_b' is connected to logic 1 or logic 0. (LINT-32)
   Pin 'in_B[7]' is connected to logic 0. 
Warning: In design 'mul', a pin on submodule 'Wallace_tree_b' is connected to logic 1 or logic 0. (LINT-32)
   Pin 'in_B[6]' is connected to logic 0. 
Warning: In design 'mul', a pin on submodule 'Wallace_tree_b' is connected to logic 1 or logic 0. (LINT-32)
   Pin 'in_B[5]' is connected to logic 0. 
Warning: In design 'mul', a pin on submodule 'Wallace_tree_b' is connected to logic 1 or logic 0. (LINT-32)
   Pin 'in_B[4]' is connected to logic 0. 
Warning: In design 'mul', a pin on submodule 'Wallace_tree_b' is connected to logic 1 or logic 0. (LINT-32)
   Pin 'in_B[3]' is connected to logic 0. 
Warning: In design 'mul', a pin on submodule 'Wallace_tree_b' is connected to logic 1 or logic 0. (LINT-32)
   Pin 'in_B[2]' is connected to logic 0. 
Warning: In design 'mul', a pin on submodule 'Wallace_tree_b' is connected to logic 1 or logic 0. (LINT-32)
   Pin 'in_B[1]' is connected to logic 0. 
Warning: In design 'mul', a pin on submodule 'Wallace_tree_b' is connected to logic 1 or logic 0. (LINT-32)
   Pin 'in_B[0]' is connected to logic 0. 
Warning: In design 'mul', a pin on submodule 'Wallace_tree_c' is connected to logic 1 or logic 0. (LINT-32)
   Pin 'mode' is connected to logic 0. 
Warning: In design 'mul', a pin on submodule 'Wallace_tree_c' is connected to logic 1 or logic 0. (LINT-32)
   Pin 'in_A[130]' is connected to logic 0. 
Warning: In design 'mul', a pin on submodule 'Wallace_tree_c' is connected to logic 1 or logic 0. (LINT-32)
   Pin 'in_A[129]' is connected to logic 0. 
Warning: In design 'mul', a pin on submodule 'Wallace_tree_c' is connected to logic 1 or logic 0. (LINT-32)
   Pin 'in_A[128]' is connected to logic 0. 
Warning: In design 'mul', a pin on submodule 'Wallace_tree_c' is connected to logic 1 or logic 0. (LINT-32)
   Pin 'in_A[127]' is connected to logic 0. 
Warning: In design 'mul', a pin on submodule 'Wallace_tree_c' is connected to logic 1 or logic 0. (LINT-32)
   Pin 'in_A[126]' is connected to logic 0. 
Warning: In design 'mul', a pin on submodule 'Wallace_tree_c' is connected to logic 1 or logic 0. (LINT-32)
   Pin 'in_A[125]' is connected to logic 0. 
Warning: In design 'mul', a pin on submodule 'Wallace_tree_c' is connected to logic 1 or logic 0. (LINT-32)
   Pin 'in_A[124]' is connected to logic 0. 
Warning: In design 'mul', a pin on submodule 'Wallace_tree_c' is connected to logic 1 or logic 0. (LINT-32)
   Pin 'in_A[123]' is connected to logic 0. 
Warning: In design 'mul', a pin on submodule 'Wallace_tree_c' is connected to logic 1 or logic 0. (LINT-32)
   Pin 'in_A[122]' is connected to logic 0. 
Warning: In design 'mul', a pin on submodule 'Wallace_tree_c' is connected to logic 1 or logic 0. (LINT-32)
   Pin 'in_A[121]' is connected to logic 0. 
Warning: In design 'mul', a pin on submodule 'Wallace_tree_c' is connected to logic 1 or logic 0. (LINT-32)
   Pin 'in_A[120]' is connected to logic 0. 
Warning: In design 'mul', a pin on submodule 'Wallace_tree_c' is connected to logic 1 or logic 0. (LINT-32)
   Pin 'in_A[119]' is connected to logic 0. 
Warning: In design 'mul', a pin on submodule 'Wallace_tree_c' is connected to logic 1 or logic 0. (LINT-32)
   Pin 'in_A[118]' is connected to logic 0. 
Warning: In design 'mul', a pin on submodule 'Wallace_tree_c' is connected to logic 1 or logic 0. (LINT-32)
   Pin 'in_A[117]' is connected to logic 0. 
Warning: In design 'mul', a pin on submodule 'Wallace_tree_c' is connected to logic 1 or logic 0. (LINT-32)
   Pin 'in_A[116]' is connected to logic 0. 
Warning: In design 'mul', a pin on submodule 'Wallace_tree_c' is connected to logic 1 or logic 0. (LINT-32)
   Pin 'in_A[115]' is connected to logic 0. 
Warning: In design 'mul', a pin on submodule 'Wallace_tree_c' is connected to logic 1 or logic 0. (LINT-32)
   Pin 'in_A[114]' is connected to logic 0. 
Warning: In design 'mul', a pin on submodule 'Wallace_tree_c' is connected to logic 1 or logic 0. (LINT-32)
   Pin 'in_A[113]' is connected to logic 0. 
Warning: In design 'mul', a pin on submodule 'Wallace_tree_c' is connected to logic 1 or logic 0. (LINT-32)
   Pin 'in_A[112]' is connected to logic 0. 
Warning: In design 'mul', a pin on submodule 'Wallace_tree_c' is connected to logic 1 or logic 0. (LINT-32)
   Pin 'in_A[111]' is connected to logic 0. 
Warning: In design 'mul', a pin on submodule 'Wallace_tree_c' is connected to logic 1 or logic 0. (LINT-32)
   Pin 'in_A[110]' is connected to logic 0. 
Warning: In design 'mul', a pin on submodule 'Wallace_tree_c' is connected to logic 1 or logic 0. (LINT-32)
   Pin 'in_A[109]' is connected to logic 0. 
Warning: In design 'mul', a pin on submodule 'Wallace_tree_c' is connected to logic 1 or logic 0. (LINT-32)
   Pin 'in_A[108]' is connected to logic 0. 
Warning: In design 'mul', a pin on submodule 'Wallace_tree_c' is connected to logic 1 or logic 0. (LINT-32)
   Pin 'in_A[107]' is connected to logic 0. 
Warning: In design 'mul', a pin on submodule 'Wallace_tree_c' is connected to logic 1 or logic 0. (LINT-32)
   Pin 'in_A[106]' is connected to logic 0. 
Warning: In design 'mul', a pin on submodule 'Wallace_tree_c' is connected to logic 1 or logic 0. (LINT-32)
   Pin 'in_A[105]' is connected to logic 0. 
Warning: In design 'mul', a pin on submodule 'Wallace_tree_c' is connected to logic 1 or logic 0. (LINT-32)
   Pin 'in_A[104]' is connected to logic 0. 
Warning: In design 'mul', a pin on submodule 'Wallace_tree_c' is connected to logic 1 or logic 0. (LINT-32)
   Pin 'in_A[103]' is connected to logic 0. 
Warning: In design 'mul', a pin on submodule 'Wallace_tree_c' is connected to logic 1 or logic 0. (LINT-32)
   Pin 'in_A[102]' is connected to logic 0. 
Warning: In design 'mul', a pin on submodule 'Wallace_tree_c' is connected to logic 1 or logic 0. (LINT-32)
   Pin 'in_A[101]' is connected to logic 0. 
Warning: In design 'mul', a pin on submodule 'Wallace_tree_c' is connected to logic 1 or logic 0. (LINT-32)
   Pin 'in_A[100]' is connected to logic 0. 
Warning: In design 'mul', a pin on submodule 'Wallace_tree_c' is connected to logic 1 or logic 0. (LINT-32)
   Pin 'in_A[99]' is connected to logic 0. 
Warning: In design 'mul', a pin on submodule 'Wallace_tree_c' is connected to logic 1 or logic 0. (LINT-32)
   Pin 'in_A[98]' is connected to logic 0. 
Warning: In design 'mul', a pin on submodule 'Wallace_tree_c' is connected to logic 1 or logic 0. (LINT-32)
   Pin 'in_A[97]' is connected to logic 0. 
Warning: In design 'mul', a pin on submodule 'Wallace_tree_c' is connected to logic 1 or logic 0. (LINT-32)
   Pin 'in_A[96]' is connected to logic 0. 
Warning: In design 'mul', a pin on submodule 'Wallace_tree_c' is connected to logic 1 or logic 0. (LINT-32)
   Pin 'in_A[95]' is connected to logic 0. 
Warning: In design 'mul', a pin on submodule 'Wallace_tree_c' is connected to logic 1 or logic 0. (LINT-32)
   Pin 'in_A[94]' is connected to logic 0. 
Warning: In design 'mul', a pin on submodule 'Wallace_tree_c' is connected to logic 1 or logic 0. (LINT-32)
   Pin 'in_A[93]' is connected to logic 0. 
Warning: In design 'mul', a pin on submodule 'Wallace_tree_c' is connected to logic 1 or logic 0. (LINT-32)
   Pin 'in_A[92]' is connected to logic 0. 
Warning: In design 'mul', a pin on submodule 'Wallace_tree_c' is connected to logic 1 or logic 0. (LINT-32)
   Pin 'in_A[91]' is connected to logic 0. 
Warning: In design 'mul', a pin on submodule 'Wallace_tree_c' is connected to logic 1 or logic 0. (LINT-32)
   Pin 'in_A[90]' is connected to logic 0. 
Warning: In design 'mul', a pin on submodule 'Wallace_tree_c' is connected to logic 1 or logic 0. (LINT-32)
   Pin 'in_A[89]' is connected to logic 0. 
Warning: In design 'mul', a pin on submodule 'Wallace_tree_c' is connected to logic 1 or logic 0. (LINT-32)
   Pin 'in_A[88]' is connected to logic 0. 
Warning: In design 'mul', a pin on submodule 'Wallace_tree_c' is connected to logic 1 or logic 0. (LINT-32)
   Pin 'in_A[87]' is connected to logic 0. 
Warning: In design 'mul', a pin on submodule 'Wallace_tree_c' is connected to logic 1 or logic 0. (LINT-32)
   Pin 'in_A[86]' is connected to logic 0. 
Warning: In design 'mul', a pin on submodule 'Wallace_tree_c' is connected to logic 1 or logic 0. (LINT-32)
   Pin 'in_A[85]' is connected to logic 0. 
Warning: In design 'mul', a pin on submodule 'Wallace_tree_c' is connected to logic 1 or logic 0. (LINT-32)
   Pin 'in_A[84]' is connected to logic 0. 
Warning: In design 'mul', a pin on submodule 'Wallace_tree_c' is connected to logic 1 or logic 0. (LINT-32)
   Pin 'in_A[83]' is connected to logic 0. 
Warning: In design 'mul', a pin on submodule 'Wallace_tree_c' is connected to logic 1 or logic 0. (LINT-32)
   Pin 'in_A[82]' is connected to logic 0. 
Warning: In design 'mul', a pin on submodule 'Wallace_tree_c' is connected to logic 1 or logic 0. (LINT-32)
   Pin 'in_A[81]' is connected to logic 0. 
Warning: In design 'mul', a pin on submodule 'Wallace_tree_c' is connected to logic 1 or logic 0. (LINT-32)
   Pin 'in_A[80]' is connected to logic 0. 
Warning: In design 'mul', a pin on submodule 'Wallace_tree_c' is connected to logic 1 or logic 0. (LINT-32)
   Pin 'in_A[79]' is connected to logic 0. 
Warning: In design 'mul', a pin on submodule 'Wallace_tree_c' is connected to logic 1 or logic 0. (LINT-32)
   Pin 'in_A[78]' is connected to logic 0. 
Warning: In design 'mul', a pin on submodule 'Wallace_tree_c' is connected to logic 1 or logic 0. (LINT-32)
   Pin 'in_A[77]' is connected to logic 0. 
Warning: In design 'mul', a pin on submodule 'Wallace_tree_c' is connected to logic 1 or logic 0. (LINT-32)
   Pin 'in_A[76]' is connected to logic 0. 
Warning: In design 'mul', a pin on submodule 'Wallace_tree_c' is connected to logic 1 or logic 0. (LINT-32)
   Pin 'in_A[75]' is connected to logic 0. 
Warning: In design 'mul', a pin on submodule 'Wallace_tree_c' is connected to logic 1 or logic 0. (LINT-32)
   Pin 'in_A[74]' is connected to logic 0. 
Warning: In design 'mul', a pin on submodule 'Wallace_tree_c' is connected to logic 1 or logic 0. (LINT-32)
   Pin 'in_A[73]' is connected to logic 0. 
Warning: In design 'mul', a pin on submodule 'Wallace_tree_c' is connected to logic 1 or logic 0. (LINT-32)
   Pin 'in_A[72]' is connected to logic 0. 
Warning: In design 'mul', a pin on submodule 'Wallace_tree_c' is connected to logic 1 or logic 0. (LINT-32)
   Pin 'in_A[71]' is connected to logic 0. 
Warning: In design 'mul', a pin on submodule 'Wallace_tree_c' is connected to logic 1 or logic 0. (LINT-32)
   Pin 'in_A[70]' is connected to logic 0. 
Warning: In design 'mul', a pin on submodule 'Wallace_tree_c' is connected to logic 1 or logic 0. (LINT-32)
   Pin 'in_A[69]' is connected to logic 0. 
Warning: In design 'mul', a pin on submodule 'Wallace_tree_c' is connected to logic 1 or logic 0. (LINT-32)
   Pin 'in_A[68]' is connected to logic 0. 
Warning: In design 'mul', a pin on submodule 'Wallace_tree_c' is connected to logic 1 or logic 0. (LINT-32)
   Pin 'in_A[67]' is connected to logic 0. 
Warning: In design 'mul', a pin on submodule 'Wallace_tree_c' is connected to logic 1 or logic 0. (LINT-32)
   Pin 'in_A[66]' is connected to logic 0. 
Warning: In design 'mul', a pin on submodule 'Wallace_tree_c' is connected to logic 1 or logic 0. (LINT-32)
   Pin 'in_A[65]' is connected to logic 0. 
Warning: In design 'mul', a pin on submodule 'Wallace_tree_c' is connected to logic 1 or logic 0. (LINT-32)
   Pin 'in_A[64]' is connected to logic 0. 
Warning: In design 'mul', a pin on submodule 'Wallace_tree_c' is connected to logic 1 or logic 0. (LINT-32)
   Pin 'in_A[63]' is connected to logic 0. 
Warning: In design 'mul', a pin on submodule 'Wallace_tree_c' is connected to logic 1 or logic 0. (LINT-32)
   Pin 'in_A[62]' is connected to logic 0. 
Warning: In design 'mul', a pin on submodule 'Wallace_tree_c' is connected to logic 1 or logic 0. (LINT-32)
   Pin 'in_A[61]' is connected to logic 0. 
Warning: In design 'mul', a pin on submodule 'Wallace_tree_c' is connected to logic 1 or logic 0. (LINT-32)
   Pin 'in_A[60]' is connected to logic 0. 
Warning: In design 'mul', a pin on submodule 'Wallace_tree_c' is connected to logic 1 or logic 0. (LINT-32)
   Pin 'in_A[59]' is connected to logic 0. 
Warning: In design 'mul', a pin on submodule 'Wallace_tree_c' is connected to logic 1 or logic 0. (LINT-32)
   Pin 'in_A[58]' is connected to logic 0. 
Warning: In design 'mul', a pin on submodule 'Wallace_tree_c' is connected to logic 1 or logic 0. (LINT-32)
   Pin 'in_A[57]' is connected to logic 0. 
Warning: In design 'mul', a pin on submodule 'Wallace_tree_c' is connected to logic 1 or logic 0. (LINT-32)
   Pin 'in_A[56]' is connected to logic 0. 
Warning: In design 'mul', a pin on submodule 'Wallace_tree_c' is connected to logic 1 or logic 0. (LINT-32)
   Pin 'in_A[55]' is connected to logic 0. 
Warning: In design 'mul', a pin on submodule 'Wallace_tree_c' is connected to logic 1 or logic 0. (LINT-32)
   Pin 'in_A[54]' is connected to logic 0. 
Warning: In design 'mul', a pin on submodule 'Wallace_tree_c' is connected to logic 1 or logic 0. (LINT-32)
   Pin 'in_A[53]' is connected to logic 0. 
Warning: In design 'mul', a pin on submodule 'Wallace_tree_c' is connected to logic 1 or logic 0. (LINT-32)
   Pin 'in_A[52]' is connected to logic 0. 
Warning: In design 'mul', a pin on submodule 'Wallace_tree_c' is connected to logic 1 or logic 0. (LINT-32)
   Pin 'in_A[51]' is connected to logic 0. 
Warning: In design 'mul', a pin on submodule 'Wallace_tree_c' is connected to logic 1 or logic 0. (LINT-32)
   Pin 'in_A[50]' is connected to logic 0. 
Warning: In design 'mul', a pin on submodule 'Wallace_tree_c' is connected to logic 1 or logic 0. (LINT-32)
   Pin 'in_A[49]' is connected to logic 0. 
Warning: In design 'mul', a pin on submodule 'Wallace_tree_c' is connected to logic 1 or logic 0. (LINT-32)
   Pin 'in_A[48]' is connected to logic 0. 
Warning: In design 'mul', a pin on submodule 'Wallace_tree_c' is connected to logic 1 or logic 0. (LINT-32)
   Pin 'in_A[47]' is connected to logic 0. 
Warning: In design 'mul', a pin on submodule 'Wallace_tree_c' is connected to logic 1 or logic 0. (LINT-32)
   Pin 'in_A[46]' is connected to logic 0. 
Warning: In design 'mul', a pin on submodule 'Wallace_tree_c' is connected to logic 1 or logic 0. (LINT-32)
   Pin 'in_A[45]' is connected to logic 0. 
Warning: In design 'mul', a pin on submodule 'Wallace_tree_c' is connected to logic 1 or logic 0. (LINT-32)
   Pin 'in_A[44]' is connected to logic 0. 
Warning: In design 'mul', a pin on submodule 'Wallace_tree_c' is connected to logic 1 or logic 0. (LINT-32)
   Pin 'in_A[43]' is connected to logic 0. 
Warning: In design 'mul', a pin on submodule 'Wallace_tree_c' is connected to logic 1 or logic 0. (LINT-32)
   Pin 'in_A[42]' is connected to logic 0. 
Warning: In design 'mul', a pin on submodule 'Wallace_tree_c' is connected to logic 1 or logic 0. (LINT-32)
   Pin 'in_A[41]' is connected to logic 0. 
Warning: In design 'mul', a pin on submodule 'Wallace_tree_c' is connected to logic 1 or logic 0. (LINT-32)
   Pin 'in_A[40]' is connected to logic 0. 
Warning: In design 'mul', a pin on submodule 'Wallace_tree_c' is connected to logic 1 or logic 0. (LINT-32)
   Pin 'in_A[39]' is connected to logic 0. 
Warning: In design 'mul', a pin on submodule 'Wallace_tree_c' is connected to logic 1 or logic 0. (LINT-32)
   Pin 'in_A[38]' is connected to logic 0. 
Warning: In design 'mul', a pin on submodule 'Wallace_tree_c' is connected to logic 1 or logic 0. (LINT-32)
   Pin 'in_A[37]' is connected to logic 0. 
Warning: In design 'mul', a pin on submodule 'Wallace_tree_c' is connected to logic 1 or logic 0. (LINT-32)
   Pin 'in_A[36]' is connected to logic 0. 
Warning: In design 'mul', a pin on submodule 'Wallace_tree_c' is connected to logic 1 or logic 0. (LINT-32)
   Pin 'in_A[35]' is connected to logic 0. 
Warning: In design 'mul', a pin on submodule 'Wallace_tree_c' is connected to logic 1 or logic 0. (LINT-32)
   Pin 'in_A[34]' is connected to logic 0. 
Warning: In design 'mul', a pin on submodule 'Wallace_tree_c' is connected to logic 1 or logic 0. (LINT-32)
   Pin 'in_A[33]' is connected to logic 0. 
Warning: In design 'mul', a pin on submodule 'Wallace_tree_c' is connected to logic 1 or logic 0. (LINT-32)
   Pin 'in_A[32]' is connected to logic 0. 
Warning: In design 'mul', a pin on submodule 'Wallace_tree_c' is connected to logic 1 or logic 0. (LINT-32)
   Pin 'in_A[31]' is connected to logic 0. 
Warning: In design 'mul', a pin on submodule 'Wallace_tree_c' is connected to logic 1 or logic 0. (LINT-32)
   Pin 'in_A[30]' is connected to logic 0. 
Warning: In design 'mul', a pin on submodule 'Wallace_tree_c' is connected to logic 1 or logic 0. (LINT-32)
   Pin 'in_A[29]' is connected to logic 0. 
Warning: In design 'mul', a pin on submodule 'Wallace_tree_c' is connected to logic 1 or logic 0. (LINT-32)
   Pin 'in_A[28]' is connected to logic 0. 
Warning: In design 'mul', a pin on submodule 'Wallace_tree_c' is connected to logic 1 or logic 0. (LINT-32)
   Pin 'in_A[27]' is connected to logic 0. 
Warning: In design 'mul', a pin on submodule 'Wallace_tree_c' is connected to logic 1 or logic 0. (LINT-32)
   Pin 'in_A[26]' is connected to logic 0. 
Warning: In design 'mul', a pin on submodule 'Wallace_tree_c' is connected to logic 1 or logic 0. (LINT-32)
   Pin 'in_A[25]' is connected to logic 0. 
Warning: In design 'mul', a pin on submodule 'Wallace_tree_c' is connected to logic 1 or logic 0. (LINT-32)
   Pin 'in_A[24]' is connected to logic 0. 
Warning: In design 'mul', a pin on submodule 'Wallace_tree_c' is connected to logic 1 or logic 0. (LINT-32)
   Pin 'in_A[23]' is connected to logic 0. 
Warning: In design 'mul', a pin on submodule 'Wallace_tree_c' is connected to logic 1 or logic 0. (LINT-32)
   Pin 'in_A[22]' is connected to logic 0. 
Warning: In design 'mul', a pin on submodule 'Wallace_tree_c' is connected to logic 1 or logic 0. (LINT-32)
   Pin 'in_A[21]' is connected to logic 0. 
Warning: In design 'mul', a pin on submodule 'Wallace_tree_c' is connected to logic 1 or logic 0. (LINT-32)
   Pin 'in_A[20]' is connected to logic 0. 
Warning: In design 'mul', a pin on submodule 'Wallace_tree_c' is connected to logic 1 or logic 0. (LINT-32)
   Pin 'in_A[19]' is connected to logic 0. 
Warning: In design 'mul', a pin on submodule 'Wallace_tree_c' is connected to logic 1 or logic 0. (LINT-32)
   Pin 'in_A[18]' is connected to logic 0. 
Warning: In design 'mul', a pin on submodule 'Wallace_tree_c' is connected to logic 1 or logic 0. (LINT-32)
   Pin 'in_A[17]' is connected to logic 0. 
Warning: In design 'mul', a pin on submodule 'Wallace_tree_c' is connected to logic 1 or logic 0. (LINT-32)
   Pin 'in_A[16]' is connected to logic 0. 
Warning: In design 'mul', a pin on submodule 'Wallace_tree_c' is connected to logic 1 or logic 0. (LINT-32)
   Pin 'in_A[15]' is connected to logic 0. 
Warning: In design 'mul', a pin on submodule 'Wallace_tree_c' is connected to logic 1 or logic 0. (LINT-32)
   Pin 'in_A[14]' is connected to logic 0. 
Warning: In design 'mul', a pin on submodule 'Wallace_tree_c' is connected to logic 1 or logic 0. (LINT-32)
   Pin 'in_A[13]' is connected to logic 0. 
Warning: In design 'mul', a pin on submodule 'Wallace_tree_c' is connected to logic 1 or logic 0. (LINT-32)
   Pin 'in_A[12]' is connected to logic 0. 
Warning: In design 'mul', a pin on submodule 'Wallace_tree_c' is connected to logic 1 or logic 0. (LINT-32)
   Pin 'in_A[11]' is connected to logic 0. 
Warning: In design 'mul', a pin on submodule 'Wallace_tree_c' is connected to logic 1 or logic 0. (LINT-32)
   Pin 'in_A[10]' is connected to logic 0. 
Warning: In design 'mul', a pin on submodule 'Wallace_tree_c' is connected to logic 1 or logic 0. (LINT-32)
   Pin 'in_A[9]' is connected to logic 0. 
Warning: In design 'mul', a pin on submodule 'Wallace_tree_c' is connected to logic 1 or logic 0. (LINT-32)
   Pin 'in_A[8]' is connected to logic 0. 
Warning: In design 'mul', a pin on submodule 'Wallace_tree_c' is connected to logic 1 or logic 0. (LINT-32)
   Pin 'in_A[7]' is connected to logic 0. 
Warning: In design 'mul', a pin on submodule 'Wallace_tree_c' is connected to logic 1 or logic 0. (LINT-32)
   Pin 'in_A[6]' is connected to logic 0. 
Warning: In design 'mul', a pin on submodule 'Wallace_tree_c' is connected to logic 1 or logic 0. (LINT-32)
   Pin 'in_A[5]' is connected to logic 0. 
Warning: In design 'mul', a pin on submodule 'Wallace_tree_c' is connected to logic 1 or logic 0. (LINT-32)
   Pin 'in_A[4]' is connected to logic 0. 
Warning: In design 'mul', a pin on submodule 'Wallace_tree_c' is connected to logic 1 or logic 0. (LINT-32)
   Pin 'in_A[3]' is connected to logic 0. 
Warning: In design 'mul', a pin on submodule 'Wallace_tree_c' is connected to logic 1 or logic 0. (LINT-32)
   Pin 'in_A[2]' is connected to logic 0. 
Warning: In design 'mul', a pin on submodule 'Wallace_tree_c' is connected to logic 1 or logic 0. (LINT-32)
   Pin 'in_A[1]' is connected to logic 0. 
Warning: In design 'mul', a pin on submodule 'Wallace_tree_c' is connected to logic 1 or logic 0. (LINT-32)
   Pin 'in_A[0]' is connected to logic 0. 
Warning: In design 'mul', a pin on submodule 'Wallace_tree_c' is connected to logic 1 or logic 0. (LINT-32)
   Pin 'in_B[130]' is connected to logic 0. 
Warning: In design 'mul', a pin on submodule 'Wallace_tree_c' is connected to logic 1 or logic 0. (LINT-32)
   Pin 'in_B[129]' is connected to logic 0. 
Warning: In design 'mul', a pin on submodule 'Wallace_tree_c' is connected to logic 1 or logic 0. (LINT-32)
   Pin 'in_B[128]' is connected to logic 0. 
Warning: In design 'mul', a pin on submodule 'Wallace_tree_c' is connected to logic 1 or logic 0. (LINT-32)
   Pin 'in_B[127]' is connected to logic 0. 
Warning: In design 'mul', a pin on submodule 'Wallace_tree_c' is connected to logic 1 or logic 0. (LINT-32)
   Pin 'in_B[126]' is connected to logic 0. 
Warning: In design 'mul', a pin on submodule 'Wallace_tree_c' is connected to logic 1 or logic 0. (LINT-32)
   Pin 'in_B[125]' is connected to logic 0. 
Warning: In design 'mul', a pin on submodule 'Wallace_tree_c' is connected to logic 1 or logic 0. (LINT-32)
   Pin 'in_B[124]' is connected to logic 0. 
Warning: In design 'mul', a pin on submodule 'Wallace_tree_c' is connected to logic 1 or logic 0. (LINT-32)
   Pin 'in_B[123]' is connected to logic 0. 
Warning: In design 'mul', a pin on submodule 'Wallace_tree_c' is connected to logic 1 or logic 0. (LINT-32)
   Pin 'in_B[122]' is connected to logic 0. 
Warning: In design 'mul', a pin on submodule 'Wallace_tree_c' is connected to logic 1 or logic 0. (LINT-32)
   Pin 'in_B[121]' is connected to logic 0. 
Warning: In design 'mul', a pin on submodule 'Wallace_tree_c' is connected to logic 1 or logic 0. (LINT-32)
   Pin 'in_B[120]' is connected to logic 0. 
Warning: In design 'mul', a pin on submodule 'Wallace_tree_c' is connected to logic 1 or logic 0. (LINT-32)
   Pin 'in_B[119]' is connected to logic 0. 
Warning: In design 'mul', a pin on submodule 'Wallace_tree_c' is connected to logic 1 or logic 0. (LINT-32)
   Pin 'in_B[118]' is connected to logic 0. 
Warning: In design 'mul', a pin on submodule 'Wallace_tree_c' is connected to logic 1 or logic 0. (LINT-32)
   Pin 'in_B[117]' is connected to logic 0. 
Warning: In design 'mul', a pin on submodule 'Wallace_tree_c' is connected to logic 1 or logic 0. (LINT-32)
   Pin 'in_B[116]' is connected to logic 0. 
Warning: In design 'mul', a pin on submodule 'Wallace_tree_c' is connected to logic 1 or logic 0. (LINT-32)
   Pin 'in_B[115]' is connected to logic 0. 
Warning: In design 'mul', a pin on submodule 'Wallace_tree_c' is connected to logic 1 or logic 0. (LINT-32)
   Pin 'in_B[114]' is connected to logic 0. 
Warning: In design 'mul', a pin on submodule 'Wallace_tree_c' is connected to logic 1 or logic 0. (LINT-32)
   Pin 'in_B[113]' is connected to logic 0. 
Warning: In design 'mul', a pin on submodule 'Wallace_tree_c' is connected to logic 1 or logic 0. (LINT-32)
   Pin 'in_B[112]' is connected to logic 0. 
Warning: In design 'mul', a pin on submodule 'Wallace_tree_c' is connected to logic 1 or logic 0. (LINT-32)
   Pin 'in_B[111]' is connected to logic 0. 
Warning: In design 'mul', a pin on submodule 'Wallace_tree_c' is connected to logic 1 or logic 0. (LINT-32)
   Pin 'in_B[110]' is connected to logic 0. 
Warning: In design 'mul', a pin on submodule 'Wallace_tree_c' is connected to logic 1 or logic 0. (LINT-32)
   Pin 'in_B[109]' is connected to logic 0. 
Warning: In design 'mul', a pin on submodule 'Wallace_tree_c' is connected to logic 1 or logic 0. (LINT-32)
   Pin 'in_B[108]' is connected to logic 0. 
Warning: In design 'mul', a pin on submodule 'Wallace_tree_c' is connected to logic 1 or logic 0. (LINT-32)
   Pin 'in_B[107]' is connected to logic 0. 
Warning: In design 'mul', a pin on submodule 'Wallace_tree_c' is connected to logic 1 or logic 0. (LINT-32)
   Pin 'in_B[106]' is connected to logic 0. 
Warning: In design 'mul', a pin on submodule 'Wallace_tree_c' is connected to logic 1 or logic 0. (LINT-32)
   Pin 'in_B[105]' is connected to logic 0. 
Warning: In design 'mul', a pin on submodule 'Wallace_tree_c' is connected to logic 1 or logic 0. (LINT-32)
   Pin 'in_B[104]' is connected to logic 0. 
Warning: In design 'mul', a pin on submodule 'Wallace_tree_c' is connected to logic 1 or logic 0. (LINT-32)
   Pin 'in_B[103]' is connected to logic 0. 
Warning: In design 'mul', a pin on submodule 'Wallace_tree_c' is connected to logic 1 or logic 0. (LINT-32)
   Pin 'in_B[102]' is connected to logic 0. 
Warning: In design 'mul', a pin on submodule 'Wallace_tree_c' is connected to logic 1 or logic 0. (LINT-32)
   Pin 'in_B[101]' is connected to logic 0. 
Warning: In design 'mul', a pin on submodule 'Wallace_tree_c' is connected to logic 1 or logic 0. (LINT-32)
   Pin 'in_B[100]' is connected to logic 0. 
Warning: In design 'mul', a pin on submodule 'Wallace_tree_c' is connected to logic 1 or logic 0. (LINT-32)
   Pin 'in_B[99]' is connected to logic 0. 
Warning: In design 'mul', a pin on submodule 'Wallace_tree_c' is connected to logic 1 or logic 0. (LINT-32)
   Pin 'in_B[98]' is connected to logic 0. 
Warning: In design 'mul', a pin on submodule 'Wallace_tree_c' is connected to logic 1 or logic 0. (LINT-32)
   Pin 'in_B[97]' is connected to logic 0. 
Warning: In design 'mul', a pin on submodule 'Wallace_tree_c' is connected to logic 1 or logic 0. (LINT-32)
   Pin 'in_B[96]' is connected to logic 0. 
Warning: In design 'mul', a pin on submodule 'Wallace_tree_c' is connected to logic 1 or logic 0. (LINT-32)
   Pin 'in_B[95]' is connected to logic 0. 
Warning: In design 'mul', a pin on submodule 'Wallace_tree_c' is connected to logic 1 or logic 0. (LINT-32)
   Pin 'in_B[94]' is connected to logic 0. 
Warning: In design 'mul', a pin on submodule 'Wallace_tree_c' is connected to logic 1 or logic 0. (LINT-32)
   Pin 'in_B[93]' is connected to logic 0. 
Warning: In design 'mul', a pin on submodule 'Wallace_tree_c' is connected to logic 1 or logic 0. (LINT-32)
   Pin 'in_B[92]' is connected to logic 0. 
Warning: In design 'mul', a pin on submodule 'Wallace_tree_c' is connected to logic 1 or logic 0. (LINT-32)
   Pin 'in_B[91]' is connected to logic 0. 
Warning: In design 'mul', a pin on submodule 'Wallace_tree_c' is connected to logic 1 or logic 0. (LINT-32)
   Pin 'in_B[90]' is connected to logic 0. 
Warning: In design 'mul', a pin on submodule 'Wallace_tree_c' is connected to logic 1 or logic 0. (LINT-32)
   Pin 'in_B[89]' is connected to logic 0. 
Warning: In design 'mul', a pin on submodule 'Wallace_tree_c' is connected to logic 1 or logic 0. (LINT-32)
   Pin 'in_B[88]' is connected to logic 0. 
Warning: In design 'mul', a pin on submodule 'Wallace_tree_c' is connected to logic 1 or logic 0. (LINT-32)
   Pin 'in_B[87]' is connected to logic 0. 
Warning: In design 'mul', a pin on submodule 'Wallace_tree_c' is connected to logic 1 or logic 0. (LINT-32)
   Pin 'in_B[86]' is connected to logic 0. 
Warning: In design 'mul', a pin on submodule 'Wallace_tree_c' is connected to logic 1 or logic 0. (LINT-32)
   Pin 'in_B[85]' is connected to logic 0. 
Warning: In design 'mul', a pin on submodule 'Wallace_tree_c' is connected to logic 1 or logic 0. (LINT-32)
   Pin 'in_B[84]' is connected to logic 0. 
Warning: In design 'mul', a pin on submodule 'Wallace_tree_c' is connected to logic 1 or logic 0. (LINT-32)
   Pin 'in_B[83]' is connected to logic 0. 
Warning: In design 'mul', a pin on submodule 'Wallace_tree_c' is connected to logic 1 or logic 0. (LINT-32)
   Pin 'in_B[82]' is connected to logic 0. 
Warning: In design 'mul', a pin on submodule 'Wallace_tree_c' is connected to logic 1 or logic 0. (LINT-32)
   Pin 'in_B[81]' is connected to logic 0. 
Warning: In design 'mul', a pin on submodule 'Wallace_tree_c' is connected to logic 1 or logic 0. (LINT-32)
   Pin 'in_B[80]' is connected to logic 0. 
Warning: In design 'mul', a pin on submodule 'Wallace_tree_c' is connected to logic 1 or logic 0. (LINT-32)
   Pin 'in_B[79]' is connected to logic 0. 
Warning: In design 'mul', a pin on submodule 'Wallace_tree_c' is connected to logic 1 or logic 0. (LINT-32)
   Pin 'in_B[78]' is connected to logic 0. 
Warning: In design 'mul', a pin on submodule 'Wallace_tree_c' is connected to logic 1 or logic 0. (LINT-32)
   Pin 'in_B[77]' is connected to logic 0. 
Warning: In design 'mul', a pin on submodule 'Wallace_tree_c' is connected to logic 1 or logic 0. (LINT-32)
   Pin 'in_B[76]' is connected to logic 0. 
Warning: In design 'mul', a pin on submodule 'Wallace_tree_c' is connected to logic 1 or logic 0. (LINT-32)
   Pin 'in_B[75]' is connected to logic 0. 
Warning: In design 'mul', a pin on submodule 'Wallace_tree_c' is connected to logic 1 or logic 0. (LINT-32)
   Pin 'in_B[74]' is connected to logic 0. 
Warning: In design 'mul', a pin on submodule 'Wallace_tree_c' is connected to logic 1 or logic 0. (LINT-32)
   Pin 'in_B[73]' is connected to logic 0. 
Warning: In design 'mul', a pin on submodule 'Wallace_tree_c' is connected to logic 1 or logic 0. (LINT-32)
   Pin 'in_B[72]' is connected to logic 0. 
Warning: In design 'mul', a pin on submodule 'Wallace_tree_c' is connected to logic 1 or logic 0. (LINT-32)
   Pin 'in_B[71]' is connected to logic 0. 
Warning: In design 'mul', a pin on submodule 'Wallace_tree_c' is connected to logic 1 or logic 0. (LINT-32)
   Pin 'in_B[70]' is connected to logic 0. 
Warning: In design 'mul', a pin on submodule 'Wallace_tree_c' is connected to logic 1 or logic 0. (LINT-32)
   Pin 'in_B[69]' is connected to logic 0. 
Warning: In design 'mul', a pin on submodule 'Wallace_tree_c' is connected to logic 1 or logic 0. (LINT-32)
   Pin 'in_B[68]' is connected to logic 0. 
Warning: In design 'mul', a pin on submodule 'Wallace_tree_c' is connected to logic 1 or logic 0. (LINT-32)
   Pin 'in_B[67]' is connected to logic 0. 
Warning: In design 'mul', a pin on submodule 'Wallace_tree_c' is connected to logic 1 or logic 0. (LINT-32)
   Pin 'in_B[66]' is connected to logic 0. 
Warning: In design 'mul', a pin on submodule 'Wallace_tree_c' is connected to logic 1 or logic 0. (LINT-32)
   Pin 'in_B[65]' is connected to logic 0. 
Warning: In design 'mul', a pin on submodule 'Wallace_tree_c' is connected to logic 1 or logic 0. (LINT-32)
   Pin 'in_B[64]' is connected to logic 0. 
Warning: In design 'mul', a pin on submodule 'Wallace_tree_c' is connected to logic 1 or logic 0. (LINT-32)
   Pin 'in_B[63]' is connected to logic 0. 
Warning: In design 'mul', a pin on submodule 'Wallace_tree_c' is connected to logic 1 or logic 0. (LINT-32)
   Pin 'in_B[62]' is connected to logic 0. 
Warning: In design 'mul', a pin on submodule 'Wallace_tree_c' is connected to logic 1 or logic 0. (LINT-32)
   Pin 'in_B[61]' is connected to logic 0. 
Warning: In design 'mul', a pin on submodule 'Wallace_tree_c' is connected to logic 1 or logic 0. (LINT-32)
   Pin 'in_B[60]' is connected to logic 0. 
Warning: In design 'mul', a pin on submodule 'Wallace_tree_c' is connected to logic 1 or logic 0. (LINT-32)
   Pin 'in_B[59]' is connected to logic 0. 
Warning: In design 'mul', a pin on submodule 'Wallace_tree_c' is connected to logic 1 or logic 0. (LINT-32)
   Pin 'in_B[58]' is connected to logic 0. 
Warning: In design 'mul', a pin on submodule 'Wallace_tree_c' is connected to logic 1 or logic 0. (LINT-32)
   Pin 'in_B[57]' is connected to logic 0. 
Warning: In design 'mul', a pin on submodule 'Wallace_tree_c' is connected to logic 1 or logic 0. (LINT-32)
   Pin 'in_B[56]' is connected to logic 0. 
Warning: In design 'mul', a pin on submodule 'Wallace_tree_c' is connected to logic 1 or logic 0. (LINT-32)
   Pin 'in_B[55]' is connected to logic 0. 
Warning: In design 'mul', a pin on submodule 'Wallace_tree_c' is connected to logic 1 or logic 0. (LINT-32)
   Pin 'in_B[54]' is connected to logic 0. 
Warning: In design 'mul', a pin on submodule 'Wallace_tree_c' is connected to logic 1 or logic 0. (LINT-32)
   Pin 'in_B[53]' is connected to logic 0. 
Warning: In design 'mul', a pin on submodule 'Wallace_tree_c' is connected to logic 1 or logic 0. (LINT-32)
   Pin 'in_B[52]' is connected to logic 0. 
Warning: In design 'mul', a pin on submodule 'Wallace_tree_c' is connected to logic 1 or logic 0. (LINT-32)
   Pin 'in_B[51]' is connected to logic 0. 
Warning: In design 'mul', a pin on submodule 'Wallace_tree_c' is connected to logic 1 or logic 0. (LINT-32)
   Pin 'in_B[50]' is connected to logic 0. 
Warning: In design 'mul', a pin on submodule 'Wallace_tree_c' is connected to logic 1 or logic 0. (LINT-32)
   Pin 'in_B[49]' is connected to logic 0. 
Warning: In design 'mul', a pin on submodule 'Wallace_tree_c' is connected to logic 1 or logic 0. (LINT-32)
   Pin 'in_B[48]' is connected to logic 0. 
Warning: In design 'mul', a pin on submodule 'Wallace_tree_c' is connected to logic 1 or logic 0. (LINT-32)
   Pin 'in_B[47]' is connected to logic 0. 
Warning: In design 'mul', a pin on submodule 'Wallace_tree_c' is connected to logic 1 or logic 0. (LINT-32)
   Pin 'in_B[46]' is connected to logic 0. 
Warning: In design 'mul', a pin on submodule 'Wallace_tree_c' is connected to logic 1 or logic 0. (LINT-32)
   Pin 'in_B[45]' is connected to logic 0. 
Warning: In design 'mul', a pin on submodule 'Wallace_tree_c' is connected to logic 1 or logic 0. (LINT-32)
   Pin 'in_B[44]' is connected to logic 0. 
Warning: In design 'mul', a pin on submodule 'Wallace_tree_c' is connected to logic 1 or logic 0. (LINT-32)
   Pin 'in_B[43]' is connected to logic 0. 
Warning: In design 'mul', a pin on submodule 'Wallace_tree_c' is connected to logic 1 or logic 0. (LINT-32)
   Pin 'in_B[42]' is connected to logic 0. 
Warning: In design 'mul', a pin on submodule 'Wallace_tree_c' is connected to logic 1 or logic 0. (LINT-32)
   Pin 'in_B[41]' is connected to logic 0. 
Warning: In design 'mul', a pin on submodule 'Wallace_tree_c' is connected to logic 1 or logic 0. (LINT-32)
   Pin 'in_B[40]' is connected to logic 0. 
Warning: In design 'mul', a pin on submodule 'Wallace_tree_c' is connected to logic 1 or logic 0. (LINT-32)
   Pin 'in_B[39]' is connected to logic 0. 
Warning: In design 'mul', a pin on submodule 'Wallace_tree_c' is connected to logic 1 or logic 0. (LINT-32)
   Pin 'in_B[38]' is connected to logic 0. 
Warning: In design 'mul', a pin on submodule 'Wallace_tree_c' is connected to logic 1 or logic 0. (LINT-32)
   Pin 'in_B[37]' is connected to logic 0. 
Warning: In design 'mul', a pin on submodule 'Wallace_tree_c' is connected to logic 1 or logic 0. (LINT-32)
   Pin 'in_B[36]' is connected to logic 0. 
Warning: In design 'mul', a pin on submodule 'Wallace_tree_c' is connected to logic 1 or logic 0. (LINT-32)
   Pin 'in_B[35]' is connected to logic 0. 
Warning: In design 'mul', a pin on submodule 'Wallace_tree_c' is connected to logic 1 or logic 0. (LINT-32)
   Pin 'in_B[34]' is connected to logic 0. 
Warning: In design 'mul', a pin on submodule 'Wallace_tree_c' is connected to logic 1 or logic 0. (LINT-32)
   Pin 'in_B[33]' is connected to logic 0. 
Warning: In design 'mul', a pin on submodule 'Wallace_tree_c' is connected to logic 1 or logic 0. (LINT-32)
   Pin 'in_B[32]' is connected to logic 0. 
Warning: In design 'mul', a pin on submodule 'Wallace_tree_c' is connected to logic 1 or logic 0. (LINT-32)
   Pin 'in_B[31]' is connected to logic 0. 
Warning: In design 'mul', a pin on submodule 'Wallace_tree_c' is connected to logic 1 or logic 0. (LINT-32)
   Pin 'in_B[30]' is connected to logic 0. 
Warning: In design 'mul', a pin on submodule 'Wallace_tree_c' is connected to logic 1 or logic 0. (LINT-32)
   Pin 'in_B[29]' is connected to logic 0. 
Warning: In design 'mul', a pin on submodule 'Wallace_tree_c' is connected to logic 1 or logic 0. (LINT-32)
   Pin 'in_B[28]' is connected to logic 0. 
Warning: In design 'mul', a pin on submodule 'Wallace_tree_c' is connected to logic 1 or logic 0. (LINT-32)
   Pin 'in_B[27]' is connected to logic 0. 
Warning: In design 'mul', a pin on submodule 'Wallace_tree_c' is connected to logic 1 or logic 0. (LINT-32)
   Pin 'in_B[26]' is connected to logic 0. 
Warning: In design 'mul', a pin on submodule 'Wallace_tree_c' is connected to logic 1 or logic 0. (LINT-32)
   Pin 'in_B[25]' is connected to logic 0. 
Warning: In design 'mul', a pin on submodule 'Wallace_tree_c' is connected to logic 1 or logic 0. (LINT-32)
   Pin 'in_B[24]' is connected to logic 0. 
Warning: In design 'mul', a pin on submodule 'Wallace_tree_c' is connected to logic 1 or logic 0. (LINT-32)
   Pin 'in_B[23]' is connected to logic 0. 
Warning: In design 'mul', a pin on submodule 'Wallace_tree_c' is connected to logic 1 or logic 0. (LINT-32)
   Pin 'in_B[22]' is connected to logic 0. 
Warning: In design 'mul', a pin on submodule 'Wallace_tree_c' is connected to logic 1 or logic 0. (LINT-32)
   Pin 'in_B[21]' is connected to logic 0. 
Warning: In design 'mul', a pin on submodule 'Wallace_tree_c' is connected to logic 1 or logic 0. (LINT-32)
   Pin 'in_B[20]' is connected to logic 0. 
Warning: In design 'mul', a pin on submodule 'Wallace_tree_c' is connected to logic 1 or logic 0. (LINT-32)
   Pin 'in_B[19]' is connected to logic 0. 
Warning: In design 'mul', a pin on submodule 'Wallace_tree_c' is connected to logic 1 or logic 0. (LINT-32)
   Pin 'in_B[18]' is connected to logic 0. 
Warning: In design 'mul', a pin on submodule 'Wallace_tree_c' is connected to logic 1 or logic 0. (LINT-32)
   Pin 'in_B[17]' is connected to logic 0. 
Warning: In design 'mul', a pin on submodule 'Wallace_tree_c' is connected to logic 1 or logic 0. (LINT-32)
   Pin 'in_B[16]' is connected to logic 0. 
Warning: In design 'mul', a pin on submodule 'Wallace_tree_c' is connected to logic 1 or logic 0. (LINT-32)
   Pin 'in_B[15]' is connected to logic 0. 
Warning: In design 'mul', a pin on submodule 'Wallace_tree_c' is connected to logic 1 or logic 0. (LINT-32)
   Pin 'in_B[14]' is connected to logic 0. 
Warning: In design 'mul', a pin on submodule 'Wallace_tree_c' is connected to logic 1 or logic 0. (LINT-32)
   Pin 'in_B[13]' is connected to logic 0. 
Warning: In design 'mul', a pin on submodule 'Wallace_tree_c' is connected to logic 1 or logic 0. (LINT-32)
   Pin 'in_B[12]' is connected to logic 0. 
Warning: In design 'mul', a pin on submodule 'Wallace_tree_c' is connected to logic 1 or logic 0. (LINT-32)
   Pin 'in_B[11]' is connected to logic 0. 
Warning: In design 'mul', a pin on submodule 'Wallace_tree_c' is connected to logic 1 or logic 0. (LINT-32)
   Pin 'in_B[10]' is connected to logic 0. 
Warning: In design 'mul', a pin on submodule 'Wallace_tree_c' is connected to logic 1 or logic 0. (LINT-32)
   Pin 'in_B[9]' is connected to logic 0. 
Warning: In design 'mul', a pin on submodule 'Wallace_tree_c' is connected to logic 1 or logic 0. (LINT-32)
   Pin 'in_B[8]' is connected to logic 0. 
Warning: In design 'mul', a pin on submodule 'Wallace_tree_c' is connected to logic 1 or logic 0. (LINT-32)
   Pin 'in_B[7]' is connected to logic 0. 
Warning: In design 'mul', a pin on submodule 'Wallace_tree_c' is connected to logic 1 or logic 0. (LINT-32)
   Pin 'in_B[6]' is connected to logic 0. 
Warning: In design 'mul', a pin on submodule 'Wallace_tree_c' is connected to logic 1 or logic 0. (LINT-32)
   Pin 'in_B[5]' is connected to logic 0. 
Warning: In design 'mul', a pin on submodule 'Wallace_tree_c' is connected to logic 1 or logic 0. (LINT-32)
   Pin 'in_B[4]' is connected to logic 0. 
Warning: In design 'mul', a pin on submodule 'Wallace_tree_c' is connected to logic 1 or logic 0. (LINT-32)
   Pin 'in_B[3]' is connected to logic 0. 
Warning: In design 'mul', a pin on submodule 'Wallace_tree_c' is connected to logic 1 or logic 0. (LINT-32)
   Pin 'in_B[2]' is connected to logic 0. 
Warning: In design 'mul', a pin on submodule 'Wallace_tree_c' is connected to logic 1 or logic 0. (LINT-32)
   Pin 'in_B[1]' is connected to logic 0. 
Warning: In design 'mul', a pin on submodule 'Wallace_tree_c' is connected to logic 1 or logic 0. (LINT-32)
   Pin 'in_B[0]' is connected to logic 0. 
Warning: In design 'mul', a pin on submodule 'CLA33_1' is connected to logic 1 or logic 0. (LINT-32)
   Pin 'Cin' is connected to logic 0. 
Warning: In design 'mul', a pin on submodule 'CLA33_1' is connected to logic 1 or logic 0. (LINT-32)
   Pin 'A[32]' is connected to logic 0. 
Warning: In design 'mul', a pin on submodule 'CLA33_1' is connected to logic 1 or logic 0. (LINT-32)
   Pin 'B[32]' is connected to logic 0. 
Warning: In design 'mul', a pin on submodule 'CLA33_2' is connected to logic 1 or logic 0. (LINT-32)
   Pin 'Cin' is connected to logic 0. 
Warning: In design 'mul', a pin on submodule 'CLA33_2' is connected to logic 1 or logic 0. (LINT-32)
   Pin 'A[32]' is connected to logic 0. 
Warning: In design 'mul', a pin on submodule 'CLA33_2' is connected to logic 1 or logic 0. (LINT-32)
   Pin 'B[32]' is connected to logic 0. 
Warning: In design 'mul', a pin on submodule 'CLA33_3' is connected to logic 1 or logic 0. (LINT-32)
   Pin 'Cin' is connected to logic 0. 
Warning: In design 'mul', a pin on submodule 'CLA33_3' is connected to logic 1 or logic 0. (LINT-32)
   Pin 'A[32]' is connected to logic 0. 
Warning: In design 'mul', a pin on submodule 'CLA33_3' is connected to logic 1 or logic 0. (LINT-32)
   Pin 'B[32]' is connected to logic 0. 
Warning: In design 'mul', a pin on submodule 'CLA33_4' is connected to logic 1 or logic 0. (LINT-32)
   Pin 'Cin' is connected to logic 0. 
Warning: In design 'mul', a pin on submodule 'CLA33_4' is connected to logic 1 or logic 0. (LINT-32)
   Pin 'A[32]' is connected to logic 0. 
Warning: In design 'mul', a pin on submodule 'CLA33_4' is connected to logic 1 or logic 0. (LINT-32)
   Pin 'B[32]' is connected to logic 0. 
Warning: In design 'mul', a pin on submodule 'CLA33_5' is connected to logic 1 or logic 0. (LINT-32)
   Pin 'Cin' is connected to logic 0. 
Warning: In design 'mul', a pin on submodule 'CLA33_5' is connected to logic 1 or logic 0. (LINT-32)
   Pin 'A[32]' is connected to logic 0. 
Warning: In design 'mul', a pin on submodule 'CLA33_5' is connected to logic 1 or logic 0. (LINT-32)
   Pin 'B[32]' is connected to logic 0. 
Warning: In design 'mul', a pin on submodule 'CLA33_6' is connected to logic 1 or logic 0. (LINT-32)
   Pin 'Cin' is connected to logic 0. 
Warning: In design 'mul', a pin on submodule 'CLA33_6' is connected to logic 1 or logic 0. (LINT-32)
   Pin 'A[32]' is connected to logic 0. 
Warning: In design 'mul', a pin on submodule 'CLA33_6' is connected to logic 1 or logic 0. (LINT-32)
   Pin 'B[32]' is connected to logic 0. 
Warning: In design 'mul', a pin on submodule 'CLA33_7' is connected to logic 1 or logic 0. (LINT-32)
   Pin 'Cin' is connected to logic 0. 
Warning: In design 'mul', a pin on submodule 'CLA33_7' is connected to logic 1 or logic 0. (LINT-32)
   Pin 'A[32]' is connected to logic 0. 
Warning: In design 'mul', a pin on submodule 'CLA33_7' is connected to logic 1 or logic 0. (LINT-32)
   Pin 'B[32]' is connected to logic 0. 
Warning: In design 'mul', a pin on submodule 'CLA33_8' is connected to logic 1 or logic 0. (LINT-32)
   Pin 'Cin' is connected to logic 0. 
Warning: In design 'mul', a pin on submodule 'CLA33_8' is connected to logic 1 or logic 0. (LINT-32)
   Pin 'A[32]' is connected to logic 0. 
Warning: In design 'mul', a pin on submodule 'CLA33_8' is connected to logic 1 or logic 0. (LINT-32)
   Pin 'B[32]' is connected to logic 0. 
Warning: In design 'mul', a pin on submodule 'CLA17_1' is connected to logic 1 or logic 0. (LINT-32)
   Pin 'Cin' is connected to logic 0. 
Warning: In design 'mul', a pin on submodule 'CLA17_1' is connected to logic 1 or logic 0. (LINT-32)
   Pin 'A[16]' is connected to logic 0. 
Warning: In design 'mul', a pin on submodule 'CLA17_1' is connected to logic 1 or logic 0. (LINT-32)
   Pin 'B[16]' is connected to logic 1. 
Warning: In design 'mul', a pin on submodule 'CLA17_1' is connected to logic 1 or logic 0. (LINT-32)
   Pin 'B[15]' is connected to logic 1. 
Warning: In design 'mul', a pin on submodule 'CLA17_1' is connected to logic 1 or logic 0. (LINT-32)
   Pin 'B[14]' is connected to logic 1. 
Warning: In design 'mul', a pin on submodule 'CLA17_1' is connected to logic 1 or logic 0. (LINT-32)
   Pin 'B[13]' is connected to logic 0. 
Warning: In design 'mul', a pin on submodule 'CLA17_1' is connected to logic 1 or logic 0. (LINT-32)
   Pin 'B[12]' is connected to logic 0. 
Warning: In design 'mul', a pin on submodule 'CLA17_1' is connected to logic 1 or logic 0. (LINT-32)
   Pin 'B[11]' is connected to logic 1. 
Warning: In design 'mul', a pin on submodule 'CLA17_1' is connected to logic 1 or logic 0. (LINT-32)
   Pin 'B[10]' is connected to logic 1. 
Warning: In design 'mul', a pin on submodule 'CLA17_1' is connected to logic 1 or logic 0. (LINT-32)
   Pin 'B[9]' is connected to logic 1. 
Warning: In design 'mul', a pin on submodule 'CLA17_1' is connected to logic 1 or logic 0. (LINT-32)
   Pin 'B[8]' is connected to logic 1. 
Warning: In design 'mul', a pin on submodule 'CLA17_1' is connected to logic 1 or logic 0. (LINT-32)
   Pin 'B[7]' is connected to logic 1. 
Warning: In design 'mul', a pin on submodule 'CLA17_1' is connected to logic 1 or logic 0. (LINT-32)
   Pin 'B[6]' is connected to logic 1. 
Warning: In design 'mul', a pin on submodule 'CLA17_1' is connected to logic 1 or logic 0. (LINT-32)
   Pin 'B[5]' is connected to logic 1. 
Warning: In design 'mul', a pin on submodule 'CLA17_1' is connected to logic 1 or logic 0. (LINT-32)
   Pin 'B[4]' is connected to logic 1. 
Warning: In design 'mul', a pin on submodule 'CLA17_1' is connected to logic 1 or logic 0. (LINT-32)
   Pin 'B[3]' is connected to logic 1. 
Warning: In design 'mul', a pin on submodule 'CLA17_1' is connected to logic 1 or logic 0. (LINT-32)
   Pin 'B[2]' is connected to logic 1. 
Warning: In design 'mul', a pin on submodule 'CLA17_1' is connected to logic 1 or logic 0. (LINT-32)
   Pin 'B[1]' is connected to logic 1. 
Warning: In design 'mul', a pin on submodule 'CLA17_1' is connected to logic 1 or logic 0. (LINT-32)
   Pin 'B[0]' is connected to logic 1. 
Warning: In design 'mul', a pin on submodule 'CLA17_2' is connected to logic 1 or logic 0. (LINT-32)
   Pin 'Cin' is connected to logic 0. 
Warning: In design 'mul', a pin on submodule 'CLA17_2' is connected to logic 1 or logic 0. (LINT-32)
   Pin 'A[16]' is connected to logic 0. 
Warning: In design 'mul', a pin on submodule 'CLA17_2' is connected to logic 1 or logic 0. (LINT-32)
   Pin 'B[16]' is connected to logic 1. 
Warning: In design 'mul', a pin on submodule 'CLA17_2' is connected to logic 1 or logic 0. (LINT-32)
   Pin 'B[15]' is connected to logic 1. 
Warning: In design 'mul', a pin on submodule 'CLA17_2' is connected to logic 1 or logic 0. (LINT-32)
   Pin 'B[14]' is connected to logic 1. 
Warning: In design 'mul', a pin on submodule 'CLA17_2' is connected to logic 1 or logic 0. (LINT-32)
   Pin 'B[13]' is connected to logic 0. 
Warning: In design 'mul', a pin on submodule 'CLA17_2' is connected to logic 1 or logic 0. (LINT-32)
   Pin 'B[12]' is connected to logic 0. 
Warning: In design 'mul', a pin on submodule 'CLA17_2' is connected to logic 1 or logic 0. (LINT-32)
   Pin 'B[11]' is connected to logic 1. 
Warning: In design 'mul', a pin on submodule 'CLA17_2' is connected to logic 1 or logic 0. (LINT-32)
   Pin 'B[10]' is connected to logic 1. 
Warning: In design 'mul', a pin on submodule 'CLA17_2' is connected to logic 1 or logic 0. (LINT-32)
   Pin 'B[9]' is connected to logic 1. 
Warning: In design 'mul', a pin on submodule 'CLA17_2' is connected to logic 1 or logic 0. (LINT-32)
   Pin 'B[8]' is connected to logic 1. 
Warning: In design 'mul', a pin on submodule 'CLA17_2' is connected to logic 1 or logic 0. (LINT-32)
   Pin 'B[7]' is connected to logic 1. 
Warning: In design 'mul', a pin on submodule 'CLA17_2' is connected to logic 1 or logic 0. (LINT-32)
   Pin 'B[6]' is connected to logic 1. 
Warning: In design 'mul', a pin on submodule 'CLA17_2' is connected to logic 1 or logic 0. (LINT-32)
   Pin 'B[5]' is connected to logic 1. 
Warning: In design 'mul', a pin on submodule 'CLA17_2' is connected to logic 1 or logic 0. (LINT-32)
   Pin 'B[4]' is connected to logic 1. 
Warning: In design 'mul', a pin on submodule 'CLA17_2' is connected to logic 1 or logic 0. (LINT-32)
   Pin 'B[3]' is connected to logic 1. 
Warning: In design 'mul', a pin on submodule 'CLA17_2' is connected to logic 1 or logic 0. (LINT-32)
   Pin 'B[2]' is connected to logic 1. 
Warning: In design 'mul', a pin on submodule 'CLA17_2' is connected to logic 1 or logic 0. (LINT-32)
   Pin 'B[1]' is connected to logic 1. 
Warning: In design 'mul', a pin on submodule 'CLA17_2' is connected to logic 1 or logic 0. (LINT-32)
   Pin 'B[0]' is connected to logic 1. 
Warning: In design 'mul', a pin on submodule 'CLA17_3' is connected to logic 1 or logic 0. (LINT-32)
   Pin 'Cin' is connected to logic 0. 
Warning: In design 'mul', a pin on submodule 'CLA17_3' is connected to logic 1 or logic 0. (LINT-32)
   Pin 'A[16]' is connected to logic 0. 
Warning: In design 'mul', a pin on submodule 'CLA17_3' is connected to logic 1 or logic 0. (LINT-32)
   Pin 'B[16]' is connected to logic 1. 
Warning: In design 'mul', a pin on submodule 'CLA17_3' is connected to logic 1 or logic 0. (LINT-32)
   Pin 'B[15]' is connected to logic 1. 
Warning: In design 'mul', a pin on submodule 'CLA17_3' is connected to logic 1 or logic 0. (LINT-32)
   Pin 'B[14]' is connected to logic 1. 
Warning: In design 'mul', a pin on submodule 'CLA17_3' is connected to logic 1 or logic 0. (LINT-32)
   Pin 'B[13]' is connected to logic 0. 
Warning: In design 'mul', a pin on submodule 'CLA17_3' is connected to logic 1 or logic 0. (LINT-32)
   Pin 'B[12]' is connected to logic 0. 
Warning: In design 'mul', a pin on submodule 'CLA17_3' is connected to logic 1 or logic 0. (LINT-32)
   Pin 'B[11]' is connected to logic 1. 
Warning: In design 'mul', a pin on submodule 'CLA17_3' is connected to logic 1 or logic 0. (LINT-32)
   Pin 'B[10]' is connected to logic 1. 
Warning: In design 'mul', a pin on submodule 'CLA17_3' is connected to logic 1 or logic 0. (LINT-32)
   Pin 'B[9]' is connected to logic 1. 
Warning: In design 'mul', a pin on submodule 'CLA17_3' is connected to logic 1 or logic 0. (LINT-32)
   Pin 'B[8]' is connected to logic 1. 
Warning: In design 'mul', a pin on submodule 'CLA17_3' is connected to logic 1 or logic 0. (LINT-32)
   Pin 'B[7]' is connected to logic 1. 
Warning: In design 'mul', a pin on submodule 'CLA17_3' is connected to logic 1 or logic 0. (LINT-32)
   Pin 'B[6]' is connected to logic 1. 
Warning: In design 'mul', a pin on submodule 'CLA17_3' is connected to logic 1 or logic 0. (LINT-32)
   Pin 'B[5]' is connected to logic 1. 
Warning: In design 'mul', a pin on submodule 'CLA17_3' is connected to logic 1 or logic 0. (LINT-32)
   Pin 'B[4]' is connected to logic 1. 
Warning: In design 'mul', a pin on submodule 'CLA17_3' is connected to logic 1 or logic 0. (LINT-32)
   Pin 'B[3]' is connected to logic 1. 
Warning: In design 'mul', a pin on submodule 'CLA17_3' is connected to logic 1 or logic 0. (LINT-32)
   Pin 'B[2]' is connected to logic 1. 
Warning: In design 'mul', a pin on submodule 'CLA17_3' is connected to logic 1 or logic 0. (LINT-32)
   Pin 'B[1]' is connected to logic 1. 
Warning: In design 'mul', a pin on submodule 'CLA17_3' is connected to logic 1 or logic 0. (LINT-32)
   Pin 'B[0]' is connected to logic 1. 
Warning: In design 'mul', a pin on submodule 'CLA17_4' is connected to logic 1 or logic 0. (LINT-32)
   Pin 'Cin' is connected to logic 0. 
Warning: In design 'mul', a pin on submodule 'CLA17_4' is connected to logic 1 or logic 0. (LINT-32)
   Pin 'A[16]' is connected to logic 0. 
Warning: In design 'mul', a pin on submodule 'CLA17_4' is connected to logic 1 or logic 0. (LINT-32)
   Pin 'B[16]' is connected to logic 1. 
Warning: In design 'mul', a pin on submodule 'CLA17_4' is connected to logic 1 or logic 0. (LINT-32)
   Pin 'B[15]' is connected to logic 1. 
Warning: In design 'mul', a pin on submodule 'CLA17_4' is connected to logic 1 or logic 0. (LINT-32)
   Pin 'B[14]' is connected to logic 1. 
Warning: In design 'mul', a pin on submodule 'CLA17_4' is connected to logic 1 or logic 0. (LINT-32)
   Pin 'B[13]' is connected to logic 0. 
Warning: In design 'mul', a pin on submodule 'CLA17_4' is connected to logic 1 or logic 0. (LINT-32)
   Pin 'B[12]' is connected to logic 0. 
Warning: In design 'mul', a pin on submodule 'CLA17_4' is connected to logic 1 or logic 0. (LINT-32)
   Pin 'B[11]' is connected to logic 1. 
Warning: In design 'mul', a pin on submodule 'CLA17_4' is connected to logic 1 or logic 0. (LINT-32)
   Pin 'B[10]' is connected to logic 1. 
Warning: In design 'mul', a pin on submodule 'CLA17_4' is connected to logic 1 or logic 0. (LINT-32)
   Pin 'B[9]' is connected to logic 1. 
Warning: In design 'mul', a pin on submodule 'CLA17_4' is connected to logic 1 or logic 0. (LINT-32)
   Pin 'B[8]' is connected to logic 1. 
Warning: In design 'mul', a pin on submodule 'CLA17_4' is connected to logic 1 or logic 0. (LINT-32)
   Pin 'B[7]' is connected to logic 1. 
Warning: In design 'mul', a pin on submodule 'CLA17_4' is connected to logic 1 or logic 0. (LINT-32)
   Pin 'B[6]' is connected to logic 1. 
Warning: In design 'mul', a pin on submodule 'CLA17_4' is connected to logic 1 or logic 0. (LINT-32)
   Pin 'B[5]' is connected to logic 1. 
Warning: In design 'mul', a pin on submodule 'CLA17_4' is connected to logic 1 or logic 0. (LINT-32)
   Pin 'B[4]' is connected to logic 1. 
Warning: In design 'mul', a pin on submodule 'CLA17_4' is connected to logic 1 or logic 0. (LINT-32)
   Pin 'B[3]' is connected to logic 1. 
Warning: In design 'mul', a pin on submodule 'CLA17_4' is connected to logic 1 or logic 0. (LINT-32)
   Pin 'B[2]' is connected to logic 1. 
Warning: In design 'mul', a pin on submodule 'CLA17_4' is connected to logic 1 or logic 0. (LINT-32)
   Pin 'B[1]' is connected to logic 1. 
Warning: In design 'mul', a pin on submodule 'CLA17_4' is connected to logic 1 or logic 0. (LINT-32)
   Pin 'B[0]' is connected to logic 1. 
Warning: In design 'mul', a pin on submodule 'CLA17_5' is connected to logic 1 or logic 0. (LINT-32)
   Pin 'Cin' is connected to logic 0. 
Warning: In design 'mul', a pin on submodule 'CLA17_5' is connected to logic 1 or logic 0. (LINT-32)
   Pin 'A[16]' is connected to logic 0. 
Warning: In design 'mul', a pin on submodule 'CLA17_5' is connected to logic 1 or logic 0. (LINT-32)
   Pin 'B[16]' is connected to logic 1. 
Warning: In design 'mul', a pin on submodule 'CLA17_5' is connected to logic 1 or logic 0. (LINT-32)
   Pin 'B[15]' is connected to logic 1. 
Warning: In design 'mul', a pin on submodule 'CLA17_5' is connected to logic 1 or logic 0. (LINT-32)
   Pin 'B[14]' is connected to logic 1. 
Warning: In design 'mul', a pin on submodule 'CLA17_5' is connected to logic 1 or logic 0. (LINT-32)
   Pin 'B[13]' is connected to logic 0. 
Warning: In design 'mul', a pin on submodule 'CLA17_5' is connected to logic 1 or logic 0. (LINT-32)
   Pin 'B[12]' is connected to logic 0. 
Warning: In design 'mul', a pin on submodule 'CLA17_5' is connected to logic 1 or logic 0. (LINT-32)
   Pin 'B[11]' is connected to logic 1. 
Warning: In design 'mul', a pin on submodule 'CLA17_5' is connected to logic 1 or logic 0. (LINT-32)
   Pin 'B[10]' is connected to logic 1. 
Warning: In design 'mul', a pin on submodule 'CLA17_5' is connected to logic 1 or logic 0. (LINT-32)
   Pin 'B[9]' is connected to logic 1. 
Warning: In design 'mul', a pin on submodule 'CLA17_5' is connected to logic 1 or logic 0. (LINT-32)
   Pin 'B[8]' is connected to logic 1. 
Warning: In design 'mul', a pin on submodule 'CLA17_5' is connected to logic 1 or logic 0. (LINT-32)
   Pin 'B[7]' is connected to logic 1. 
Warning: In design 'mul', a pin on submodule 'CLA17_5' is connected to logic 1 or logic 0. (LINT-32)
   Pin 'B[6]' is connected to logic 1. 
Warning: In design 'mul', a pin on submodule 'CLA17_5' is connected to logic 1 or logic 0. (LINT-32)
   Pin 'B[5]' is connected to logic 1. 
Warning: In design 'mul', a pin on submodule 'CLA17_5' is connected to logic 1 or logic 0. (LINT-32)
   Pin 'B[4]' is connected to logic 1. 
Warning: In design 'mul', a pin on submodule 'CLA17_5' is connected to logic 1 or logic 0. (LINT-32)
   Pin 'B[3]' is connected to logic 1. 
Warning: In design 'mul', a pin on submodule 'CLA17_5' is connected to logic 1 or logic 0. (LINT-32)
   Pin 'B[2]' is connected to logic 1. 
Warning: In design 'mul', a pin on submodule 'CLA17_5' is connected to logic 1 or logic 0. (LINT-32)
   Pin 'B[1]' is connected to logic 1. 
Warning: In design 'mul', a pin on submodule 'CLA17_5' is connected to logic 1 or logic 0. (LINT-32)
   Pin 'B[0]' is connected to logic 1. 
Warning: In design 'mul', a pin on submodule 'CLA17_6' is connected to logic 1 or logic 0. (LINT-32)
   Pin 'Cin' is connected to logic 0. 
Warning: In design 'mul', a pin on submodule 'CLA17_6' is connected to logic 1 or logic 0. (LINT-32)
   Pin 'A[16]' is connected to logic 0. 
Warning: In design 'mul', a pin on submodule 'CLA17_6' is connected to logic 1 or logic 0. (LINT-32)
   Pin 'B[16]' is connected to logic 1. 
Warning: In design 'mul', a pin on submodule 'CLA17_6' is connected to logic 1 or logic 0. (LINT-32)
   Pin 'B[15]' is connected to logic 1. 
Warning: In design 'mul', a pin on submodule 'CLA17_6' is connected to logic 1 or logic 0. (LINT-32)
   Pin 'B[14]' is connected to logic 1. 
Warning: In design 'mul', a pin on submodule 'CLA17_6' is connected to logic 1 or logic 0. (LINT-32)
   Pin 'B[13]' is connected to logic 0. 
Warning: In design 'mul', a pin on submodule 'CLA17_6' is connected to logic 1 or logic 0. (LINT-32)
   Pin 'B[12]' is connected to logic 0. 
Warning: In design 'mul', a pin on submodule 'CLA17_6' is connected to logic 1 or logic 0. (LINT-32)
   Pin 'B[11]' is connected to logic 1. 
Warning: In design 'mul', a pin on submodule 'CLA17_6' is connected to logic 1 or logic 0. (LINT-32)
   Pin 'B[10]' is connected to logic 1. 
Warning: In design 'mul', a pin on submodule 'CLA17_6' is connected to logic 1 or logic 0. (LINT-32)
   Pin 'B[9]' is connected to logic 1. 
Warning: In design 'mul', a pin on submodule 'CLA17_6' is connected to logic 1 or logic 0. (LINT-32)
   Pin 'B[8]' is connected to logic 1. 
Warning: In design 'mul', a pin on submodule 'CLA17_6' is connected to logic 1 or logic 0. (LINT-32)
   Pin 'B[7]' is connected to logic 1. 
Warning: In design 'mul', a pin on submodule 'CLA17_6' is connected to logic 1 or logic 0. (LINT-32)
   Pin 'B[6]' is connected to logic 1. 
Warning: In design 'mul', a pin on submodule 'CLA17_6' is connected to logic 1 or logic 0. (LINT-32)
   Pin 'B[5]' is connected to logic 1. 
Warning: In design 'mul', a pin on submodule 'CLA17_6' is connected to logic 1 or logic 0. (LINT-32)
   Pin 'B[4]' is connected to logic 1. 
Warning: In design 'mul', a pin on submodule 'CLA17_6' is connected to logic 1 or logic 0. (LINT-32)
   Pin 'B[3]' is connected to logic 1. 
Warning: In design 'mul', a pin on submodule 'CLA17_6' is connected to logic 1 or logic 0. (LINT-32)
   Pin 'B[2]' is connected to logic 1. 
Warning: In design 'mul', a pin on submodule 'CLA17_6' is connected to logic 1 or logic 0. (LINT-32)
   Pin 'B[1]' is connected to logic 1. 
Warning: In design 'mul', a pin on submodule 'CLA17_6' is connected to logic 1 or logic 0. (LINT-32)
   Pin 'B[0]' is connected to logic 1. 
Warning: In design 'mul', a pin on submodule 'CLA17_7' is connected to logic 1 or logic 0. (LINT-32)
   Pin 'Cin' is connected to logic 0. 
Warning: In design 'mul', a pin on submodule 'CLA17_7' is connected to logic 1 or logic 0. (LINT-32)
   Pin 'A[16]' is connected to logic 0. 
Warning: In design 'mul', a pin on submodule 'CLA17_7' is connected to logic 1 or logic 0. (LINT-32)
   Pin 'B[16]' is connected to logic 1. 
Warning: In design 'mul', a pin on submodule 'CLA17_7' is connected to logic 1 or logic 0. (LINT-32)
   Pin 'B[15]' is connected to logic 1. 
Warning: In design 'mul', a pin on submodule 'CLA17_7' is connected to logic 1 or logic 0. (LINT-32)
   Pin 'B[14]' is connected to logic 1. 
Warning: In design 'mul', a pin on submodule 'CLA17_7' is connected to logic 1 or logic 0. (LINT-32)
   Pin 'B[13]' is connected to logic 0. 
Warning: In design 'mul', a pin on submodule 'CLA17_7' is connected to logic 1 or logic 0. (LINT-32)
   Pin 'B[12]' is connected to logic 0. 
Warning: In design 'mul', a pin on submodule 'CLA17_7' is connected to logic 1 or logic 0. (LINT-32)
   Pin 'B[11]' is connected to logic 1. 
Warning: In design 'mul', a pin on submodule 'CLA17_7' is connected to logic 1 or logic 0. (LINT-32)
   Pin 'B[10]' is connected to logic 1. 
Warning: In design 'mul', a pin on submodule 'CLA17_7' is connected to logic 1 or logic 0. (LINT-32)
   Pin 'B[9]' is connected to logic 1. 
Warning: In design 'mul', a pin on submodule 'CLA17_7' is connected to logic 1 or logic 0. (LINT-32)
   Pin 'B[8]' is connected to logic 1. 
Warning: In design 'mul', a pin on submodule 'CLA17_7' is connected to logic 1 or logic 0. (LINT-32)
   Pin 'B[7]' is connected to logic 1. 
Warning: In design 'mul', a pin on submodule 'CLA17_7' is connected to logic 1 or logic 0. (LINT-32)
   Pin 'B[6]' is connected to logic 1. 
Warning: In design 'mul', a pin on submodule 'CLA17_7' is connected to logic 1 or logic 0. (LINT-32)
   Pin 'B[5]' is connected to logic 1. 
Warning: In design 'mul', a pin on submodule 'CLA17_7' is connected to logic 1 or logic 0. (LINT-32)
   Pin 'B[4]' is connected to logic 1. 
Warning: In design 'mul', a pin on submodule 'CLA17_7' is connected to logic 1 or logic 0. (LINT-32)
   Pin 'B[3]' is connected to logic 1. 
Warning: In design 'mul', a pin on submodule 'CLA17_7' is connected to logic 1 or logic 0. (LINT-32)
   Pin 'B[2]' is connected to logic 1. 
Warning: In design 'mul', a pin on submodule 'CLA17_7' is connected to logic 1 or logic 0. (LINT-32)
   Pin 'B[1]' is connected to logic 1. 
Warning: In design 'mul', a pin on submodule 'CLA17_7' is connected to logic 1 or logic 0. (LINT-32)
   Pin 'B[0]' is connected to logic 1. 
Warning: In design 'mul', a pin on submodule 'CLA17_8' is connected to logic 1 or logic 0. (LINT-32)
   Pin 'Cin' is connected to logic 0. 
Warning: In design 'mul', a pin on submodule 'CLA17_8' is connected to logic 1 or logic 0. (LINT-32)
   Pin 'A[16]' is connected to logic 0. 
Warning: In design 'mul', a pin on submodule 'CLA17_8' is connected to logic 1 or logic 0. (LINT-32)
   Pin 'B[16]' is connected to logic 1. 
Warning: In design 'mul', a pin on submodule 'CLA17_8' is connected to logic 1 or logic 0. (LINT-32)
   Pin 'B[15]' is connected to logic 1. 
Warning: In design 'mul', a pin on submodule 'CLA17_8' is connected to logic 1 or logic 0. (LINT-32)
   Pin 'B[14]' is connected to logic 1. 
Warning: In design 'mul', a pin on submodule 'CLA17_8' is connected to logic 1 or logic 0. (LINT-32)
   Pin 'B[13]' is connected to logic 0. 
Warning: In design 'mul', a pin on submodule 'CLA17_8' is connected to logic 1 or logic 0. (LINT-32)
   Pin 'B[12]' is connected to logic 0. 
Warning: In design 'mul', a pin on submodule 'CLA17_8' is connected to logic 1 or logic 0. (LINT-32)
   Pin 'B[11]' is connected to logic 1. 
Warning: In design 'mul', a pin on submodule 'CLA17_8' is connected to logic 1 or logic 0. (LINT-32)
   Pin 'B[10]' is connected to logic 1. 
Warning: In design 'mul', a pin on submodule 'CLA17_8' is connected to logic 1 or logic 0. (LINT-32)
   Pin 'B[9]' is connected to logic 1. 
Warning: In design 'mul', a pin on submodule 'CLA17_8' is connected to logic 1 or logic 0. (LINT-32)
   Pin 'B[8]' is connected to logic 1. 
Warning: In design 'mul', a pin on submodule 'CLA17_8' is connected to logic 1 or logic 0. (LINT-32)
   Pin 'B[7]' is connected to logic 1. 
Warning: In design 'mul', a pin on submodule 'CLA17_8' is connected to logic 1 or logic 0. (LINT-32)
   Pin 'B[6]' is connected to logic 1. 
Warning: In design 'mul', a pin on submodule 'CLA17_8' is connected to logic 1 or logic 0. (LINT-32)
   Pin 'B[5]' is connected to logic 1. 
Warning: In design 'mul', a pin on submodule 'CLA17_8' is connected to logic 1 or logic 0. (LINT-32)
   Pin 'B[4]' is connected to logic 1. 
Warning: In design 'mul', a pin on submodule 'CLA17_8' is connected to logic 1 or logic 0. (LINT-32)
   Pin 'B[3]' is connected to logic 1. 
Warning: In design 'mul', a pin on submodule 'CLA17_8' is connected to logic 1 or logic 0. (LINT-32)
   Pin 'B[2]' is connected to logic 1. 
Warning: In design 'mul', a pin on submodule 'CLA17_8' is connected to logic 1 or logic 0. (LINT-32)
   Pin 'B[1]' is connected to logic 1. 
Warning: In design 'mul', a pin on submodule 'CLA17_8' is connected to logic 1 or logic 0. (LINT-32)
   Pin 'B[0]' is connected to logic 1. 
Warning: In design 'fp_add_mydesign_4', a pin on submodule 'sub_12_00' is connected to logic 1 or logic 0. (LINT-32)
   Pin 'in_A[11]' is connected to logic 0. 
Warning: In design 'fp_add_mydesign_4', a pin on submodule 'sub_12_00' is connected to logic 1 or logic 0. (LINT-32)
   Pin 'in_B[11]' is connected to logic 0. 
Warning: In design 'fp_add_mydesign_4', a pin on submodule 'sub_12_01' is connected to logic 1 or logic 0. (LINT-32)
   Pin 'in_A[11]' is connected to logic 0. 
Warning: In design 'fp_add_mydesign_4', a pin on submodule 'sub_12_01' is connected to logic 1 or logic 0. (LINT-32)
   Pin 'in_B[11]' is connected to logic 0. 
Warning: In design 'fp_add_mydesign_4', a pin on submodule 'add_58_00' is connected to logic 1 or logic 0. (LINT-32)
   Pin 'in_B[57]' is connected to logic 0. 
Warning: In design 'fp_add_mydesign_4', a pin on submodule 'add_58_00' is connected to logic 1 or logic 0. (LINT-32)
   Pin 'in_B[56]' is connected to logic 0. 
Warning: In design 'fp_add_mydesign_4', a pin on submodule 'sub_58_00' is connected to logic 1 or logic 0. (LINT-32)
   Pin 'in_A[57]' is connected to logic 0. 
Warning: In design 'fp_add_mydesign_4', a pin on submodule 'sub_58_00' is connected to logic 1 or logic 0. (LINT-32)
   Pin 'in_A[56]' is connected to logic 0. 
Warning: In design 'fp_add_mydesign_4', a pin on submodule 'sub_58_00' is connected to logic 1 or logic 0. (LINT-32)
   Pin 'in_B[57]' is connected to logic 0. 
Warning: In design 'fp_add_mydesign_4', a pin on submodule 'sub_58_00' is connected to logic 1 or logic 0. (LINT-32)
   Pin 'in_B[56]' is connected to logic 0. 
Warning: In design 'fp_add_mydesign_4', a pin on submodule 'add_11_00' is connected to logic 1 or logic 0. (LINT-32)
   Pin 'in_B[10]' is connected to logic 0. 
Warning: In design 'fp_add_mydesign_4', a pin on submodule 'add_11_00' is connected to logic 1 or logic 0. (LINT-32)
   Pin 'in_B[9]' is connected to logic 0. 
Warning: In design 'fp_add_mydesign_4', a pin on submodule 'add_11_00' is connected to logic 1 or logic 0. (LINT-32)
   Pin 'in_B[8]' is connected to logic 0. 
Warning: In design 'fp_add_mydesign_4', a pin on submodule 'add_11_00' is connected to logic 1 or logic 0. (LINT-32)
   Pin 'in_B[7]' is connected to logic 0. 
Warning: In design 'fp_add_mydesign_4', a pin on submodule 'add_11_00' is connected to logic 1 or logic 0. (LINT-32)
   Pin 'in_B[6]' is connected to logic 0. 
Warning: In design 'fp_add_mydesign_4', a pin on submodule 'add_11_00' is connected to logic 1 or logic 0. (LINT-32)
   Pin 'in_B[5]' is connected to logic 0. 
Warning: In design 'fp_add_mydesign_4', a pin on submodule 'add_11_00' is connected to logic 1 or logic 0. (LINT-32)
   Pin 'in_B[4]' is connected to logic 0. 
Warning: In design 'fp_add_mydesign_4', a pin on submodule 'add_11_00' is connected to logic 1 or logic 0. (LINT-32)
   Pin 'in_B[3]' is connected to logic 0. 
Warning: In design 'fp_add_mydesign_4', a pin on submodule 'add_11_00' is connected to logic 1 or logic 0. (LINT-32)
   Pin 'in_B[2]' is connected to logic 0. 
Warning: In design 'fp_add_mydesign_4', a pin on submodule 'add_11_00' is connected to logic 1 or logic 0. (LINT-32)
   Pin 'in_B[1]' is connected to logic 0. 
Warning: In design 'fp_add_mydesign_4', a pin on submodule 'add_11_00' is connected to logic 1 or logic 0. (LINT-32)
   Pin 'in_B[0]' is connected to logic 1. 
Warning: In design 'fp_add_mydesign_4', a pin on submodule 'add_11_01' is connected to logic 1 or logic 0. (LINT-32)
   Pin 'in_B[10]' is connected to logic 0. 
Warning: In design 'fp_add_mydesign_4', a pin on submodule 'add_11_01' is connected to logic 1 or logic 0. (LINT-32)
   Pin 'in_B[9]' is connected to logic 0. 
Warning: In design 'fp_add_mydesign_4', a pin on submodule 'add_11_01' is connected to logic 1 or logic 0. (LINT-32)
   Pin 'in_B[8]' is connected to logic 0. 
Warning: In design 'fp_add_mydesign_4', a pin on submodule 'add_11_01' is connected to logic 1 or logic 0. (LINT-32)
   Pin 'in_B[7]' is connected to logic 0. 
Warning: In design 'fp_add_mydesign_4', a pin on submodule 'add_11_01' is connected to logic 1 or logic 0. (LINT-32)
   Pin 'in_B[6]' is connected to logic 0. 
Warning: In design 'fp_add_mydesign_4', a pin on submodule 'add_11_01' is connected to logic 1 or logic 0. (LINT-32)
   Pin 'in_B[5]' is connected to logic 0. 
Warning: In design 'fp_add_mydesign_4', a pin on submodule 'add_11_01' is connected to logic 1 or logic 0. (LINT-32)
   Pin 'in_B[4]' is connected to logic 0. 
Warning: In design 'fp_add_mydesign_4', a pin on submodule 'add_11_01' is connected to logic 1 or logic 0. (LINT-32)
   Pin 'in_B[3]' is connected to logic 0. 
Warning: In design 'fp_add_mydesign_4', a pin on submodule 'add_11_01' is connected to logic 1 or logic 0. (LINT-32)
   Pin 'in_B[2]' is connected to logic 0. 
Warning: In design 'fp_add_mydesign_4', a pin on submodule 'add_11_01' is connected to logic 1 or logic 0. (LINT-32)
   Pin 'in_B[1]' is connected to logic 1. 
Warning: In design 'fp_add_mydesign_4', a pin on submodule 'add_11_01' is connected to logic 1 or logic 0. (LINT-32)
   Pin 'in_B[0]' is connected to logic 0. 
Warning: In design 'fp_add_mydesign_4', a pin on submodule 'add_53_02' is connected to logic 1 or logic 0. (LINT-32)
   Pin 'in_B[52]' is connected to logic 0. 
Warning: In design 'fp_add_mydesign_4', a pin on submodule 'add_53_02' is connected to logic 1 or logic 0. (LINT-32)
   Pin 'in_B[51]' is connected to logic 0. 
Warning: In design 'fp_add_mydesign_4', a pin on submodule 'add_53_02' is connected to logic 1 or logic 0. (LINT-32)
   Pin 'in_B[50]' is connected to logic 0. 
Warning: In design 'fp_add_mydesign_4', a pin on submodule 'add_53_02' is connected to logic 1 or logic 0. (LINT-32)
   Pin 'in_B[49]' is connected to logic 0. 
Warning: In design 'fp_add_mydesign_4', a pin on submodule 'add_53_02' is connected to logic 1 or logic 0. (LINT-32)
   Pin 'in_B[48]' is connected to logic 0. 
Warning: In design 'fp_add_mydesign_4', a pin on submodule 'add_53_02' is connected to logic 1 or logic 0. (LINT-32)
   Pin 'in_B[47]' is connected to logic 0. 
Warning: In design 'fp_add_mydesign_4', a pin on submodule 'add_53_02' is connected to logic 1 or logic 0. (LINT-32)
   Pin 'in_B[46]' is connected to logic 0. 
Warning: In design 'fp_add_mydesign_4', a pin on submodule 'add_53_02' is connected to logic 1 or logic 0. (LINT-32)
   Pin 'in_B[45]' is connected to logic 0. 
Warning: In design 'fp_add_mydesign_4', a pin on submodule 'add_53_02' is connected to logic 1 or logic 0. (LINT-32)
   Pin 'in_B[44]' is connected to logic 0. 
Warning: In design 'fp_add_mydesign_4', a pin on submodule 'add_53_02' is connected to logic 1 or logic 0. (LINT-32)
   Pin 'in_B[43]' is connected to logic 0. 
Warning: In design 'fp_add_mydesign_4', a pin on submodule 'add_53_02' is connected to logic 1 or logic 0. (LINT-32)
   Pin 'in_B[42]' is connected to logic 0. 
Warning: In design 'fp_add_mydesign_4', a pin on submodule 'add_53_02' is connected to logic 1 or logic 0. (LINT-32)
   Pin 'in_B[41]' is connected to logic 0. 
Warning: In design 'fp_add_mydesign_4', a pin on submodule 'add_53_02' is connected to logic 1 or logic 0. (LINT-32)
   Pin 'in_B[40]' is connected to logic 0. 
Warning: In design 'fp_add_mydesign_4', a pin on submodule 'add_53_02' is connected to logic 1 or logic 0. (LINT-32)
   Pin 'in_B[39]' is connected to logic 0. 
Warning: In design 'fp_add_mydesign_4', a pin on submodule 'add_53_02' is connected to logic 1 or logic 0. (LINT-32)
   Pin 'in_B[38]' is connected to logic 0. 
Warning: In design 'fp_add_mydesign_4', a pin on submodule 'add_53_02' is connected to logic 1 or logic 0. (LINT-32)
   Pin 'in_B[37]' is connected to logic 0. 
Warning: In design 'fp_add_mydesign_4', a pin on submodule 'add_53_02' is connected to logic 1 or logic 0. (LINT-32)
   Pin 'in_B[36]' is connected to logic 0. 
Warning: In design 'fp_add_mydesign_4', a pin on submodule 'add_53_02' is connected to logic 1 or logic 0. (LINT-32)
   Pin 'in_B[35]' is connected to logic 0. 
Warning: In design 'fp_add_mydesign_4', a pin on submodule 'add_53_02' is connected to logic 1 or logic 0. (LINT-32)
   Pin 'in_B[34]' is connected to logic 0. 
Warning: In design 'fp_add_mydesign_4', a pin on submodule 'add_53_02' is connected to logic 1 or logic 0. (LINT-32)
   Pin 'in_B[33]' is connected to logic 0. 
Warning: In design 'fp_add_mydesign_4', a pin on submodule 'add_53_02' is connected to logic 1 or logic 0. (LINT-32)
   Pin 'in_B[32]' is connected to logic 0. 
Warning: In design 'fp_add_mydesign_4', a pin on submodule 'add_53_02' is connected to logic 1 or logic 0. (LINT-32)
   Pin 'in_B[31]' is connected to logic 0. 
Warning: In design 'fp_add_mydesign_4', a pin on submodule 'add_53_02' is connected to logic 1 or logic 0. (LINT-32)
   Pin 'in_B[30]' is connected to logic 0. 
Warning: In design 'fp_add_mydesign_4', a pin on submodule 'add_53_02' is connected to logic 1 or logic 0. (LINT-32)
   Pin 'in_B[29]' is connected to logic 0. 
Warning: In design 'fp_add_mydesign_4', a pin on submodule 'add_53_02' is connected to logic 1 or logic 0. (LINT-32)
   Pin 'in_B[28]' is connected to logic 0. 
Warning: In design 'fp_add_mydesign_4', a pin on submodule 'add_53_02' is connected to logic 1 or logic 0. (LINT-32)
   Pin 'in_B[27]' is connected to logic 0. 
Warning: In design 'fp_add_mydesign_4', a pin on submodule 'add_53_02' is connected to logic 1 or logic 0. (LINT-32)
   Pin 'in_B[26]' is connected to logic 0. 
Warning: In design 'fp_add_mydesign_4', a pin on submodule 'add_53_02' is connected to logic 1 or logic 0. (LINT-32)
   Pin 'in_B[25]' is connected to logic 0. 
Warning: In design 'fp_add_mydesign_4', a pin on submodule 'add_53_02' is connected to logic 1 or logic 0. (LINT-32)
   Pin 'in_B[24]' is connected to logic 0. 
Warning: In design 'fp_add_mydesign_4', a pin on submodule 'add_53_02' is connected to logic 1 or logic 0. (LINT-32)
   Pin 'in_B[23]' is connected to logic 0. 
Warning: In design 'fp_add_mydesign_4', a pin on submodule 'add_53_02' is connected to logic 1 or logic 0. (LINT-32)
   Pin 'in_B[22]' is connected to logic 0. 
Warning: In design 'fp_add_mydesign_4', a pin on submodule 'add_53_02' is connected to logic 1 or logic 0. (LINT-32)
   Pin 'in_B[21]' is connected to logic 0. 
Warning: In design 'fp_add_mydesign_4', a pin on submodule 'add_53_02' is connected to logic 1 or logic 0. (LINT-32)
   Pin 'in_B[20]' is connected to logic 0. 
Warning: In design 'fp_add_mydesign_4', a pin on submodule 'add_53_02' is connected to logic 1 or logic 0. (LINT-32)
   Pin 'in_B[19]' is connected to logic 0. 
Warning: In design 'fp_add_mydesign_4', a pin on submodule 'add_53_02' is connected to logic 1 or logic 0. (LINT-32)
   Pin 'in_B[18]' is connected to logic 0. 
Warning: In design 'fp_add_mydesign_4', a pin on submodule 'add_53_02' is connected to logic 1 or logic 0. (LINT-32)
   Pin 'in_B[17]' is connected to logic 0. 
Warning: In design 'fp_add_mydesign_4', a pin on submodule 'add_53_02' is connected to logic 1 or logic 0. (LINT-32)
   Pin 'in_B[16]' is connected to logic 0. 
Warning: In design 'fp_add_mydesign_4', a pin on submodule 'add_53_02' is connected to logic 1 or logic 0. (LINT-32)
   Pin 'in_B[15]' is connected to logic 0. 
Warning: In design 'fp_add_mydesign_4', a pin on submodule 'add_53_02' is connected to logic 1 or logic 0. (LINT-32)
   Pin 'in_B[14]' is connected to logic 0. 
Warning: In design 'fp_add_mydesign_4', a pin on submodule 'add_53_02' is connected to logic 1 or logic 0. (LINT-32)
   Pin 'in_B[13]' is connected to logic 0. 
Warning: In design 'fp_add_mydesign_4', a pin on submodule 'add_53_02' is connected to logic 1 or logic 0. (LINT-32)
   Pin 'in_B[12]' is connected to logic 0. 
Warning: In design 'fp_add_mydesign_4', a pin on submodule 'add_53_02' is connected to logic 1 or logic 0. (LINT-32)
   Pin 'in_B[11]' is connected to logic 0. 
Warning: In design 'fp_add_mydesign_4', a pin on submodule 'add_53_02' is connected to logic 1 or logic 0. (LINT-32)
   Pin 'in_B[10]' is connected to logic 0. 
Warning: In design 'fp_add_mydesign_4', a pin on submodule 'add_53_02' is connected to logic 1 or logic 0. (LINT-32)
   Pin 'in_B[9]' is connected to logic 0. 
Warning: In design 'fp_add_mydesign_4', a pin on submodule 'add_53_02' is connected to logic 1 or logic 0. (LINT-32)
   Pin 'in_B[8]' is connected to logic 0. 
Warning: In design 'fp_add_mydesign_4', a pin on submodule 'add_53_02' is connected to logic 1 or logic 0. (LINT-32)
   Pin 'in_B[7]' is connected to logic 0. 
Warning: In design 'fp_add_mydesign_4', a pin on submodule 'add_53_02' is connected to logic 1 or logic 0. (LINT-32)
   Pin 'in_B[6]' is connected to logic 0. 
Warning: In design 'fp_add_mydesign_4', a pin on submodule 'add_53_02' is connected to logic 1 or logic 0. (LINT-32)
   Pin 'in_B[5]' is connected to logic 0. 
Warning: In design 'fp_add_mydesign_4', a pin on submodule 'add_53_02' is connected to logic 1 or logic 0. (LINT-32)
   Pin 'in_B[4]' is connected to logic 0. 
Warning: In design 'fp_add_mydesign_4', a pin on submodule 'add_53_02' is connected to logic 1 or logic 0. (LINT-32)
   Pin 'in_B[3]' is connected to logic 0. 
Warning: In design 'fp_add_mydesign_4', a pin on submodule 'add_53_02' is connected to logic 1 or logic 0. (LINT-32)
   Pin 'in_B[2]' is connected to logic 0. 
Warning: In design 'fp_add_mydesign_4', a pin on submodule 'add_53_02' is connected to logic 1 or logic 0. (LINT-32)
   Pin 'in_B[1]' is connected to logic 0. 
Warning: In design 'fp_add_mydesign_4', a pin on submodule 'add_53_02' is connected to logic 1 or logic 0. (LINT-32)
   Pin 'in_B[0]' is connected to logic 1. 
Warning: In design 'fp_add_mydesign_4', a pin on submodule 'LOD_02' is connected to logic 1 or logic 0. (LINT-32)
   Pin 'A[10]' is connected to logic 0. 
Warning: In design 'fp_add_mydesign_4', a pin on submodule 'LOD_02' is connected to logic 1 or logic 0. (LINT-32)
   Pin 'A[9]' is connected to logic 0. 
Warning: In design 'fp_add_mydesign_4', a pin on submodule 'LOD_02' is connected to logic 1 or logic 0. (LINT-32)
   Pin 'A[8]' is connected to logic 0. 
Warning: In design 'fp_add_mydesign_4', a pin on submodule 'LOD_02' is connected to logic 1 or logic 0. (LINT-32)
   Pin 'A[7]' is connected to logic 0. 
Warning: In design 'fp_add_mydesign_4', a pin on submodule 'LOD_02' is connected to logic 1 or logic 0. (LINT-32)
   Pin 'A[6]' is connected to logic 0. 
Warning: In design 'fp_add_mydesign_4', a pin on submodule 'LOD_02' is connected to logic 1 or logic 0. (LINT-32)
   Pin 'A[5]' is connected to logic 0. 
Warning: In design 'fp_add_mydesign_4', a pin on submodule 'LOD_02' is connected to logic 1 or logic 0. (LINT-32)
   Pin 'A[4]' is connected to logic 0. 
Warning: In design 'fp_add_mydesign_4', a pin on submodule 'LOD_02' is connected to logic 1 or logic 0. (LINT-32)
   Pin 'A[3]' is connected to logic 0. 
Warning: In design 'fp_add_mydesign_4', a pin on submodule 'LOD_02' is connected to logic 1 or logic 0. (LINT-32)
   Pin 'A[2]' is connected to logic 0. 
Warning: In design 'fp_add_mydesign_4', a pin on submodule 'LOD_02' is connected to logic 1 or logic 0. (LINT-32)
   Pin 'A[1]' is connected to logic 0. 
Warning: In design 'fp_add_mydesign_4', a pin on submodule 'LOD_02' is connected to logic 1 or logic 0. (LINT-32)
   Pin 'A[0]' is connected to logic 0. 
Warning: In design 'wallace_131_mydesign_2', a pin on submodule 'GEN_CLA8[1].CLA_one' is connected to logic 1 or logic 0. (LINT-32)
   Pin 'Cin' is connected to logic 1. 
Warning: In design 'wallace_131_mydesign_2', a pin on submodule 'GEN_CLA8[1].CLA_zero' is connected to logic 1 or logic 0. (LINT-32)
   Pin 'Cin' is connected to logic 0. 
Warning: In design 'wallace_131_mydesign_2', a pin on submodule 'GEN_CLA8[2].CLA_one' is connected to logic 1 or logic 0. (LINT-32)
   Pin 'Cin' is connected to logic 1. 
Warning: In design 'wallace_131_mydesign_2', a pin on submodule 'GEN_CLA8[2].CLA_zero' is connected to logic 1 or logic 0. (LINT-32)
   Pin 'Cin' is connected to logic 0. 
Warning: In design 'wallace_131_mydesign_2', a pin on submodule 'GEN_CLA8[3].CLA_one' is connected to logic 1 or logic 0. (LINT-32)
   Pin 'Cin' is connected to logic 1. 
Warning: In design 'wallace_131_mydesign_2', a pin on submodule 'GEN_CLA8[3].CLA_zero' is connected to logic 1 or logic 0. (LINT-32)
   Pin 'Cin' is connected to logic 0. 
Warning: In design 'wallace_131_mydesign_2', a pin on submodule 'GEN_CLA8[4].CLA_one' is connected to logic 1 or logic 0. (LINT-32)
   Pin 'Cin' is connected to logic 1. 
Warning: In design 'wallace_131_mydesign_2', a pin on submodule 'GEN_CLA8[4].CLA_zero' is connected to logic 1 or logic 0. (LINT-32)
   Pin 'Cin' is connected to logic 0. 
Warning: In design 'wallace_131_mydesign_2', a pin on submodule 'GEN_CLA8[5].CLA_one' is connected to logic 1 or logic 0. (LINT-32)
   Pin 'Cin' is connected to logic 1. 
Warning: In design 'wallace_131_mydesign_2', a pin on submodule 'GEN_CLA8[5].CLA_zero' is connected to logic 1 or logic 0. (LINT-32)
   Pin 'Cin' is connected to logic 0. 
Warning: In design 'wallace_131_mydesign_2', a pin on submodule 'GEN_CLA8[6].CLA_one' is connected to logic 1 or logic 0. (LINT-32)
   Pin 'Cin' is connected to logic 1. 
Warning: In design 'wallace_131_mydesign_2', a pin on submodule 'GEN_CLA8[6].CLA_zero' is connected to logic 1 or logic 0. (LINT-32)
   Pin 'Cin' is connected to logic 0. 
Warning: In design 'wallace_131_mydesign_2', a pin on submodule 'GEN_CLA8[7].CLA_one' is connected to logic 1 or logic 0. (LINT-32)
   Pin 'Cin' is connected to logic 1. 
Warning: In design 'wallace_131_mydesign_2', a pin on submodule 'GEN_CLA8[7].CLA_zero' is connected to logic 1 or logic 0. (LINT-32)
   Pin 'Cin' is connected to logic 0. 
Warning: In design 'wallace_131_mydesign_2', a pin on submodule 'GEN_CLA8[8].CLA_one' is connected to logic 1 or logic 0. (LINT-32)
   Pin 'Cin' is connected to logic 1. 
Warning: In design 'wallace_131_mydesign_2', a pin on submodule 'GEN_CLA8[8].CLA_zero' is connected to logic 1 or logic 0. (LINT-32)
   Pin 'Cin' is connected to logic 0. 
Warning: In design 'wallace_131_mydesign_2', a pin on submodule 'GEN_CLA8[9].CLA_one' is connected to logic 1 or logic 0. (LINT-32)
   Pin 'Cin' is connected to logic 1. 
Warning: In design 'wallace_131_mydesign_2', a pin on submodule 'GEN_CLA8[9].CLA_zero' is connected to logic 1 or logic 0. (LINT-32)
   Pin 'Cin' is connected to logic 0. 
Warning: In design 'wallace_131_mydesign_2', a pin on submodule 'GEN_CLA8[10].CLA_one' is connected to logic 1 or logic 0. (LINT-32)
   Pin 'Cin' is connected to logic 1. 
Warning: In design 'wallace_131_mydesign_2', a pin on submodule 'GEN_CLA8[10].CLA_zero' is connected to logic 1 or logic 0. (LINT-32)
   Pin 'Cin' is connected to logic 0. 
Warning: In design 'wallace_131_mydesign_2', a pin on submodule 'GEN_CLA8[11].CLA_one' is connected to logic 1 or logic 0. (LINT-32)
   Pin 'Cin' is connected to logic 1. 
Warning: In design 'wallace_131_mydesign_2', a pin on submodule 'GEN_CLA8[11].CLA_zero' is connected to logic 1 or logic 0. (LINT-32)
   Pin 'Cin' is connected to logic 0. 
Warning: In design 'wallace_131_mydesign_2', a pin on submodule 'GEN_CLA8[12].CLA_one' is connected to logic 1 or logic 0. (LINT-32)
   Pin 'Cin' is connected to logic 1. 
Warning: In design 'wallace_131_mydesign_2', a pin on submodule 'GEN_CLA8[12].CLA_zero' is connected to logic 1 or logic 0. (LINT-32)
   Pin 'Cin' is connected to logic 0. 
Warning: In design 'wallace_131_mydesign_2', a pin on submodule 'GEN_CLA8[13].CLA_one' is connected to logic 1 or logic 0. (LINT-32)
   Pin 'Cin' is connected to logic 1. 
Warning: In design 'wallace_131_mydesign_2', a pin on submodule 'GEN_CLA8[13].CLA_zero' is connected to logic 1 or logic 0. (LINT-32)
   Pin 'Cin' is connected to logic 0. 
Warning: In design 'wallace_131_mydesign_2', a pin on submodule 'GEN_CLA8[14].CLA_one' is connected to logic 1 or logic 0. (LINT-32)
   Pin 'Cin' is connected to logic 1. 
Warning: In design 'wallace_131_mydesign_2', a pin on submodule 'GEN_CLA8[14].CLA_zero' is connected to logic 1 or logic 0. (LINT-32)
   Pin 'Cin' is connected to logic 0. 
Warning: In design 'wallace_131_mydesign_2', a pin on submodule 'GEN_CLA8[15].CLA_one' is connected to logic 1 or logic 0. (LINT-32)
   Pin 'Cin' is connected to logic 1. 
Warning: In design 'wallace_131_mydesign_2', a pin on submodule 'GEN_CLA8[15].CLA_one' is connected to logic 1 or logic 0. (LINT-32)
   Pin 'A[7]' is connected to logic 0. 
Warning: In design 'wallace_131_mydesign_2', a pin on submodule 'GEN_CLA8[15].CLA_one' is connected to logic 1 or logic 0. (LINT-32)
   Pin 'B[7]' is connected to logic 0. 
Warning: In design 'wallace_131_mydesign_2', a pin on submodule 'GEN_CLA8[15].CLA_zero' is connected to logic 1 or logic 0. (LINT-32)
   Pin 'Cin' is connected to logic 0. 
Warning: In design 'wallace_131_mydesign_2', a pin on submodule 'GEN_CLA8[15].CLA_zero' is connected to logic 1 or logic 0. (LINT-32)
   Pin 'A[7]' is connected to logic 0. 
Warning: In design 'wallace_131_mydesign_2', a pin on submodule 'GEN_CLA8[15].CLA_zero' is connected to logic 1 or logic 0. (LINT-32)
   Pin 'B[7]' is connected to logic 0. 
Warning: In design 'wallace_131_mydesign_2', a pin on submodule 'CLA_0' is connected to logic 1 or logic 0. (LINT-32)
   Pin 'Cin' is connected to logic 0. 
Warning: In design 'fmul_exp_mydesign_2', a pin on submodule 'add_13_0' is connected to logic 1 or logic 0. (LINT-32)
   Pin 'in_A[12]' is connected to logic 0. 
Warning: In design 'fmul_exp_mydesign_2', a pin on submodule 'add_13_0' is connected to logic 1 or logic 0. (LINT-32)
   Pin 'in_B[12]' is connected to logic 1. 
Warning: In design 'fmul_exp_mydesign_2', a pin on submodule 'add_13_0' is connected to logic 1 or logic 0. (LINT-32)
   Pin 'in_B[11]' is connected to logic 1. 
Warning: In design 'fmul_exp_mydesign_2', a pin on submodule 'add_13_0' is connected to logic 1 or logic 0. (LINT-32)
   Pin 'in_B[10]' is connected to logic 1. 
Warning: In design 'fmul_exp_mydesign_2', a pin on submodule 'add_13_0' is connected to logic 1 or logic 0. (LINT-32)
   Pin 'in_B[9]' is connected to logic 0. 
Warning: In design 'fmul_exp_mydesign_2', a pin on submodule 'add_13_0' is connected to logic 1 or logic 0. (LINT-32)
   Pin 'in_B[8]' is connected to logic 0. 
Warning: In design 'fmul_exp_mydesign_2', a pin on submodule 'add_13_0' is connected to logic 1 or logic 0. (LINT-32)
   Pin 'in_B[7]' is connected to logic 0. 
Warning: In design 'fmul_exp_mydesign_2', a pin on submodule 'add_13_0' is connected to logic 1 or logic 0. (LINT-32)
   Pin 'in_B[6]' is connected to logic 0. 
Warning: In design 'fmul_exp_mydesign_2', a pin on submodule 'add_13_0' is connected to logic 1 or logic 0. (LINT-32)
   Pin 'in_B[5]' is connected to logic 0. 
Warning: In design 'fmul_exp_mydesign_2', a pin on submodule 'add_13_0' is connected to logic 1 or logic 0. (LINT-32)
   Pin 'in_B[4]' is connected to logic 0. 
Warning: In design 'fmul_exp_mydesign_2', a pin on submodule 'add_13_0' is connected to logic 1 or logic 0. (LINT-32)
   Pin 'in_B[3]' is connected to logic 0. 
Warning: In design 'fmul_exp_mydesign_2', a pin on submodule 'add_13_0' is connected to logic 1 or logic 0. (LINT-32)
   Pin 'in_B[2]' is connected to logic 0. 
Warning: In design 'fmul_exp_mydesign_2', a pin on submodule 'add_13_0' is connected to logic 1 or logic 0. (LINT-32)
   Pin 'in_B[1]' is connected to logic 0. 
Warning: In design 'fmul_exp_mydesign_2', a pin on submodule 'add_13_0' is connected to logic 1 or logic 0. (LINT-32)
   Pin 'in_B[0]' is connected to logic 1. 
Warning: In design 'fmul_rounder_mydesign_2', a pin on submodule 'add_13_00' is connected to logic 1 or logic 0. (LINT-32)
   Pin 'in_B[12]' is connected to logic 0. 
Warning: In design 'fmul_rounder_mydesign_2', a pin on submodule 'add_13_00' is connected to logic 1 or logic 0. (LINT-32)
   Pin 'in_B[11]' is connected to logic 0. 
Warning: In design 'fmul_rounder_mydesign_2', a pin on submodule 'add_13_00' is connected to logic 1 or logic 0. (LINT-32)
   Pin 'in_B[10]' is connected to logic 0. 
Warning: In design 'fmul_rounder_mydesign_2', a pin on submodule 'add_13_00' is connected to logic 1 or logic 0. (LINT-32)
   Pin 'in_B[9]' is connected to logic 0. 
Warning: In design 'fmul_rounder_mydesign_2', a pin on submodule 'add_13_00' is connected to logic 1 or logic 0. (LINT-32)
   Pin 'in_B[8]' is connected to logic 0. 
Warning: In design 'fmul_rounder_mydesign_2', a pin on submodule 'add_13_00' is connected to logic 1 or logic 0. (LINT-32)
   Pin 'in_B[7]' is connected to logic 0. 
Warning: In design 'fmul_rounder_mydesign_2', a pin on submodule 'add_13_00' is connected to logic 1 or logic 0. (LINT-32)
   Pin 'in_B[6]' is connected to logic 0. 
Warning: In design 'fmul_rounder_mydesign_2', a pin on submodule 'add_13_00' is connected to logic 1 or logic 0. (LINT-32)
   Pin 'in_B[5]' is connected to logic 0. 
Warning: In design 'fmul_rounder_mydesign_2', a pin on submodule 'add_13_00' is connected to logic 1 or logic 0. (LINT-32)
   Pin 'in_B[4]' is connected to logic 0. 
Warning: In design 'fmul_rounder_mydesign_2', a pin on submodule 'add_13_00' is connected to logic 1 or logic 0. (LINT-32)
   Pin 'in_B[3]' is connected to logic 0. 
Warning: In design 'fmul_rounder_mydesign_2', a pin on submodule 'add_13_00' is connected to logic 1 or logic 0. (LINT-32)
   Pin 'in_B[2]' is connected to logic 0. 
Warning: In design 'fmul_rounder_mydesign_2', a pin on submodule 'add_13_00' is connected to logic 1 or logic 0. (LINT-32)
   Pin 'in_B[1]' is connected to logic 0. 
Warning: In design 'fmul_rounder_mydesign_2', a pin on submodule 'add_13_00' is connected to logic 1 or logic 0. (LINT-32)
   Pin 'in_B[0]' is connected to logic 1. 
Warning: In design 'fmul_rounder_mydesign_2', a pin on submodule 'add_53_00' is connected to logic 1 or logic 0. (LINT-32)
   Pin 'in_B[52]' is connected to logic 0. 
Warning: In design 'fmul_rounder_mydesign_2', a pin on submodule 'add_53_00' is connected to logic 1 or logic 0. (LINT-32)
   Pin 'in_B[51]' is connected to logic 0. 
Warning: In design 'fmul_rounder_mydesign_2', a pin on submodule 'add_53_00' is connected to logic 1 or logic 0. (LINT-32)
   Pin 'in_B[50]' is connected to logic 0. 
Warning: In design 'fmul_rounder_mydesign_2', a pin on submodule 'add_53_00' is connected to logic 1 or logic 0. (LINT-32)
   Pin 'in_B[49]' is connected to logic 0. 
Warning: In design 'fmul_rounder_mydesign_2', a pin on submodule 'add_53_00' is connected to logic 1 or logic 0. (LINT-32)
   Pin 'in_B[48]' is connected to logic 0. 
Warning: In design 'fmul_rounder_mydesign_2', a pin on submodule 'add_53_00' is connected to logic 1 or logic 0. (LINT-32)
   Pin 'in_B[47]' is connected to logic 0. 
Warning: In design 'fmul_rounder_mydesign_2', a pin on submodule 'add_53_00' is connected to logic 1 or logic 0. (LINT-32)
   Pin 'in_B[46]' is connected to logic 0. 
Warning: In design 'fmul_rounder_mydesign_2', a pin on submodule 'add_53_00' is connected to logic 1 or logic 0. (LINT-32)
   Pin 'in_B[45]' is connected to logic 0. 
Warning: In design 'fmul_rounder_mydesign_2', a pin on submodule 'add_53_00' is connected to logic 1 or logic 0. (LINT-32)
   Pin 'in_B[44]' is connected to logic 0. 
Warning: In design 'fmul_rounder_mydesign_2', a pin on submodule 'add_53_00' is connected to logic 1 or logic 0. (LINT-32)
   Pin 'in_B[43]' is connected to logic 0. 
Warning: In design 'fmul_rounder_mydesign_2', a pin on submodule 'add_53_00' is connected to logic 1 or logic 0. (LINT-32)
   Pin 'in_B[42]' is connected to logic 0. 
Warning: In design 'fmul_rounder_mydesign_2', a pin on submodule 'add_53_00' is connected to logic 1 or logic 0. (LINT-32)
   Pin 'in_B[41]' is connected to logic 0. 
Warning: In design 'fmul_rounder_mydesign_2', a pin on submodule 'add_53_00' is connected to logic 1 or logic 0. (LINT-32)
   Pin 'in_B[40]' is connected to logic 0. 
Warning: In design 'fmul_rounder_mydesign_2', a pin on submodule 'add_53_00' is connected to logic 1 or logic 0. (LINT-32)
   Pin 'in_B[39]' is connected to logic 0. 
Warning: In design 'fmul_rounder_mydesign_2', a pin on submodule 'add_53_00' is connected to logic 1 or logic 0. (LINT-32)
   Pin 'in_B[38]' is connected to logic 0. 
Warning: In design 'fmul_rounder_mydesign_2', a pin on submodule 'add_53_00' is connected to logic 1 or logic 0. (LINT-32)
   Pin 'in_B[37]' is connected to logic 0. 
Warning: In design 'fmul_rounder_mydesign_2', a pin on submodule 'add_53_00' is connected to logic 1 or logic 0. (LINT-32)
   Pin 'in_B[36]' is connected to logic 0. 
Warning: In design 'fmul_rounder_mydesign_2', a pin on submodule 'add_53_00' is connected to logic 1 or logic 0. (LINT-32)
   Pin 'in_B[35]' is connected to logic 0. 
Warning: In design 'fmul_rounder_mydesign_2', a pin on submodule 'add_53_00' is connected to logic 1 or logic 0. (LINT-32)
   Pin 'in_B[34]' is connected to logic 0. 
Warning: In design 'fmul_rounder_mydesign_2', a pin on submodule 'add_53_00' is connected to logic 1 or logic 0. (LINT-32)
   Pin 'in_B[33]' is connected to logic 0. 
Warning: In design 'fmul_rounder_mydesign_2', a pin on submodule 'add_53_00' is connected to logic 1 or logic 0. (LINT-32)
   Pin 'in_B[32]' is connected to logic 0. 
Warning: In design 'fmul_rounder_mydesign_2', a pin on submodule 'add_53_00' is connected to logic 1 or logic 0. (LINT-32)
   Pin 'in_B[31]' is connected to logic 0. 
Warning: In design 'fmul_rounder_mydesign_2', a pin on submodule 'add_53_00' is connected to logic 1 or logic 0. (LINT-32)
   Pin 'in_B[30]' is connected to logic 0. 
Warning: In design 'fmul_rounder_mydesign_2', a pin on submodule 'add_53_00' is connected to logic 1 or logic 0. (LINT-32)
   Pin 'in_B[29]' is connected to logic 0. 
Warning: In design 'fmul_rounder_mydesign_2', a pin on submodule 'add_53_00' is connected to logic 1 or logic 0. (LINT-32)
   Pin 'in_B[28]' is connected to logic 0. 
Warning: In design 'fmul_rounder_mydesign_2', a pin on submodule 'add_53_00' is connected to logic 1 or logic 0. (LINT-32)
   Pin 'in_B[27]' is connected to logic 0. 
Warning: In design 'fmul_rounder_mydesign_2', a pin on submodule 'add_53_00' is connected to logic 1 or logic 0. (LINT-32)
   Pin 'in_B[26]' is connected to logic 0. 
Warning: In design 'fmul_rounder_mydesign_2', a pin on submodule 'add_53_00' is connected to logic 1 or logic 0. (LINT-32)
   Pin 'in_B[25]' is connected to logic 0. 
Warning: In design 'fmul_rounder_mydesign_2', a pin on submodule 'add_53_00' is connected to logic 1 or logic 0. (LINT-32)
   Pin 'in_B[24]' is connected to logic 0. 
Warning: In design 'fmul_rounder_mydesign_2', a pin on submodule 'add_53_00' is connected to logic 1 or logic 0. (LINT-32)
   Pin 'in_B[23]' is connected to logic 0. 
Warning: In design 'fmul_rounder_mydesign_2', a pin on submodule 'add_53_00' is connected to logic 1 or logic 0. (LINT-32)
   Pin 'in_B[22]' is connected to logic 0. 
Warning: In design 'fmul_rounder_mydesign_2', a pin on submodule 'add_53_00' is connected to logic 1 or logic 0. (LINT-32)
   Pin 'in_B[21]' is connected to logic 0. 
Warning: In design 'fmul_rounder_mydesign_2', a pin on submodule 'add_53_00' is connected to logic 1 or logic 0. (LINT-32)
   Pin 'in_B[20]' is connected to logic 0. 
Warning: In design 'fmul_rounder_mydesign_2', a pin on submodule 'add_53_00' is connected to logic 1 or logic 0. (LINT-32)
   Pin 'in_B[19]' is connected to logic 0. 
Warning: In design 'fmul_rounder_mydesign_2', a pin on submodule 'add_53_00' is connected to logic 1 or logic 0. (LINT-32)
   Pin 'in_B[18]' is connected to logic 0. 
Warning: In design 'fmul_rounder_mydesign_2', a pin on submodule 'add_53_00' is connected to logic 1 or logic 0. (LINT-32)
   Pin 'in_B[17]' is connected to logic 0. 
Warning: In design 'fmul_rounder_mydesign_2', a pin on submodule 'add_53_00' is connected to logic 1 or logic 0. (LINT-32)
   Pin 'in_B[16]' is connected to logic 0. 
Warning: In design 'fmul_rounder_mydesign_2', a pin on submodule 'add_53_00' is connected to logic 1 or logic 0. (LINT-32)
   Pin 'in_B[15]' is connected to logic 0. 
Warning: In design 'fmul_rounder_mydesign_2', a pin on submodule 'add_53_00' is connected to logic 1 or logic 0. (LINT-32)
   Pin 'in_B[14]' is connected to logic 0. 
Warning: In design 'fmul_rounder_mydesign_2', a pin on submodule 'add_53_00' is connected to logic 1 or logic 0. (LINT-32)
   Pin 'in_B[13]' is connected to logic 0. 
Warning: In design 'fmul_rounder_mydesign_2', a pin on submodule 'add_53_00' is connected to logic 1 or logic 0. (LINT-32)
   Pin 'in_B[12]' is connected to logic 0. 
Warning: In design 'fmul_rounder_mydesign_2', a pin on submodule 'add_53_00' is connected to logic 1 or logic 0. (LINT-32)
   Pin 'in_B[11]' is connected to logic 0. 
Warning: In design 'fmul_rounder_mydesign_2', a pin on submodule 'add_53_00' is connected to logic 1 or logic 0. (LINT-32)
   Pin 'in_B[10]' is connected to logic 0. 
Warning: In design 'fmul_rounder_mydesign_2', a pin on submodule 'add_53_00' is connected to logic 1 or logic 0. (LINT-32)
   Pin 'in_B[9]' is connected to logic 0. 
Warning: In design 'fmul_rounder_mydesign_2', a pin on submodule 'add_53_00' is connected to logic 1 or logic 0. (LINT-32)
   Pin 'in_B[8]' is connected to logic 0. 
Warning: In design 'fmul_rounder_mydesign_2', a pin on submodule 'add_53_00' is connected to logic 1 or logic 0. (LINT-32)
   Pin 'in_B[7]' is connected to logic 0. 
Warning: In design 'fmul_rounder_mydesign_2', a pin on submodule 'add_53_00' is connected to logic 1 or logic 0. (LINT-32)
   Pin 'in_B[6]' is connected to logic 0. 
Warning: In design 'fmul_rounder_mydesign_2', a pin on submodule 'add_53_00' is connected to logic 1 or logic 0. (LINT-32)
   Pin 'in_B[5]' is connected to logic 0. 
Warning: In design 'fmul_rounder_mydesign_2', a pin on submodule 'add_53_00' is connected to logic 1 or logic 0. (LINT-32)
   Pin 'in_B[4]' is connected to logic 0. 
Warning: In design 'fmul_rounder_mydesign_2', a pin on submodule 'add_53_00' is connected to logic 1 or logic 0. (LINT-32)
   Pin 'in_B[3]' is connected to logic 0. 
Warning: In design 'fmul_rounder_mydesign_2', a pin on submodule 'add_53_00' is connected to logic 1 or logic 0. (LINT-32)
   Pin 'in_B[2]' is connected to logic 0. 
Warning: In design 'fmul_rounder_mydesign_2', a pin on submodule 'add_53_00' is connected to logic 1 or logic 0. (LINT-32)
   Pin 'in_B[1]' is connected to logic 0. 
Warning: In design 'fmul_rounder_mydesign_2', a pin on submodule 'add_53_00' is connected to logic 1 or logic 0. (LINT-32)
   Pin 'in_B[0]' is connected to logic 1. 
Warning: In design 'fmul_rounder_mydesign_2', a pin on submodule 'add_13_01' is connected to logic 1 or logic 0. (LINT-32)
   Pin 'in_B[12]' is connected to logic 0. 
Warning: In design 'fmul_rounder_mydesign_2', a pin on submodule 'add_13_01' is connected to logic 1 or logic 0. (LINT-32)
   Pin 'in_B[11]' is connected to logic 0. 
Warning: In design 'fmul_rounder_mydesign_2', a pin on submodule 'add_13_01' is connected to logic 1 or logic 0. (LINT-32)
   Pin 'in_B[10]' is connected to logic 0. 
Warning: In design 'fmul_rounder_mydesign_2', a pin on submodule 'add_13_01' is connected to logic 1 or logic 0. (LINT-32)
   Pin 'in_B[9]' is connected to logic 0. 
Warning: In design 'fmul_rounder_mydesign_2', a pin on submodule 'add_13_01' is connected to logic 1 or logic 0. (LINT-32)
   Pin 'in_B[8]' is connected to logic 0. 
Warning: In design 'fmul_rounder_mydesign_2', a pin on submodule 'add_13_01' is connected to logic 1 or logic 0. (LINT-32)
   Pin 'in_B[7]' is connected to logic 0. 
Warning: In design 'fmul_rounder_mydesign_2', a pin on submodule 'add_13_01' is connected to logic 1 or logic 0. (LINT-32)
   Pin 'in_B[6]' is connected to logic 0. 
Warning: In design 'fmul_rounder_mydesign_2', a pin on submodule 'add_13_01' is connected to logic 1 or logic 0. (LINT-32)
   Pin 'in_B[5]' is connected to logic 0. 
Warning: In design 'fmul_rounder_mydesign_2', a pin on submodule 'add_13_01' is connected to logic 1 or logic 0. (LINT-32)
   Pin 'in_B[4]' is connected to logic 0. 
Warning: In design 'fmul_rounder_mydesign_2', a pin on submodule 'add_13_01' is connected to logic 1 or logic 0. (LINT-32)
   Pin 'in_B[3]' is connected to logic 0. 
Warning: In design 'fmul_rounder_mydesign_2', a pin on submodule 'add_13_01' is connected to logic 1 or logic 0. (LINT-32)
   Pin 'in_B[2]' is connected to logic 0. 
Warning: In design 'fmul_rounder_mydesign_2', a pin on submodule 'add_13_01' is connected to logic 1 or logic 0. (LINT-32)
   Pin 'in_B[1]' is connected to logic 0. 
Warning: In design 'fmul_rounder_mydesign_2', a pin on submodule 'add_13_01' is connected to logic 1 or logic 0. (LINT-32)
   Pin 'in_B[0]' is connected to logic 1. 
Warning: In design 'fmul_rounder_mydesign_2', a pin on submodule 'add_13_02' is connected to logic 1 or logic 0. (LINT-32)
   Pin 'in_B[12]' is connected to logic 0. 
Warning: In design 'fmul_rounder_mydesign_2', a pin on submodule 'add_13_02' is connected to logic 1 or logic 0. (LINT-32)
   Pin 'in_B[11]' is connected to logic 0. 
Warning: In design 'fmul_rounder_mydesign_2', a pin on submodule 'add_13_02' is connected to logic 1 or logic 0. (LINT-32)
   Pin 'in_B[10]' is connected to logic 0. 
Warning: In design 'fmul_rounder_mydesign_2', a pin on submodule 'add_13_02' is connected to logic 1 or logic 0. (LINT-32)
   Pin 'in_B[9]' is connected to logic 0. 
Warning: In design 'fmul_rounder_mydesign_2', a pin on submodule 'add_13_02' is connected to logic 1 or logic 0. (LINT-32)
   Pin 'in_B[8]' is connected to logic 0. 
Warning: In design 'fmul_rounder_mydesign_2', a pin on submodule 'add_13_02' is connected to logic 1 or logic 0. (LINT-32)
   Pin 'in_B[7]' is connected to logic 0. 
Warning: In design 'fmul_rounder_mydesign_2', a pin on submodule 'add_13_02' is connected to logic 1 or logic 0. (LINT-32)
   Pin 'in_B[6]' is connected to logic 0. 
Warning: In design 'fmul_rounder_mydesign_2', a pin on submodule 'add_13_02' is connected to logic 1 or logic 0. (LINT-32)
   Pin 'in_B[5]' is connected to logic 0. 
Warning: In design 'fmul_rounder_mydesign_2', a pin on submodule 'add_13_02' is connected to logic 1 or logic 0. (LINT-32)
   Pin 'in_B[4]' is connected to logic 0. 
Warning: In design 'fmul_rounder_mydesign_2', a pin on submodule 'add_13_02' is connected to logic 1 or logic 0. (LINT-32)
   Pin 'in_B[3]' is connected to logic 0. 
Warning: In design 'fmul_rounder_mydesign_2', a pin on submodule 'add_13_02' is connected to logic 1 or logic 0. (LINT-32)
   Pin 'in_B[2]' is connected to logic 0. 
Warning: In design 'fmul_rounder_mydesign_2', a pin on submodule 'add_13_02' is connected to logic 1 or logic 0. (LINT-32)
   Pin 'in_B[1]' is connected to logic 0. 
Warning: In design 'fmul_rounder_mydesign_2', a pin on submodule 'LOD_00' is connected to logic 1 or logic 0. (LINT-32)
   Pin 'A[10]' is connected to logic 1. 
Warning: In design 'fmul_rounder_mydesign_2', a pin on submodule 'LOD_00' is connected to logic 1 or logic 0. (LINT-32)
   Pin 'A[9]' is connected to logic 1. 
Warning: In design 'fmul_rounder_mydesign_2', a pin on submodule 'LOD_00' is connected to logic 1 or logic 0. (LINT-32)
   Pin 'A[8]' is connected to logic 1. 
Warning: In design 'fmul_rounder_mydesign_2', a pin on submodule 'LOD_00' is connected to logic 1 or logic 0. (LINT-32)
   Pin 'A[7]' is connected to logic 1. 
Warning: In design 'fmul_rounder_mydesign_2', a pin on submodule 'LOD_00' is connected to logic 1 or logic 0. (LINT-32)
   Pin 'A[6]' is connected to logic 1. 
Warning: In design 'fmul_rounder_mydesign_2', a pin on submodule 'LOD_00' is connected to logic 1 or logic 0. (LINT-32)
   Pin 'A[5]' is connected to logic 1. 
Warning: In design 'fmul_rounder_mydesign_2', a pin on submodule 'LOD_00' is connected to logic 1 or logic 0. (LINT-32)
   Pin 'A[4]' is connected to logic 1. 
Warning: In design 'fmul_rounder_mydesign_2', a pin on submodule 'LOD_00' is connected to logic 1 or logic 0. (LINT-32)
   Pin 'A[3]' is connected to logic 1. 
Warning: In design 'fmul_rounder_mydesign_2', a pin on submodule 'LOD_00' is connected to logic 1 or logic 0. (LINT-32)
   Pin 'A[2]' is connected to logic 1. 
Warning: In design 'fmul_rounder_mydesign_2', a pin on submodule 'LOD_00' is connected to logic 1 or logic 0. (LINT-32)
   Pin 'A[1]' is connected to logic 1. 
Warning: In design 'fmul_rounder_mydesign_2', a pin on submodule 'LOD_00' is connected to logic 1 or logic 0. (LINT-32)
   Pin 'A[0]' is connected to logic 1. 
Warning: In design 'fmul_rounder_mydesign_2', a pin on submodule 'sub_13_00' is connected to logic 1 or logic 0. (LINT-32)
   Pin 'in_A[12]' is connected to logic 0. 
Warning: In design 'fmul_rounder_mydesign_2', a pin on submodule 'sub_13_00' is connected to logic 1 or logic 0. (LINT-32)
   Pin 'in_B[12]' is connected to logic 0. 
Warning: In design 'CLA33_mydesign_7', a pin on submodule 'CLA1' is connected to logic 1 or logic 0. (LINT-32)
   Pin 'Cin' is connected to logic 0. 
Warning: In design 'CLA33_mydesign_7', a pin on submodule 'CLA2' is connected to logic 1 or logic 0. (LINT-32)
   Pin 'Cin' is connected to logic 0. 
Warning: In design 'CLA33_mydesign_7', a pin on submodule 'CLA3' is connected to logic 1 or logic 0. (LINT-32)
   Pin 'Cin' is connected to logic 1. 
Warning: In design 'CLA33_mydesign_7', a pin on submodule 'CLA4' is connected to logic 1 or logic 0. (LINT-32)
   Pin 'Cin' is connected to logic 0. 
Warning: In design 'CLA33_mydesign_7', a pin on submodule 'CLA5' is connected to logic 1 or logic 0. (LINT-32)
   Pin 'Cin' is connected to logic 1. 
Warning: In design 'CLA33_mydesign_7', a pin on submodule 'CLA6' is connected to logic 1 or logic 0. (LINT-32)
   Pin 'Cin' is connected to logic 0. 
Warning: In design 'CLA33_mydesign_7', a pin on submodule 'CLA7' is connected to logic 1 or logic 0. (LINT-32)
   Pin 'Cin' is connected to logic 1. 
Warning: In design 'CLA33_mydesign_7', a pin on submodule 'FA1' is connected to logic 1 or logic 0. (LINT-32)
   Pin 'Cin' is connected to logic 0. 
Warning: In design 'CLA33_mydesign_7', a pin on submodule 'FA2' is connected to logic 1 or logic 0. (LINT-32)
   Pin 'Cin' is connected to logic 1. 
Warning: In design 'CLA17_mydesign_7', a pin on submodule 'CLA1' is connected to logic 1 or logic 0. (LINT-32)
   Pin 'Cin' is connected to logic 0. 
Warning: In design 'CLA17_mydesign_7', a pin on submodule 'CLA2' is connected to logic 1 or logic 0. (LINT-32)
   Pin 'Cin' is connected to logic 0. 
Warning: In design 'CLA17_mydesign_7', a pin on submodule 'CLA3' is connected to logic 1 or logic 0. (LINT-32)
   Pin 'Cin' is connected to logic 1. 
Warning: In design 'CLA17_mydesign_7', a pin on submodule 'FA1' is connected to logic 1 or logic 0. (LINT-32)
   Pin 'Cin' is connected to logic 0. 
Warning: In design 'CLA17_mydesign_7', a pin on submodule 'FA2' is connected to logic 1 or logic 0. (LINT-32)
   Pin 'Cin' is connected to logic 1. 
Warning: In design 'sub_12_mydesign_9', a pin on submodule 'CLA8_zero' is connected to logic 1 or logic 0. (LINT-32)
   Pin 'Cin' is connected to logic 1. 
Warning: In design 'sub_12_mydesign_9', a pin on submodule 'GEN_CLA8[1].CLA8_0' is connected to logic 1 or logic 0. (LINT-32)
   Pin 'Cin' is connected to logic 0. 
Warning: In design 'sub_12_mydesign_9', a pin on submodule 'GEN_CLA8[1].CLA8_0' is connected to logic 1 or logic 0. (LINT-32)
   Pin 'A[7]' is connected to logic 0. 
Warning: In design 'sub_12_mydesign_9', a pin on submodule 'GEN_CLA8[1].CLA8_0' is connected to logic 1 or logic 0. (LINT-32)
   Pin 'A[6]' is connected to logic 0. 
Warning: In design 'sub_12_mydesign_9', a pin on submodule 'GEN_CLA8[1].CLA8_0' is connected to logic 1 or logic 0. (LINT-32)
   Pin 'A[5]' is connected to logic 0. 
Warning: In design 'sub_12_mydesign_9', a pin on submodule 'GEN_CLA8[1].CLA8_0' is connected to logic 1 or logic 0. (LINT-32)
   Pin 'A[4]' is connected to logic 0. 
Warning: In design 'sub_12_mydesign_9', a pin on submodule 'GEN_CLA8[1].CLA8_0' is connected to logic 1 or logic 0. (LINT-32)
   Pin 'B[7]' is connected to logic 0. 
Warning: In design 'sub_12_mydesign_9', a pin on submodule 'GEN_CLA8[1].CLA8_0' is connected to logic 1 or logic 0. (LINT-32)
   Pin 'B[6]' is connected to logic 0. 
Warning: In design 'sub_12_mydesign_9', a pin on submodule 'GEN_CLA8[1].CLA8_0' is connected to logic 1 or logic 0. (LINT-32)
   Pin 'B[5]' is connected to logic 0. 
Warning: In design 'sub_12_mydesign_9', a pin on submodule 'GEN_CLA8[1].CLA8_0' is connected to logic 1 or logic 0. (LINT-32)
   Pin 'B[4]' is connected to logic 0. 
Warning: In design 'sub_12_mydesign_9', a pin on submodule 'GEN_CLA8[1].CLA8_1' is connected to logic 1 or logic 0. (LINT-32)
   Pin 'Cin' is connected to logic 1. 
Warning: In design 'sub_12_mydesign_9', a pin on submodule 'GEN_CLA8[1].CLA8_1' is connected to logic 1 or logic 0. (LINT-32)
   Pin 'A[7]' is connected to logic 0. 
Warning: In design 'sub_12_mydesign_9', a pin on submodule 'GEN_CLA8[1].CLA8_1' is connected to logic 1 or logic 0. (LINT-32)
   Pin 'A[6]' is connected to logic 0. 
Warning: In design 'sub_12_mydesign_9', a pin on submodule 'GEN_CLA8[1].CLA8_1' is connected to logic 1 or logic 0. (LINT-32)
   Pin 'A[5]' is connected to logic 0. 
Warning: In design 'sub_12_mydesign_9', a pin on submodule 'GEN_CLA8[1].CLA8_1' is connected to logic 1 or logic 0. (LINT-32)
   Pin 'A[4]' is connected to logic 0. 
Warning: In design 'sub_12_mydesign_9', a pin on submodule 'GEN_CLA8[1].CLA8_1' is connected to logic 1 or logic 0. (LINT-32)
   Pin 'B[7]' is connected to logic 0. 
Warning: In design 'sub_12_mydesign_9', a pin on submodule 'GEN_CLA8[1].CLA8_1' is connected to logic 1 or logic 0. (LINT-32)
   Pin 'B[6]' is connected to logic 0. 
Warning: In design 'sub_12_mydesign_9', a pin on submodule 'GEN_CLA8[1].CLA8_1' is connected to logic 1 or logic 0. (LINT-32)
   Pin 'B[5]' is connected to logic 0. 
Warning: In design 'sub_12_mydesign_9', a pin on submodule 'GEN_CLA8[1].CLA8_1' is connected to logic 1 or logic 0. (LINT-32)
   Pin 'B[4]' is connected to logic 0. 
Warning: In design 'add_58_mydesign_4', a pin on submodule 'CLA8_zero' is connected to logic 1 or logic 0. (LINT-32)
   Pin 'Cin' is connected to logic 0. 
Warning: In design 'add_58_mydesign_4', a pin on submodule 'GEN_CLA8[1].CLA8_0' is connected to logic 1 or logic 0. (LINT-32)
   Pin 'Cin' is connected to logic 0. 
Warning: In design 'add_58_mydesign_4', a pin on submodule 'GEN_CLA8[1].CLA8_1' is connected to logic 1 or logic 0. (LINT-32)
   Pin 'Cin' is connected to logic 1. 
Warning: In design 'add_58_mydesign_4', a pin on submodule 'GEN_CLA8[2].CLA8_0' is connected to logic 1 or logic 0. (LINT-32)
   Pin 'Cin' is connected to logic 0. 
Warning: In design 'add_58_mydesign_4', a pin on submodule 'GEN_CLA8[2].CLA8_1' is connected to logic 1 or logic 0. (LINT-32)
   Pin 'Cin' is connected to logic 1. 
Warning: In design 'add_58_mydesign_4', a pin on submodule 'GEN_CLA8[3].CLA8_0' is connected to logic 1 or logic 0. (LINT-32)
   Pin 'Cin' is connected to logic 0. 
Warning: In design 'add_58_mydesign_4', a pin on submodule 'GEN_CLA8[3].CLA8_1' is connected to logic 1 or logic 0. (LINT-32)
   Pin 'Cin' is connected to logic 1. 
Warning: In design 'add_58_mydesign_4', a pin on submodule 'GEN_CLA8[4].CLA8_0' is connected to logic 1 or logic 0. (LINT-32)
   Pin 'Cin' is connected to logic 0. 
Warning: In design 'add_58_mydesign_4', a pin on submodule 'GEN_CLA8[4].CLA8_1' is connected to logic 1 or logic 0. (LINT-32)
   Pin 'Cin' is connected to logic 1. 
Warning: In design 'add_58_mydesign_4', a pin on submodule 'GEN_CLA8[5].CLA8_0' is connected to logic 1 or logic 0. (LINT-32)
   Pin 'Cin' is connected to logic 0. 
Warning: In design 'add_58_mydesign_4', a pin on submodule 'GEN_CLA8[5].CLA8_1' is connected to logic 1 or logic 0. (LINT-32)
   Pin 'Cin' is connected to logic 1. 
Warning: In design 'add_58_mydesign_4', a pin on submodule 'GEN_CLA8[6].CLA8_0' is connected to logic 1 or logic 0. (LINT-32)
   Pin 'Cin' is connected to logic 0. 
Warning: In design 'add_58_mydesign_4', a pin on submodule 'GEN_CLA8[6].CLA8_1' is connected to logic 1 or logic 0. (LINT-32)
   Pin 'Cin' is connected to logic 1. 
Warning: In design 'add_58_mydesign_4', a pin on submodule 'GEN_CLA8[7].CLA8_0' is connected to logic 1 or logic 0. (LINT-32)
   Pin 'Cin' is connected to logic 0. 
Warning: In design 'add_58_mydesign_4', a pin on submodule 'GEN_CLA8[7].CLA8_0' is connected to logic 1 or logic 0. (LINT-32)
   Pin 'A[7]' is connected to logic 0. 
Warning: In design 'add_58_mydesign_4', a pin on submodule 'GEN_CLA8[7].CLA8_0' is connected to logic 1 or logic 0. (LINT-32)
   Pin 'A[6]' is connected to logic 0. 
Warning: In design 'add_58_mydesign_4', a pin on submodule 'GEN_CLA8[7].CLA8_0' is connected to logic 1 or logic 0. (LINT-32)
   Pin 'A[5]' is connected to logic 0. 
Warning: In design 'add_58_mydesign_4', a pin on submodule 'GEN_CLA8[7].CLA8_0' is connected to logic 1 or logic 0. (LINT-32)
   Pin 'A[4]' is connected to logic 0. 
Warning: In design 'add_58_mydesign_4', a pin on submodule 'GEN_CLA8[7].CLA8_0' is connected to logic 1 or logic 0. (LINT-32)
   Pin 'A[3]' is connected to logic 0. 
Warning: In design 'add_58_mydesign_4', a pin on submodule 'GEN_CLA8[7].CLA8_0' is connected to logic 1 or logic 0. (LINT-32)
   Pin 'A[2]' is connected to logic 0. 
Warning: In design 'add_58_mydesign_4', a pin on submodule 'GEN_CLA8[7].CLA8_0' is connected to logic 1 or logic 0. (LINT-32)
   Pin 'B[7]' is connected to logic 0. 
Warning: In design 'add_58_mydesign_4', a pin on submodule 'GEN_CLA8[7].CLA8_0' is connected to logic 1 or logic 0. (LINT-32)
   Pin 'B[6]' is connected to logic 0. 
Warning: In design 'add_58_mydesign_4', a pin on submodule 'GEN_CLA8[7].CLA8_0' is connected to logic 1 or logic 0. (LINT-32)
   Pin 'B[5]' is connected to logic 0. 
Warning: In design 'add_58_mydesign_4', a pin on submodule 'GEN_CLA8[7].CLA8_0' is connected to logic 1 or logic 0. (LINT-32)
   Pin 'B[4]' is connected to logic 0. 
Warning: In design 'add_58_mydesign_4', a pin on submodule 'GEN_CLA8[7].CLA8_0' is connected to logic 1 or logic 0. (LINT-32)
   Pin 'B[3]' is connected to logic 0. 
Warning: In design 'add_58_mydesign_4', a pin on submodule 'GEN_CLA8[7].CLA8_0' is connected to logic 1 or logic 0. (LINT-32)
   Pin 'B[2]' is connected to logic 0. 
Warning: In design 'add_58_mydesign_4', a pin on submodule 'GEN_CLA8[7].CLA8_1' is connected to logic 1 or logic 0. (LINT-32)
   Pin 'Cin' is connected to logic 1. 
Warning: In design 'add_58_mydesign_4', a pin on submodule 'GEN_CLA8[7].CLA8_1' is connected to logic 1 or logic 0. (LINT-32)
   Pin 'A[7]' is connected to logic 0. 
Warning: In design 'add_58_mydesign_4', a pin on submodule 'GEN_CLA8[7].CLA8_1' is connected to logic 1 or logic 0. (LINT-32)
   Pin 'A[6]' is connected to logic 0. 
Warning: In design 'add_58_mydesign_4', a pin on submodule 'GEN_CLA8[7].CLA8_1' is connected to logic 1 or logic 0. (LINT-32)
   Pin 'A[5]' is connected to logic 0. 
Warning: In design 'add_58_mydesign_4', a pin on submodule 'GEN_CLA8[7].CLA8_1' is connected to logic 1 or logic 0. (LINT-32)
   Pin 'A[4]' is connected to logic 0. 
Warning: In design 'add_58_mydesign_4', a pin on submodule 'GEN_CLA8[7].CLA8_1' is connected to logic 1 or logic 0. (LINT-32)
   Pin 'A[3]' is connected to logic 0. 
Warning: In design 'add_58_mydesign_4', a pin on submodule 'GEN_CLA8[7].CLA8_1' is connected to logic 1 or logic 0. (LINT-32)
   Pin 'A[2]' is connected to logic 0. 
Warning: In design 'add_58_mydesign_4', a pin on submodule 'GEN_CLA8[7].CLA8_1' is connected to logic 1 or logic 0. (LINT-32)
   Pin 'B[7]' is connected to logic 0. 
Warning: In design 'add_58_mydesign_4', a pin on submodule 'GEN_CLA8[7].CLA8_1' is connected to logic 1 or logic 0. (LINT-32)
   Pin 'B[6]' is connected to logic 0. 
Warning: In design 'add_58_mydesign_4', a pin on submodule 'GEN_CLA8[7].CLA8_1' is connected to logic 1 or logic 0. (LINT-32)
   Pin 'B[5]' is connected to logic 0. 
Warning: In design 'add_58_mydesign_4', a pin on submodule 'GEN_CLA8[7].CLA8_1' is connected to logic 1 or logic 0. (LINT-32)
   Pin 'B[4]' is connected to logic 0. 
Warning: In design 'add_58_mydesign_4', a pin on submodule 'GEN_CLA8[7].CLA8_1' is connected to logic 1 or logic 0. (LINT-32)
   Pin 'B[3]' is connected to logic 0. 
Warning: In design 'add_58_mydesign_4', a pin on submodule 'GEN_CLA8[7].CLA8_1' is connected to logic 1 or logic 0. (LINT-32)
   Pin 'B[2]' is connected to logic 0. 
Warning: In design 'sub_58_mydesign_4', a pin on submodule 'CLA8_zero' is connected to logic 1 or logic 0. (LINT-32)
   Pin 'Cin' is connected to logic 1. 
Warning: In design 'sub_58_mydesign_4', a pin on submodule 'GEN_CLA8[1].CLA8_0' is connected to logic 1 or logic 0. (LINT-32)
   Pin 'Cin' is connected to logic 0. 
Warning: In design 'sub_58_mydesign_4', a pin on submodule 'GEN_CLA8[1].CLA8_1' is connected to logic 1 or logic 0. (LINT-32)
   Pin 'Cin' is connected to logic 1. 
Warning: In design 'sub_58_mydesign_4', a pin on submodule 'GEN_CLA8[2].CLA8_0' is connected to logic 1 or logic 0. (LINT-32)
   Pin 'Cin' is connected to logic 0. 
Warning: In design 'sub_58_mydesign_4', a pin on submodule 'GEN_CLA8[2].CLA8_1' is connected to logic 1 or logic 0. (LINT-32)
   Pin 'Cin' is connected to logic 1. 
Warning: In design 'sub_58_mydesign_4', a pin on submodule 'GEN_CLA8[3].CLA8_0' is connected to logic 1 or logic 0. (LINT-32)
   Pin 'Cin' is connected to logic 0. 
Warning: In design 'sub_58_mydesign_4', a pin on submodule 'GEN_CLA8[3].CLA8_1' is connected to logic 1 or logic 0. (LINT-32)
   Pin 'Cin' is connected to logic 1. 
Warning: In design 'sub_58_mydesign_4', a pin on submodule 'GEN_CLA8[4].CLA8_0' is connected to logic 1 or logic 0. (LINT-32)
   Pin 'Cin' is connected to logic 0. 
Warning: In design 'sub_58_mydesign_4', a pin on submodule 'GEN_CLA8[4].CLA8_1' is connected to logic 1 or logic 0. (LINT-32)
   Pin 'Cin' is connected to logic 1. 
Warning: In design 'sub_58_mydesign_4', a pin on submodule 'GEN_CLA8[5].CLA8_0' is connected to logic 1 or logic 0. (LINT-32)
   Pin 'Cin' is connected to logic 0. 
Warning: In design 'sub_58_mydesign_4', a pin on submodule 'GEN_CLA8[5].CLA8_1' is connected to logic 1 or logic 0. (LINT-32)
   Pin 'Cin' is connected to logic 1. 
Warning: In design 'sub_58_mydesign_4', a pin on submodule 'GEN_CLA8[6].CLA8_0' is connected to logic 1 or logic 0. (LINT-32)
   Pin 'Cin' is connected to logic 0. 
Warning: In design 'sub_58_mydesign_4', a pin on submodule 'GEN_CLA8[6].CLA8_1' is connected to logic 1 or logic 0. (LINT-32)
   Pin 'Cin' is connected to logic 1. 
Warning: In design 'sub_58_mydesign_4', a pin on submodule 'GEN_CLA8[7].CLA8_0' is connected to logic 1 or logic 0. (LINT-32)
   Pin 'Cin' is connected to logic 0. 
Warning: In design 'sub_58_mydesign_4', a pin on submodule 'GEN_CLA8[7].CLA8_0' is connected to logic 1 or logic 0. (LINT-32)
   Pin 'A[7]' is connected to logic 0. 
Warning: In design 'sub_58_mydesign_4', a pin on submodule 'GEN_CLA8[7].CLA8_0' is connected to logic 1 or logic 0. (LINT-32)
   Pin 'A[6]' is connected to logic 0. 
Warning: In design 'sub_58_mydesign_4', a pin on submodule 'GEN_CLA8[7].CLA8_0' is connected to logic 1 or logic 0. (LINT-32)
   Pin 'A[5]' is connected to logic 0. 
Warning: In design 'sub_58_mydesign_4', a pin on submodule 'GEN_CLA8[7].CLA8_0' is connected to logic 1 or logic 0. (LINT-32)
   Pin 'A[4]' is connected to logic 0. 
Warning: In design 'sub_58_mydesign_4', a pin on submodule 'GEN_CLA8[7].CLA8_0' is connected to logic 1 or logic 0. (LINT-32)
   Pin 'A[3]' is connected to logic 0. 
Warning: In design 'sub_58_mydesign_4', a pin on submodule 'GEN_CLA8[7].CLA8_0' is connected to logic 1 or logic 0. (LINT-32)
   Pin 'A[2]' is connected to logic 0. 
Warning: In design 'sub_58_mydesign_4', a pin on submodule 'GEN_CLA8[7].CLA8_0' is connected to logic 1 or logic 0. (LINT-32)
   Pin 'B[7]' is connected to logic 0. 
Warning: In design 'sub_58_mydesign_4', a pin on submodule 'GEN_CLA8[7].CLA8_0' is connected to logic 1 or logic 0. (LINT-32)
   Pin 'B[6]' is connected to logic 0. 
Warning: In design 'sub_58_mydesign_4', a pin on submodule 'GEN_CLA8[7].CLA8_0' is connected to logic 1 or logic 0. (LINT-32)
   Pin 'B[5]' is connected to logic 0. 
Warning: In design 'sub_58_mydesign_4', a pin on submodule 'GEN_CLA8[7].CLA8_0' is connected to logic 1 or logic 0. (LINT-32)
   Pin 'B[4]' is connected to logic 0. 
Warning: In design 'sub_58_mydesign_4', a pin on submodule 'GEN_CLA8[7].CLA8_0' is connected to logic 1 or logic 0. (LINT-32)
   Pin 'B[3]' is connected to logic 0. 
Warning: In design 'sub_58_mydesign_4', a pin on submodule 'GEN_CLA8[7].CLA8_0' is connected to logic 1 or logic 0. (LINT-32)
   Pin 'B[2]' is connected to logic 0. 
Warning: In design 'sub_58_mydesign_4', a pin on submodule 'GEN_CLA8[7].CLA8_1' is connected to logic 1 or logic 0. (LINT-32)
   Pin 'Cin' is connected to logic 1. 
Warning: In design 'sub_58_mydesign_4', a pin on submodule 'GEN_CLA8[7].CLA8_1' is connected to logic 1 or logic 0. (LINT-32)
   Pin 'A[7]' is connected to logic 0. 
Warning: In design 'sub_58_mydesign_4', a pin on submodule 'GEN_CLA8[7].CLA8_1' is connected to logic 1 or logic 0. (LINT-32)
   Pin 'A[6]' is connected to logic 0. 
Warning: In design 'sub_58_mydesign_4', a pin on submodule 'GEN_CLA8[7].CLA8_1' is connected to logic 1 or logic 0. (LINT-32)
   Pin 'A[5]' is connected to logic 0. 
Warning: In design 'sub_58_mydesign_4', a pin on submodule 'GEN_CLA8[7].CLA8_1' is connected to logic 1 or logic 0. (LINT-32)
   Pin 'A[4]' is connected to logic 0. 
Warning: In design 'sub_58_mydesign_4', a pin on submodule 'GEN_CLA8[7].CLA8_1' is connected to logic 1 or logic 0. (LINT-32)
   Pin 'A[3]' is connected to logic 0. 
Warning: In design 'sub_58_mydesign_4', a pin on submodule 'GEN_CLA8[7].CLA8_1' is connected to logic 1 or logic 0. (LINT-32)
   Pin 'A[2]' is connected to logic 0. 
Warning: In design 'sub_58_mydesign_4', a pin on submodule 'GEN_CLA8[7].CLA8_1' is connected to logic 1 or logic 0. (LINT-32)
   Pin 'B[7]' is connected to logic 0. 
Warning: In design 'sub_58_mydesign_4', a pin on submodule 'GEN_CLA8[7].CLA8_1' is connected to logic 1 or logic 0. (LINT-32)
   Pin 'B[6]' is connected to logic 0. 
Warning: In design 'sub_58_mydesign_4', a pin on submodule 'GEN_CLA8[7].CLA8_1' is connected to logic 1 or logic 0. (LINT-32)
   Pin 'B[5]' is connected to logic 0. 
Warning: In design 'sub_58_mydesign_4', a pin on submodule 'GEN_CLA8[7].CLA8_1' is connected to logic 1 or logic 0. (LINT-32)
   Pin 'B[4]' is connected to logic 0. 
Warning: In design 'sub_58_mydesign_4', a pin on submodule 'GEN_CLA8[7].CLA8_1' is connected to logic 1 or logic 0. (LINT-32)
   Pin 'B[3]' is connected to logic 0. 
Warning: In design 'sub_58_mydesign_4', a pin on submodule 'GEN_CLA8[7].CLA8_1' is connected to logic 1 or logic 0. (LINT-32)
   Pin 'B[2]' is connected to logic 0. 
Warning: In design 'add_11_overflow_mydesign_12', a pin on submodule 'CLA8_zero' is connected to logic 1 or logic 0. (LINT-32)
   Pin 'Cin' is connected to logic 0. 
Warning: In design 'add_11_overflow_mydesign_12', a pin on submodule 'GEN_CLA8[1].CLA8_0' is connected to logic 1 or logic 0. (LINT-32)
   Pin 'Cin' is connected to logic 0. 
Warning: In design 'add_11_overflow_mydesign_12', a pin on submodule 'GEN_CLA8[1].CLA8_0' is connected to logic 1 or logic 0. (LINT-32)
   Pin 'A[7]' is connected to logic 0. 
Warning: In design 'add_11_overflow_mydesign_12', a pin on submodule 'GEN_CLA8[1].CLA8_0' is connected to logic 1 or logic 0. (LINT-32)
   Pin 'A[6]' is connected to logic 0. 
Warning: In design 'add_11_overflow_mydesign_12', a pin on submodule 'GEN_CLA8[1].CLA8_0' is connected to logic 1 or logic 0. (LINT-32)
   Pin 'A[5]' is connected to logic 0. 
Warning: In design 'add_11_overflow_mydesign_12', a pin on submodule 'GEN_CLA8[1].CLA8_0' is connected to logic 1 or logic 0. (LINT-32)
   Pin 'A[4]' is connected to logic 0. 
Warning: In design 'add_11_overflow_mydesign_12', a pin on submodule 'GEN_CLA8[1].CLA8_0' is connected to logic 1 or logic 0. (LINT-32)
   Pin 'A[3]' is connected to logic 0. 
Warning: In design 'add_11_overflow_mydesign_12', a pin on submodule 'GEN_CLA8[1].CLA8_0' is connected to logic 1 or logic 0. (LINT-32)
   Pin 'B[7]' is connected to logic 0. 
Warning: In design 'add_11_overflow_mydesign_12', a pin on submodule 'GEN_CLA8[1].CLA8_0' is connected to logic 1 or logic 0. (LINT-32)
   Pin 'B[6]' is connected to logic 0. 
Warning: In design 'add_11_overflow_mydesign_12', a pin on submodule 'GEN_CLA8[1].CLA8_0' is connected to logic 1 or logic 0. (LINT-32)
   Pin 'B[5]' is connected to logic 0. 
Warning: In design 'add_11_overflow_mydesign_12', a pin on submodule 'GEN_CLA8[1].CLA8_0' is connected to logic 1 or logic 0. (LINT-32)
   Pin 'B[4]' is connected to logic 0. 
Warning: In design 'add_11_overflow_mydesign_12', a pin on submodule 'GEN_CLA8[1].CLA8_0' is connected to logic 1 or logic 0. (LINT-32)
   Pin 'B[3]' is connected to logic 0. 
Warning: In design 'add_11_overflow_mydesign_12', a pin on submodule 'GEN_CLA8[1].CLA8_1' is connected to logic 1 or logic 0. (LINT-32)
   Pin 'Cin' is connected to logic 1. 
Warning: In design 'add_11_overflow_mydesign_12', a pin on submodule 'GEN_CLA8[1].CLA8_1' is connected to logic 1 or logic 0. (LINT-32)
   Pin 'A[7]' is connected to logic 0. 
Warning: In design 'add_11_overflow_mydesign_12', a pin on submodule 'GEN_CLA8[1].CLA8_1' is connected to logic 1 or logic 0. (LINT-32)
   Pin 'A[6]' is connected to logic 0. 
Warning: In design 'add_11_overflow_mydesign_12', a pin on submodule 'GEN_CLA8[1].CLA8_1' is connected to logic 1 or logic 0. (LINT-32)
   Pin 'A[5]' is connected to logic 0. 
Warning: In design 'add_11_overflow_mydesign_12', a pin on submodule 'GEN_CLA8[1].CLA8_1' is connected to logic 1 or logic 0. (LINT-32)
   Pin 'A[4]' is connected to logic 0. 
Warning: In design 'add_11_overflow_mydesign_12', a pin on submodule 'GEN_CLA8[1].CLA8_1' is connected to logic 1 or logic 0. (LINT-32)
   Pin 'A[3]' is connected to logic 0. 
Warning: In design 'add_11_overflow_mydesign_12', a pin on submodule 'GEN_CLA8[1].CLA8_1' is connected to logic 1 or logic 0. (LINT-32)
   Pin 'B[7]' is connected to logic 0. 
Warning: In design 'add_11_overflow_mydesign_12', a pin on submodule 'GEN_CLA8[1].CLA8_1' is connected to logic 1 or logic 0. (LINT-32)
   Pin 'B[6]' is connected to logic 0. 
Warning: In design 'add_11_overflow_mydesign_12', a pin on submodule 'GEN_CLA8[1].CLA8_1' is connected to logic 1 or logic 0. (LINT-32)
   Pin 'B[5]' is connected to logic 0. 
Warning: In design 'add_11_overflow_mydesign_12', a pin on submodule 'GEN_CLA8[1].CLA8_1' is connected to logic 1 or logic 0. (LINT-32)
   Pin 'B[4]' is connected to logic 0. 
Warning: In design 'add_11_overflow_mydesign_12', a pin on submodule 'GEN_CLA8[1].CLA8_1' is connected to logic 1 or logic 0. (LINT-32)
   Pin 'B[3]' is connected to logic 0. 
Warning: In design 'add_53_overflow_mydesign_7', a pin on submodule 'CLA8_zero' is connected to logic 1 or logic 0. (LINT-32)
   Pin 'Cin' is connected to logic 0. 
Warning: In design 'add_53_overflow_mydesign_7', a pin on submodule 'GEN_CLA8[1].CLA8_0' is connected to logic 1 or logic 0. (LINT-32)
   Pin 'Cin' is connected to logic 0. 
Warning: In design 'add_53_overflow_mydesign_7', a pin on submodule 'GEN_CLA8[1].CLA8_1' is connected to logic 1 or logic 0. (LINT-32)
   Pin 'Cin' is connected to logic 1. 
Warning: In design 'add_53_overflow_mydesign_7', a pin on submodule 'GEN_CLA8[2].CLA8_0' is connected to logic 1 or logic 0. (LINT-32)
   Pin 'Cin' is connected to logic 0. 
Warning: In design 'add_53_overflow_mydesign_7', a pin on submodule 'GEN_CLA8[2].CLA8_1' is connected to logic 1 or logic 0. (LINT-32)
   Pin 'Cin' is connected to logic 1. 
Warning: In design 'add_53_overflow_mydesign_7', a pin on submodule 'GEN_CLA8[3].CLA8_0' is connected to logic 1 or logic 0. (LINT-32)
   Pin 'Cin' is connected to logic 0. 
Warning: In design 'add_53_overflow_mydesign_7', a pin on submodule 'GEN_CLA8[3].CLA8_1' is connected to logic 1 or logic 0. (LINT-32)
   Pin 'Cin' is connected to logic 1. 
Warning: In design 'add_53_overflow_mydesign_7', a pin on submodule 'GEN_CLA8[4].CLA8_0' is connected to logic 1 or logic 0. (LINT-32)
   Pin 'Cin' is connected to logic 0. 
Warning: In design 'add_53_overflow_mydesign_7', a pin on submodule 'GEN_CLA8[4].CLA8_1' is connected to logic 1 or logic 0. (LINT-32)
   Pin 'Cin' is connected to logic 1. 
Warning: In design 'add_53_overflow_mydesign_7', a pin on submodule 'GEN_CLA8[5].CLA8_0' is connected to logic 1 or logic 0. (LINT-32)
   Pin 'Cin' is connected to logic 0. 
Warning: In design 'add_53_overflow_mydesign_7', a pin on submodule 'GEN_CLA8[5].CLA8_1' is connected to logic 1 or logic 0. (LINT-32)
   Pin 'Cin' is connected to logic 1. 
Warning: In design 'add_53_overflow_mydesign_7', a pin on submodule 'GEN_CLA8[6].CLA8_0' is connected to logic 1 or logic 0. (LINT-32)
   Pin 'Cin' is connected to logic 0. 
Warning: In design 'add_53_overflow_mydesign_7', a pin on submodule 'GEN_CLA8[6].CLA8_0' is connected to logic 1 or logic 0. (LINT-32)
   Pin 'A[7]' is connected to logic 0. 
Warning: In design 'add_53_overflow_mydesign_7', a pin on submodule 'GEN_CLA8[6].CLA8_0' is connected to logic 1 or logic 0. (LINT-32)
   Pin 'A[6]' is connected to logic 0. 
Warning: In design 'add_53_overflow_mydesign_7', a pin on submodule 'GEN_CLA8[6].CLA8_0' is connected to logic 1 or logic 0. (LINT-32)
   Pin 'A[5]' is connected to logic 0. 
Warning: In design 'add_53_overflow_mydesign_7', a pin on submodule 'GEN_CLA8[6].CLA8_0' is connected to logic 1 or logic 0. (LINT-32)
   Pin 'B[7]' is connected to logic 0. 
Warning: In design 'add_53_overflow_mydesign_7', a pin on submodule 'GEN_CLA8[6].CLA8_0' is connected to logic 1 or logic 0. (LINT-32)
   Pin 'B[6]' is connected to logic 0. 
Warning: In design 'add_53_overflow_mydesign_7', a pin on submodule 'GEN_CLA8[6].CLA8_0' is connected to logic 1 or logic 0. (LINT-32)
   Pin 'B[5]' is connected to logic 0. 
Warning: In design 'add_53_overflow_mydesign_7', a pin on submodule 'GEN_CLA8[6].CLA8_1' is connected to logic 1 or logic 0. (LINT-32)
   Pin 'Cin' is connected to logic 1. 
Warning: In design 'add_53_overflow_mydesign_7', a pin on submodule 'GEN_CLA8[6].CLA8_1' is connected to logic 1 or logic 0. (LINT-32)
   Pin 'A[7]' is connected to logic 0. 
Warning: In design 'add_53_overflow_mydesign_7', a pin on submodule 'GEN_CLA8[6].CLA8_1' is connected to logic 1 or logic 0. (LINT-32)
   Pin 'A[6]' is connected to logic 0. 
Warning: In design 'add_53_overflow_mydesign_7', a pin on submodule 'GEN_CLA8[6].CLA8_1' is connected to logic 1 or logic 0. (LINT-32)
   Pin 'A[5]' is connected to logic 0. 
Warning: In design 'add_53_overflow_mydesign_7', a pin on submodule 'GEN_CLA8[6].CLA8_1' is connected to logic 1 or logic 0. (LINT-32)
   Pin 'B[7]' is connected to logic 0. 
Warning: In design 'add_53_overflow_mydesign_7', a pin on submodule 'GEN_CLA8[6].CLA8_1' is connected to logic 1 or logic 0. (LINT-32)
   Pin 'B[6]' is connected to logic 0. 
Warning: In design 'add_53_overflow_mydesign_7', a pin on submodule 'GEN_CLA8[6].CLA8_1' is connected to logic 1 or logic 0. (LINT-32)
   Pin 'B[5]' is connected to logic 0. 
Warning: In design 'mul_16_mydesign_47', a pin on submodule 'CLA1' is connected to logic 1 or logic 0. (LINT-32)
   Pin 'Cin' is connected to logic 0. 
Warning: In design 'mul_16_mydesign_47', a pin on submodule 'CLA2' is connected to logic 1 or logic 0. (LINT-32)
   Pin 'Cin' is connected to logic 0. 
Warning: In design 'mul_16_mydesign_47', a pin on submodule 'CLA3' is connected to logic 1 or logic 0. (LINT-32)
   Pin 'Cin' is connected to logic 1. 
Warning: In design 'mul_16_mydesign_47', a pin on submodule 'CLA4' is connected to logic 1 or logic 0. (LINT-32)
   Pin 'Cin' is connected to logic 0. 
Warning: In design 'mul_16_mydesign_47', a pin on submodule 'CLA5' is connected to logic 1 or logic 0. (LINT-32)
   Pin 'Cin' is connected to logic 1. 
Warning: In design 'add_13_mydesign_8', a pin on submodule 'CLA8_zero' is connected to logic 1 or logic 0. (LINT-32)
   Pin 'Cin' is connected to logic 0. 
Warning: In design 'add_13_mydesign_8', a pin on submodule 'GEN_CLA8[1].CLA8_0' is connected to logic 1 or logic 0. (LINT-32)
   Pin 'Cin' is connected to logic 0. 
Warning: In design 'add_13_mydesign_8', a pin on submodule 'GEN_CLA8[1].CLA8_0' is connected to logic 1 or logic 0. (LINT-32)
   Pin 'A[7]' is connected to logic 0. 
Warning: In design 'add_13_mydesign_8', a pin on submodule 'GEN_CLA8[1].CLA8_0' is connected to logic 1 or logic 0. (LINT-32)
   Pin 'A[6]' is connected to logic 0. 
Warning: In design 'add_13_mydesign_8', a pin on submodule 'GEN_CLA8[1].CLA8_0' is connected to logic 1 or logic 0. (LINT-32)
   Pin 'A[5]' is connected to logic 0. 
Warning: In design 'add_13_mydesign_8', a pin on submodule 'GEN_CLA8[1].CLA8_0' is connected to logic 1 or logic 0. (LINT-32)
   Pin 'B[7]' is connected to logic 0. 
Warning: In design 'add_13_mydesign_8', a pin on submodule 'GEN_CLA8[1].CLA8_0' is connected to logic 1 or logic 0. (LINT-32)
   Pin 'B[6]' is connected to logic 0. 
Warning: In design 'add_13_mydesign_8', a pin on submodule 'GEN_CLA8[1].CLA8_0' is connected to logic 1 or logic 0. (LINT-32)
   Pin 'B[5]' is connected to logic 0. 
Warning: In design 'add_13_mydesign_8', a pin on submodule 'GEN_CLA8[1].CLA8_1' is connected to logic 1 or logic 0. (LINT-32)
   Pin 'Cin' is connected to logic 1. 
Warning: In design 'add_13_mydesign_8', a pin on submodule 'GEN_CLA8[1].CLA8_1' is connected to logic 1 or logic 0. (LINT-32)
   Pin 'A[7]' is connected to logic 0. 
Warning: In design 'add_13_mydesign_8', a pin on submodule 'GEN_CLA8[1].CLA8_1' is connected to logic 1 or logic 0. (LINT-32)
   Pin 'A[6]' is connected to logic 0. 
Warning: In design 'add_13_mydesign_8', a pin on submodule 'GEN_CLA8[1].CLA8_1' is connected to logic 1 or logic 0. (LINT-32)
   Pin 'A[5]' is connected to logic 0. 
Warning: In design 'add_13_mydesign_8', a pin on submodule 'GEN_CLA8[1].CLA8_1' is connected to logic 1 or logic 0. (LINT-32)
   Pin 'B[7]' is connected to logic 0. 
Warning: In design 'add_13_mydesign_8', a pin on submodule 'GEN_CLA8[1].CLA8_1' is connected to logic 1 or logic 0. (LINT-32)
   Pin 'B[6]' is connected to logic 0. 
Warning: In design 'add_13_mydesign_8', a pin on submodule 'GEN_CLA8[1].CLA8_1' is connected to logic 1 or logic 0. (LINT-32)
   Pin 'B[5]' is connected to logic 0. 
Warning: In design 'add_13_overflow_mydesign_2', a pin on submodule 'CLA8_zero' is connected to logic 1 or logic 0. (LINT-32)
   Pin 'Cin' is connected to logic 0. 
Warning: In design 'add_13_overflow_mydesign_2', a pin on submodule 'GEN_CLA8[1].CLA8_0' is connected to logic 1 or logic 0. (LINT-32)
   Pin 'Cin' is connected to logic 0. 
Warning: In design 'add_13_overflow_mydesign_2', a pin on submodule 'GEN_CLA8[1].CLA8_0' is connected to logic 1 or logic 0. (LINT-32)
   Pin 'A[7]' is connected to logic 0. 
Warning: In design 'add_13_overflow_mydesign_2', a pin on submodule 'GEN_CLA8[1].CLA8_0' is connected to logic 1 or logic 0. (LINT-32)
   Pin 'A[6]' is connected to logic 0. 
Warning: In design 'add_13_overflow_mydesign_2', a pin on submodule 'GEN_CLA8[1].CLA8_0' is connected to logic 1 or logic 0. (LINT-32)
   Pin 'A[5]' is connected to logic 0. 
Warning: In design 'add_13_overflow_mydesign_2', a pin on submodule 'GEN_CLA8[1].CLA8_0' is connected to logic 1 or logic 0. (LINT-32)
   Pin 'B[7]' is connected to logic 0. 
Warning: In design 'add_13_overflow_mydesign_2', a pin on submodule 'GEN_CLA8[1].CLA8_0' is connected to logic 1 or logic 0. (LINT-32)
   Pin 'B[6]' is connected to logic 0. 
Warning: In design 'add_13_overflow_mydesign_2', a pin on submodule 'GEN_CLA8[1].CLA8_0' is connected to logic 1 or logic 0. (LINT-32)
   Pin 'B[5]' is connected to logic 0. 
Warning: In design 'add_13_overflow_mydesign_2', a pin on submodule 'GEN_CLA8[1].CLA8_1' is connected to logic 1 or logic 0. (LINT-32)
   Pin 'Cin' is connected to logic 1. 
Warning: In design 'add_13_overflow_mydesign_2', a pin on submodule 'GEN_CLA8[1].CLA8_1' is connected to logic 1 or logic 0. (LINT-32)
   Pin 'A[7]' is connected to logic 0. 
Warning: In design 'add_13_overflow_mydesign_2', a pin on submodule 'GEN_CLA8[1].CLA8_1' is connected to logic 1 or logic 0. (LINT-32)
   Pin 'A[6]' is connected to logic 0. 
Warning: In design 'add_13_overflow_mydesign_2', a pin on submodule 'GEN_CLA8[1].CLA8_1' is connected to logic 1 or logic 0. (LINT-32)
   Pin 'A[5]' is connected to logic 0. 
Warning: In design 'add_13_overflow_mydesign_2', a pin on submodule 'GEN_CLA8[1].CLA8_1' is connected to logic 1 or logic 0. (LINT-32)
   Pin 'B[7]' is connected to logic 0. 
Warning: In design 'add_13_overflow_mydesign_2', a pin on submodule 'GEN_CLA8[1].CLA8_1' is connected to logic 1 or logic 0. (LINT-32)
   Pin 'B[6]' is connected to logic 0. 
Warning: In design 'add_13_overflow_mydesign_2', a pin on submodule 'GEN_CLA8[1].CLA8_1' is connected to logic 1 or logic 0. (LINT-32)
   Pin 'B[5]' is connected to logic 0. 
Warning: In design 'sub_13_mydesign_2', a pin on submodule 'CLA8_zero' is connected to logic 1 or logic 0. (LINT-32)
   Pin 'Cin' is connected to logic 1. 
Warning: In design 'sub_13_mydesign_2', a pin on submodule 'GEN_CLA8[1].CLA8_0' is connected to logic 1 or logic 0. (LINT-32)
   Pin 'Cin' is connected to logic 0. 
Warning: In design 'sub_13_mydesign_2', a pin on submodule 'GEN_CLA8[1].CLA8_0' is connected to logic 1 or logic 0. (LINT-32)
   Pin 'A[7]' is connected to logic 0. 
Warning: In design 'sub_13_mydesign_2', a pin on submodule 'GEN_CLA8[1].CLA8_0' is connected to logic 1 or logic 0. (LINT-32)
   Pin 'A[6]' is connected to logic 0. 
Warning: In design 'sub_13_mydesign_2', a pin on submodule 'GEN_CLA8[1].CLA8_0' is connected to logic 1 or logic 0. (LINT-32)
   Pin 'A[5]' is connected to logic 0. 
Warning: In design 'sub_13_mydesign_2', a pin on submodule 'GEN_CLA8[1].CLA8_0' is connected to logic 1 or logic 0. (LINT-32)
   Pin 'B[7]' is connected to logic 0. 
Warning: In design 'sub_13_mydesign_2', a pin on submodule 'GEN_CLA8[1].CLA8_0' is connected to logic 1 or logic 0. (LINT-32)
   Pin 'B[6]' is connected to logic 0. 
Warning: In design 'sub_13_mydesign_2', a pin on submodule 'GEN_CLA8[1].CLA8_0' is connected to logic 1 or logic 0. (LINT-32)
   Pin 'B[5]' is connected to logic 0. 
Warning: In design 'sub_13_mydesign_2', a pin on submodule 'GEN_CLA8[1].CLA8_1' is connected to logic 1 or logic 0. (LINT-32)
   Pin 'Cin' is connected to logic 1. 
Warning: In design 'sub_13_mydesign_2', a pin on submodule 'GEN_CLA8[1].CLA8_1' is connected to logic 1 or logic 0. (LINT-32)
   Pin 'A[7]' is connected to logic 0. 
Warning: In design 'sub_13_mydesign_2', a pin on submodule 'GEN_CLA8[1].CLA8_1' is connected to logic 1 or logic 0. (LINT-32)
   Pin 'A[6]' is connected to logic 0. 
Warning: In design 'sub_13_mydesign_2', a pin on submodule 'GEN_CLA8[1].CLA8_1' is connected to logic 1 or logic 0. (LINT-32)
   Pin 'A[5]' is connected to logic 0. 
Warning: In design 'sub_13_mydesign_2', a pin on submodule 'GEN_CLA8[1].CLA8_1' is connected to logic 1 or logic 0. (LINT-32)
   Pin 'B[7]' is connected to logic 0. 
Warning: In design 'sub_13_mydesign_2', a pin on submodule 'GEN_CLA8[1].CLA8_1' is connected to logic 1 or logic 0. (LINT-32)
   Pin 'B[6]' is connected to logic 0. 
Warning: In design 'sub_13_mydesign_2', a pin on submodule 'GEN_CLA8[1].CLA8_1' is connected to logic 1 or logic 0. (LINT-32)
   Pin 'B[5]' is connected to logic 0. 
Warning: In design 'fp_add_mydesign_0', a pin on submodule 'sub_12_00' is connected to logic 1 or logic 0. (LINT-32)
   Pin 'in_A[11]' is connected to logic 0. 
Warning: In design 'fp_add_mydesign_0', a pin on submodule 'sub_12_00' is connected to logic 1 or logic 0. (LINT-32)
   Pin 'in_B[11]' is connected to logic 0. 
Warning: In design 'fp_add_mydesign_0', a pin on submodule 'sub_12_01' is connected to logic 1 or logic 0. (LINT-32)
   Pin 'in_A[11]' is connected to logic 0. 
Warning: In design 'fp_add_mydesign_0', a pin on submodule 'sub_12_01' is connected to logic 1 or logic 0. (LINT-32)
   Pin 'in_B[11]' is connected to logic 0. 
Warning: In design 'fp_add_mydesign_0', a pin on submodule 'add_58_00' is connected to logic 1 or logic 0. (LINT-32)
   Pin 'in_B[57]' is connected to logic 0. 
Warning: In design 'fp_add_mydesign_0', a pin on submodule 'add_58_00' is connected to logic 1 or logic 0. (LINT-32)
   Pin 'in_B[56]' is connected to logic 0. 
Warning: In design 'fp_add_mydesign_0', a pin on submodule 'sub_58_00' is connected to logic 1 or logic 0. (LINT-32)
   Pin 'in_A[57]' is connected to logic 0. 
Warning: In design 'fp_add_mydesign_0', a pin on submodule 'sub_58_00' is connected to logic 1 or logic 0. (LINT-32)
   Pin 'in_A[56]' is connected to logic 0. 
Warning: In design 'fp_add_mydesign_0', a pin on submodule 'sub_58_00' is connected to logic 1 or logic 0. (LINT-32)
   Pin 'in_B[57]' is connected to logic 0. 
Warning: In design 'fp_add_mydesign_0', a pin on submodule 'sub_58_00' is connected to logic 1 or logic 0. (LINT-32)
   Pin 'in_B[56]' is connected to logic 0. 
Warning: In design 'fp_add_mydesign_0', a pin on submodule 'add_11_00' is connected to logic 1 or logic 0. (LINT-32)
   Pin 'in_B[10]' is connected to logic 0. 
Warning: In design 'fp_add_mydesign_0', a pin on submodule 'add_11_00' is connected to logic 1 or logic 0. (LINT-32)
   Pin 'in_B[9]' is connected to logic 0. 
Warning: In design 'fp_add_mydesign_0', a pin on submodule 'add_11_00' is connected to logic 1 or logic 0. (LINT-32)
   Pin 'in_B[8]' is connected to logic 0. 
Warning: In design 'fp_add_mydesign_0', a pin on submodule 'add_11_00' is connected to logic 1 or logic 0. (LINT-32)
   Pin 'in_B[7]' is connected to logic 0. 
Warning: In design 'fp_add_mydesign_0', a pin on submodule 'add_11_00' is connected to logic 1 or logic 0. (LINT-32)
   Pin 'in_B[6]' is connected to logic 0. 
Warning: In design 'fp_add_mydesign_0', a pin on submodule 'add_11_00' is connected to logic 1 or logic 0. (LINT-32)
   Pin 'in_B[5]' is connected to logic 0. 
Warning: In design 'fp_add_mydesign_0', a pin on submodule 'add_11_00' is connected to logic 1 or logic 0. (LINT-32)
   Pin 'in_B[4]' is connected to logic 0. 
Warning: In design 'fp_add_mydesign_0', a pin on submodule 'add_11_00' is connected to logic 1 or logic 0. (LINT-32)
   Pin 'in_B[3]' is connected to logic 0. 
Warning: In design 'fp_add_mydesign_0', a pin on submodule 'add_11_00' is connected to logic 1 or logic 0. (LINT-32)
   Pin 'in_B[2]' is connected to logic 0. 
Warning: In design 'fp_add_mydesign_0', a pin on submodule 'add_11_00' is connected to logic 1 or logic 0. (LINT-32)
   Pin 'in_B[1]' is connected to logic 0. 
Warning: In design 'fp_add_mydesign_0', a pin on submodule 'add_11_00' is connected to logic 1 or logic 0. (LINT-32)
   Pin 'in_B[0]' is connected to logic 1. 
Warning: In design 'fp_add_mydesign_0', a pin on submodule 'add_11_01' is connected to logic 1 or logic 0. (LINT-32)
   Pin 'in_B[10]' is connected to logic 0. 
Warning: In design 'fp_add_mydesign_0', a pin on submodule 'add_11_01' is connected to logic 1 or logic 0. (LINT-32)
   Pin 'in_B[9]' is connected to logic 0. 
Warning: In design 'fp_add_mydesign_0', a pin on submodule 'add_11_01' is connected to logic 1 or logic 0. (LINT-32)
   Pin 'in_B[8]' is connected to logic 0. 
Warning: In design 'fp_add_mydesign_0', a pin on submodule 'add_11_01' is connected to logic 1 or logic 0. (LINT-32)
   Pin 'in_B[7]' is connected to logic 0. 
Warning: In design 'fp_add_mydesign_0', a pin on submodule 'add_11_01' is connected to logic 1 or logic 0. (LINT-32)
   Pin 'in_B[6]' is connected to logic 0. 
Warning: In design 'fp_add_mydesign_0', a pin on submodule 'add_11_01' is connected to logic 1 or logic 0. (LINT-32)
   Pin 'in_B[5]' is connected to logic 0. 
Warning: In design 'fp_add_mydesign_0', a pin on submodule 'add_11_01' is connected to logic 1 or logic 0. (LINT-32)
   Pin 'in_B[4]' is connected to logic 0. 
Warning: In design 'fp_add_mydesign_0', a pin on submodule 'add_11_01' is connected to logic 1 or logic 0. (LINT-32)
   Pin 'in_B[3]' is connected to logic 0. 
Warning: In design 'fp_add_mydesign_0', a pin on submodule 'add_11_01' is connected to logic 1 or logic 0. (LINT-32)
   Pin 'in_B[2]' is connected to logic 0. 
Warning: In design 'fp_add_mydesign_0', a pin on submodule 'add_11_01' is connected to logic 1 or logic 0. (LINT-32)
   Pin 'in_B[1]' is connected to logic 1. 
Warning: In design 'fp_add_mydesign_0', a pin on submodule 'add_11_01' is connected to logic 1 or logic 0. (LINT-32)
   Pin 'in_B[0]' is connected to logic 0. 
Warning: In design 'fp_add_mydesign_0', a pin on submodule 'add_53_02' is connected to logic 1 or logic 0. (LINT-32)
   Pin 'in_B[52]' is connected to logic 0. 
Warning: In design 'fp_add_mydesign_0', a pin on submodule 'add_53_02' is connected to logic 1 or logic 0. (LINT-32)
   Pin 'in_B[51]' is connected to logic 0. 
Warning: In design 'fp_add_mydesign_0', a pin on submodule 'add_53_02' is connected to logic 1 or logic 0. (LINT-32)
   Pin 'in_B[50]' is connected to logic 0. 
Warning: In design 'fp_add_mydesign_0', a pin on submodule 'add_53_02' is connected to logic 1 or logic 0. (LINT-32)
   Pin 'in_B[49]' is connected to logic 0. 
Warning: In design 'fp_add_mydesign_0', a pin on submodule 'add_53_02' is connected to logic 1 or logic 0. (LINT-32)
   Pin 'in_B[48]' is connected to logic 0. 
Warning: In design 'fp_add_mydesign_0', a pin on submodule 'add_53_02' is connected to logic 1 or logic 0. (LINT-32)
   Pin 'in_B[47]' is connected to logic 0. 
Warning: In design 'fp_add_mydesign_0', a pin on submodule 'add_53_02' is connected to logic 1 or logic 0. (LINT-32)
   Pin 'in_B[46]' is connected to logic 0. 
Warning: In design 'fp_add_mydesign_0', a pin on submodule 'add_53_02' is connected to logic 1 or logic 0. (LINT-32)
   Pin 'in_B[45]' is connected to logic 0. 
Warning: In design 'fp_add_mydesign_0', a pin on submodule 'add_53_02' is connected to logic 1 or logic 0. (LINT-32)
   Pin 'in_B[44]' is connected to logic 0. 
Warning: In design 'fp_add_mydesign_0', a pin on submodule 'add_53_02' is connected to logic 1 or logic 0. (LINT-32)
   Pin 'in_B[43]' is connected to logic 0. 
Warning: In design 'fp_add_mydesign_0', a pin on submodule 'add_53_02' is connected to logic 1 or logic 0. (LINT-32)
   Pin 'in_B[42]' is connected to logic 0. 
Warning: In design 'fp_add_mydesign_0', a pin on submodule 'add_53_02' is connected to logic 1 or logic 0. (LINT-32)
   Pin 'in_B[41]' is connected to logic 0. 
Warning: In design 'fp_add_mydesign_0', a pin on submodule 'add_53_02' is connected to logic 1 or logic 0. (LINT-32)
   Pin 'in_B[40]' is connected to logic 0. 
Warning: In design 'fp_add_mydesign_0', a pin on submodule 'add_53_02' is connected to logic 1 or logic 0. (LINT-32)
   Pin 'in_B[39]' is connected to logic 0. 
Warning: In design 'fp_add_mydesign_0', a pin on submodule 'add_53_02' is connected to logic 1 or logic 0. (LINT-32)
   Pin 'in_B[38]' is connected to logic 0. 
Warning: In design 'fp_add_mydesign_0', a pin on submodule 'add_53_02' is connected to logic 1 or logic 0. (LINT-32)
   Pin 'in_B[37]' is connected to logic 0. 
Warning: In design 'fp_add_mydesign_0', a pin on submodule 'add_53_02' is connected to logic 1 or logic 0. (LINT-32)
   Pin 'in_B[36]' is connected to logic 0. 
Warning: In design 'fp_add_mydesign_0', a pin on submodule 'add_53_02' is connected to logic 1 or logic 0. (LINT-32)
   Pin 'in_B[35]' is connected to logic 0. 
Warning: In design 'fp_add_mydesign_0', a pin on submodule 'add_53_02' is connected to logic 1 or logic 0. (LINT-32)
   Pin 'in_B[34]' is connected to logic 0. 
Warning: In design 'fp_add_mydesign_0', a pin on submodule 'add_53_02' is connected to logic 1 or logic 0. (LINT-32)
   Pin 'in_B[33]' is connected to logic 0. 
Warning: In design 'fp_add_mydesign_0', a pin on submodule 'add_53_02' is connected to logic 1 or logic 0. (LINT-32)
   Pin 'in_B[32]' is connected to logic 0. 
Warning: In design 'fp_add_mydesign_0', a pin on submodule 'add_53_02' is connected to logic 1 or logic 0. (LINT-32)
   Pin 'in_B[31]' is connected to logic 0. 
Warning: In design 'fp_add_mydesign_0', a pin on submodule 'add_53_02' is connected to logic 1 or logic 0. (LINT-32)
   Pin 'in_B[30]' is connected to logic 0. 
Warning: In design 'fp_add_mydesign_0', a pin on submodule 'add_53_02' is connected to logic 1 or logic 0. (LINT-32)
   Pin 'in_B[29]' is connected to logic 0. 
Warning: In design 'fp_add_mydesign_0', a pin on submodule 'add_53_02' is connected to logic 1 or logic 0. (LINT-32)
   Pin 'in_B[28]' is connected to logic 0. 
Warning: In design 'fp_add_mydesign_0', a pin on submodule 'add_53_02' is connected to logic 1 or logic 0. (LINT-32)
   Pin 'in_B[27]' is connected to logic 0. 
Warning: In design 'fp_add_mydesign_0', a pin on submodule 'add_53_02' is connected to logic 1 or logic 0. (LINT-32)
   Pin 'in_B[26]' is connected to logic 0. 
Warning: In design 'fp_add_mydesign_0', a pin on submodule 'add_53_02' is connected to logic 1 or logic 0. (LINT-32)
   Pin 'in_B[25]' is connected to logic 0. 
Warning: In design 'fp_add_mydesign_0', a pin on submodule 'add_53_02' is connected to logic 1 or logic 0. (LINT-32)
   Pin 'in_B[24]' is connected to logic 0. 
Warning: In design 'fp_add_mydesign_0', a pin on submodule 'add_53_02' is connected to logic 1 or logic 0. (LINT-32)
   Pin 'in_B[23]' is connected to logic 0. 
Warning: In design 'fp_add_mydesign_0', a pin on submodule 'add_53_02' is connected to logic 1 or logic 0. (LINT-32)
   Pin 'in_B[22]' is connected to logic 0. 
Warning: In design 'fp_add_mydesign_0', a pin on submodule 'add_53_02' is connected to logic 1 or logic 0. (LINT-32)
   Pin 'in_B[21]' is connected to logic 0. 
Warning: In design 'fp_add_mydesign_0', a pin on submodule 'add_53_02' is connected to logic 1 or logic 0. (LINT-32)
   Pin 'in_B[20]' is connected to logic 0. 
Warning: In design 'fp_add_mydesign_0', a pin on submodule 'add_53_02' is connected to logic 1 or logic 0. (LINT-32)
   Pin 'in_B[19]' is connected to logic 0. 
Warning: In design 'fp_add_mydesign_0', a pin on submodule 'add_53_02' is connected to logic 1 or logic 0. (LINT-32)
   Pin 'in_B[18]' is connected to logic 0. 
Warning: In design 'fp_add_mydesign_0', a pin on submodule 'add_53_02' is connected to logic 1 or logic 0. (LINT-32)
   Pin 'in_B[17]' is connected to logic 0. 
Warning: In design 'fp_add_mydesign_0', a pin on submodule 'add_53_02' is connected to logic 1 or logic 0. (LINT-32)
   Pin 'in_B[16]' is connected to logic 0. 
Warning: In design 'fp_add_mydesign_0', a pin on submodule 'add_53_02' is connected to logic 1 or logic 0. (LINT-32)
   Pin 'in_B[15]' is connected to logic 0. 
Warning: In design 'fp_add_mydesign_0', a pin on submodule 'add_53_02' is connected to logic 1 or logic 0. (LINT-32)
   Pin 'in_B[14]' is connected to logic 0. 
Warning: In design 'fp_add_mydesign_0', a pin on submodule 'add_53_02' is connected to logic 1 or logic 0. (LINT-32)
   Pin 'in_B[13]' is connected to logic 0. 
Warning: In design 'fp_add_mydesign_0', a pin on submodule 'add_53_02' is connected to logic 1 or logic 0. (LINT-32)
   Pin 'in_B[12]' is connected to logic 0. 
Warning: In design 'fp_add_mydesign_0', a pin on submodule 'add_53_02' is connected to logic 1 or logic 0. (LINT-32)
   Pin 'in_B[11]' is connected to logic 0. 
Warning: In design 'fp_add_mydesign_0', a pin on submodule 'add_53_02' is connected to logic 1 or logic 0. (LINT-32)
   Pin 'in_B[10]' is connected to logic 0. 
Warning: In design 'fp_add_mydesign_0', a pin on submodule 'add_53_02' is connected to logic 1 or logic 0. (LINT-32)
   Pin 'in_B[9]' is connected to logic 0. 
Warning: In design 'fp_add_mydesign_0', a pin on submodule 'add_53_02' is connected to logic 1 or logic 0. (LINT-32)
   Pin 'in_B[8]' is connected to logic 0. 
Warning: In design 'fp_add_mydesign_0', a pin on submodule 'add_53_02' is connected to logic 1 or logic 0. (LINT-32)
   Pin 'in_B[7]' is connected to logic 0. 
Warning: In design 'fp_add_mydesign_0', a pin on submodule 'add_53_02' is connected to logic 1 or logic 0. (LINT-32)
   Pin 'in_B[6]' is connected to logic 0. 
Warning: In design 'fp_add_mydesign_0', a pin on submodule 'add_53_02' is connected to logic 1 or logic 0. (LINT-32)
   Pin 'in_B[5]' is connected to logic 0. 
Warning: In design 'fp_add_mydesign_0', a pin on submodule 'add_53_02' is connected to logic 1 or logic 0. (LINT-32)
   Pin 'in_B[4]' is connected to logic 0. 
Warning: In design 'fp_add_mydesign_0', a pin on submodule 'add_53_02' is connected to logic 1 or logic 0. (LINT-32)
   Pin 'in_B[3]' is connected to logic 0. 
Warning: In design 'fp_add_mydesign_0', a pin on submodule 'add_53_02' is connected to logic 1 or logic 0. (LINT-32)
   Pin 'in_B[2]' is connected to logic 0. 
Warning: In design 'fp_add_mydesign_0', a pin on submodule 'add_53_02' is connected to logic 1 or logic 0. (LINT-32)
   Pin 'in_B[1]' is connected to logic 0. 
Warning: In design 'fp_add_mydesign_0', a pin on submodule 'add_53_02' is connected to logic 1 or logic 0. (LINT-32)
   Pin 'in_B[0]' is connected to logic 1. 
Warning: In design 'fp_add_mydesign_0', a pin on submodule 'LOD_02' is connected to logic 1 or logic 0. (LINT-32)
   Pin 'A[10]' is connected to logic 0. 
Warning: In design 'fp_add_mydesign_0', a pin on submodule 'LOD_02' is connected to logic 1 or logic 0. (LINT-32)
   Pin 'A[9]' is connected to logic 0. 
Warning: In design 'fp_add_mydesign_0', a pin on submodule 'LOD_02' is connected to logic 1 or logic 0. (LINT-32)
   Pin 'A[8]' is connected to logic 0. 
Warning: In design 'fp_add_mydesign_0', a pin on submodule 'LOD_02' is connected to logic 1 or logic 0. (LINT-32)
   Pin 'A[7]' is connected to logic 0. 
Warning: In design 'fp_add_mydesign_0', a pin on submodule 'LOD_02' is connected to logic 1 or logic 0. (LINT-32)
   Pin 'A[6]' is connected to logic 0. 
Warning: In design 'fp_add_mydesign_0', a pin on submodule 'LOD_02' is connected to logic 1 or logic 0. (LINT-32)
   Pin 'A[5]' is connected to logic 0. 
Warning: In design 'fp_add_mydesign_0', a pin on submodule 'LOD_02' is connected to logic 1 or logic 0. (LINT-32)
   Pin 'A[4]' is connected to logic 0. 
Warning: In design 'fp_add_mydesign_0', a pin on submodule 'LOD_02' is connected to logic 1 or logic 0. (LINT-32)
   Pin 'A[3]' is connected to logic 0. 
Warning: In design 'fp_add_mydesign_0', a pin on submodule 'LOD_02' is connected to logic 1 or logic 0. (LINT-32)
   Pin 'A[2]' is connected to logic 0. 
Warning: In design 'fp_add_mydesign_0', a pin on submodule 'LOD_02' is connected to logic 1 or logic 0. (LINT-32)
   Pin 'A[1]' is connected to logic 0. 
Warning: In design 'fp_add_mydesign_0', a pin on submodule 'LOD_02' is connected to logic 1 or logic 0. (LINT-32)
   Pin 'A[0]' is connected to logic 0. 
Warning: In design 'fp_add_mydesign_1', a pin on submodule 'sub_12_00' is connected to logic 1 or logic 0. (LINT-32)
   Pin 'in_A[11]' is connected to logic 0. 
Warning: In design 'fp_add_mydesign_1', a pin on submodule 'sub_12_00' is connected to logic 1 or logic 0. (LINT-32)
   Pin 'in_B[11]' is connected to logic 0. 
Warning: In design 'fp_add_mydesign_1', a pin on submodule 'sub_12_01' is connected to logic 1 or logic 0. (LINT-32)
   Pin 'in_A[11]' is connected to logic 0. 
Warning: In design 'fp_add_mydesign_1', a pin on submodule 'sub_12_01' is connected to logic 1 or logic 0. (LINT-32)
   Pin 'in_B[11]' is connected to logic 0. 
Warning: In design 'fp_add_mydesign_1', a pin on submodule 'add_58_00' is connected to logic 1 or logic 0. (LINT-32)
   Pin 'in_B[57]' is connected to logic 0. 
Warning: In design 'fp_add_mydesign_1', a pin on submodule 'add_58_00' is connected to logic 1 or logic 0. (LINT-32)
   Pin 'in_B[56]' is connected to logic 0. 
Warning: In design 'fp_add_mydesign_1', a pin on submodule 'sub_58_00' is connected to logic 1 or logic 0. (LINT-32)
   Pin 'in_A[57]' is connected to logic 0. 
Warning: In design 'fp_add_mydesign_1', a pin on submodule 'sub_58_00' is connected to logic 1 or logic 0. (LINT-32)
   Pin 'in_A[56]' is connected to logic 0. 
Warning: In design 'fp_add_mydesign_1', a pin on submodule 'sub_58_00' is connected to logic 1 or logic 0. (LINT-32)
   Pin 'in_B[57]' is connected to logic 0. 
Warning: In design 'fp_add_mydesign_1', a pin on submodule 'sub_58_00' is connected to logic 1 or logic 0. (LINT-32)
   Pin 'in_B[56]' is connected to logic 0. 
Warning: In design 'fp_add_mydesign_1', a pin on submodule 'add_11_00' is connected to logic 1 or logic 0. (LINT-32)
   Pin 'in_B[10]' is connected to logic 0. 
Warning: In design 'fp_add_mydesign_1', a pin on submodule 'add_11_00' is connected to logic 1 or logic 0. (LINT-32)
   Pin 'in_B[9]' is connected to logic 0. 
Warning: In design 'fp_add_mydesign_1', a pin on submodule 'add_11_00' is connected to logic 1 or logic 0. (LINT-32)
   Pin 'in_B[8]' is connected to logic 0. 
Warning: In design 'fp_add_mydesign_1', a pin on submodule 'add_11_00' is connected to logic 1 or logic 0. (LINT-32)
   Pin 'in_B[7]' is connected to logic 0. 
Warning: In design 'fp_add_mydesign_1', a pin on submodule 'add_11_00' is connected to logic 1 or logic 0. (LINT-32)
   Pin 'in_B[6]' is connected to logic 0. 
Warning: In design 'fp_add_mydesign_1', a pin on submodule 'add_11_00' is connected to logic 1 or logic 0. (LINT-32)
   Pin 'in_B[5]' is connected to logic 0. 
Warning: In design 'fp_add_mydesign_1', a pin on submodule 'add_11_00' is connected to logic 1 or logic 0. (LINT-32)
   Pin 'in_B[4]' is connected to logic 0. 
Warning: In design 'fp_add_mydesign_1', a pin on submodule 'add_11_00' is connected to logic 1 or logic 0. (LINT-32)
   Pin 'in_B[3]' is connected to logic 0. 
Warning: In design 'fp_add_mydesign_1', a pin on submodule 'add_11_00' is connected to logic 1 or logic 0. (LINT-32)
   Pin 'in_B[2]' is connected to logic 0. 
Warning: In design 'fp_add_mydesign_1', a pin on submodule 'add_11_00' is connected to logic 1 or logic 0. (LINT-32)
   Pin 'in_B[1]' is connected to logic 0. 
Warning: In design 'fp_add_mydesign_1', a pin on submodule 'add_11_00' is connected to logic 1 or logic 0. (LINT-32)
   Pin 'in_B[0]' is connected to logic 1. 
Warning: In design 'fp_add_mydesign_1', a pin on submodule 'add_11_01' is connected to logic 1 or logic 0. (LINT-32)
   Pin 'in_B[10]' is connected to logic 0. 
Warning: In design 'fp_add_mydesign_1', a pin on submodule 'add_11_01' is connected to logic 1 or logic 0. (LINT-32)
   Pin 'in_B[9]' is connected to logic 0. 
Warning: In design 'fp_add_mydesign_1', a pin on submodule 'add_11_01' is connected to logic 1 or logic 0. (LINT-32)
   Pin 'in_B[8]' is connected to logic 0. 
Warning: In design 'fp_add_mydesign_1', a pin on submodule 'add_11_01' is connected to logic 1 or logic 0. (LINT-32)
   Pin 'in_B[7]' is connected to logic 0. 
Warning: In design 'fp_add_mydesign_1', a pin on submodule 'add_11_01' is connected to logic 1 or logic 0. (LINT-32)
   Pin 'in_B[6]' is connected to logic 0. 
Warning: In design 'fp_add_mydesign_1', a pin on submodule 'add_11_01' is connected to logic 1 or logic 0. (LINT-32)
   Pin 'in_B[5]' is connected to logic 0. 
Warning: In design 'fp_add_mydesign_1', a pin on submodule 'add_11_01' is connected to logic 1 or logic 0. (LINT-32)
   Pin 'in_B[4]' is connected to logic 0. 
Warning: In design 'fp_add_mydesign_1', a pin on submodule 'add_11_01' is connected to logic 1 or logic 0. (LINT-32)
   Pin 'in_B[3]' is connected to logic 0. 
Warning: In design 'fp_add_mydesign_1', a pin on submodule 'add_11_01' is connected to logic 1 or logic 0. (LINT-32)
   Pin 'in_B[2]' is connected to logic 0. 
Warning: In design 'fp_add_mydesign_1', a pin on submodule 'add_11_01' is connected to logic 1 or logic 0. (LINT-32)
   Pin 'in_B[1]' is connected to logic 1. 
Warning: In design 'fp_add_mydesign_1', a pin on submodule 'add_11_01' is connected to logic 1 or logic 0. (LINT-32)
   Pin 'in_B[0]' is connected to logic 0. 
Warning: In design 'fp_add_mydesign_1', a pin on submodule 'add_53_02' is connected to logic 1 or logic 0. (LINT-32)
   Pin 'in_B[52]' is connected to logic 0. 
Warning: In design 'fp_add_mydesign_1', a pin on submodule 'add_53_02' is connected to logic 1 or logic 0. (LINT-32)
   Pin 'in_B[51]' is connected to logic 0. 
Warning: In design 'fp_add_mydesign_1', a pin on submodule 'add_53_02' is connected to logic 1 or logic 0. (LINT-32)
   Pin 'in_B[50]' is connected to logic 0. 
Warning: In design 'fp_add_mydesign_1', a pin on submodule 'add_53_02' is connected to logic 1 or logic 0. (LINT-32)
   Pin 'in_B[49]' is connected to logic 0. 
Warning: In design 'fp_add_mydesign_1', a pin on submodule 'add_53_02' is connected to logic 1 or logic 0. (LINT-32)
   Pin 'in_B[48]' is connected to logic 0. 
Warning: In design 'fp_add_mydesign_1', a pin on submodule 'add_53_02' is connected to logic 1 or logic 0. (LINT-32)
   Pin 'in_B[47]' is connected to logic 0. 
Warning: In design 'fp_add_mydesign_1', a pin on submodule 'add_53_02' is connected to logic 1 or logic 0. (LINT-32)
   Pin 'in_B[46]' is connected to logic 0. 
Warning: In design 'fp_add_mydesign_1', a pin on submodule 'add_53_02' is connected to logic 1 or logic 0. (LINT-32)
   Pin 'in_B[45]' is connected to logic 0. 
Warning: In design 'fp_add_mydesign_1', a pin on submodule 'add_53_02' is connected to logic 1 or logic 0. (LINT-32)
   Pin 'in_B[44]' is connected to logic 0. 
Warning: In design 'fp_add_mydesign_1', a pin on submodule 'add_53_02' is connected to logic 1 or logic 0. (LINT-32)
   Pin 'in_B[43]' is connected to logic 0. 
Warning: In design 'fp_add_mydesign_1', a pin on submodule 'add_53_02' is connected to logic 1 or logic 0. (LINT-32)
   Pin 'in_B[42]' is connected to logic 0. 
Warning: In design 'fp_add_mydesign_1', a pin on submodule 'add_53_02' is connected to logic 1 or logic 0. (LINT-32)
   Pin 'in_B[41]' is connected to logic 0. 
Warning: In design 'fp_add_mydesign_1', a pin on submodule 'add_53_02' is connected to logic 1 or logic 0. (LINT-32)
   Pin 'in_B[40]' is connected to logic 0. 
Warning: In design 'fp_add_mydesign_1', a pin on submodule 'add_53_02' is connected to logic 1 or logic 0. (LINT-32)
   Pin 'in_B[39]' is connected to logic 0. 
Warning: In design 'fp_add_mydesign_1', a pin on submodule 'add_53_02' is connected to logic 1 or logic 0. (LINT-32)
   Pin 'in_B[38]' is connected to logic 0. 
Warning: In design 'fp_add_mydesign_1', a pin on submodule 'add_53_02' is connected to logic 1 or logic 0. (LINT-32)
   Pin 'in_B[37]' is connected to logic 0. 
Warning: In design 'fp_add_mydesign_1', a pin on submodule 'add_53_02' is connected to logic 1 or logic 0. (LINT-32)
   Pin 'in_B[36]' is connected to logic 0. 
Warning: In design 'fp_add_mydesign_1', a pin on submodule 'add_53_02' is connected to logic 1 or logic 0. (LINT-32)
   Pin 'in_B[35]' is connected to logic 0. 
Warning: In design 'fp_add_mydesign_1', a pin on submodule 'add_53_02' is connected to logic 1 or logic 0. (LINT-32)
   Pin 'in_B[34]' is connected to logic 0. 
Warning: In design 'fp_add_mydesign_1', a pin on submodule 'add_53_02' is connected to logic 1 or logic 0. (LINT-32)
   Pin 'in_B[33]' is connected to logic 0. 
Warning: In design 'fp_add_mydesign_1', a pin on submodule 'add_53_02' is connected to logic 1 or logic 0. (LINT-32)
   Pin 'in_B[32]' is connected to logic 0. 
Warning: In design 'fp_add_mydesign_1', a pin on submodule 'add_53_02' is connected to logic 1 or logic 0. (LINT-32)
   Pin 'in_B[31]' is connected to logic 0. 
Warning: In design 'fp_add_mydesign_1', a pin on submodule 'add_53_02' is connected to logic 1 or logic 0. (LINT-32)
   Pin 'in_B[30]' is connected to logic 0. 
Warning: In design 'fp_add_mydesign_1', a pin on submodule 'add_53_02' is connected to logic 1 or logic 0. (LINT-32)
   Pin 'in_B[29]' is connected to logic 0. 
Warning: In design 'fp_add_mydesign_1', a pin on submodule 'add_53_02' is connected to logic 1 or logic 0. (LINT-32)
   Pin 'in_B[28]' is connected to logic 0. 
Warning: In design 'fp_add_mydesign_1', a pin on submodule 'add_53_02' is connected to logic 1 or logic 0. (LINT-32)
   Pin 'in_B[27]' is connected to logic 0. 
Warning: In design 'fp_add_mydesign_1', a pin on submodule 'add_53_02' is connected to logic 1 or logic 0. (LINT-32)
   Pin 'in_B[26]' is connected to logic 0. 
Warning: In design 'fp_add_mydesign_1', a pin on submodule 'add_53_02' is connected to logic 1 or logic 0. (LINT-32)
   Pin 'in_B[25]' is connected to logic 0. 
Warning: In design 'fp_add_mydesign_1', a pin on submodule 'add_53_02' is connected to logic 1 or logic 0. (LINT-32)
   Pin 'in_B[24]' is connected to logic 0. 
Warning: In design 'fp_add_mydesign_1', a pin on submodule 'add_53_02' is connected to logic 1 or logic 0. (LINT-32)
   Pin 'in_B[23]' is connected to logic 0. 
Warning: In design 'fp_add_mydesign_1', a pin on submodule 'add_53_02' is connected to logic 1 or logic 0. (LINT-32)
   Pin 'in_B[22]' is connected to logic 0. 
Warning: In design 'fp_add_mydesign_1', a pin on submodule 'add_53_02' is connected to logic 1 or logic 0. (LINT-32)
   Pin 'in_B[21]' is connected to logic 0. 
Warning: In design 'fp_add_mydesign_1', a pin on submodule 'add_53_02' is connected to logic 1 or logic 0. (LINT-32)
   Pin 'in_B[20]' is connected to logic 0. 
Warning: In design 'fp_add_mydesign_1', a pin on submodule 'add_53_02' is connected to logic 1 or logic 0. (LINT-32)
   Pin 'in_B[19]' is connected to logic 0. 
Warning: In design 'fp_add_mydesign_1', a pin on submodule 'add_53_02' is connected to logic 1 or logic 0. (LINT-32)
   Pin 'in_B[18]' is connected to logic 0. 
Warning: In design 'fp_add_mydesign_1', a pin on submodule 'add_53_02' is connected to logic 1 or logic 0. (LINT-32)
   Pin 'in_B[17]' is connected to logic 0. 
Warning: In design 'fp_add_mydesign_1', a pin on submodule 'add_53_02' is connected to logic 1 or logic 0. (LINT-32)
   Pin 'in_B[16]' is connected to logic 0. 
Warning: In design 'fp_add_mydesign_1', a pin on submodule 'add_53_02' is connected to logic 1 or logic 0. (LINT-32)
   Pin 'in_B[15]' is connected to logic 0. 
Warning: In design 'fp_add_mydesign_1', a pin on submodule 'add_53_02' is connected to logic 1 or logic 0. (LINT-32)
   Pin 'in_B[14]' is connected to logic 0. 
Warning: In design 'fp_add_mydesign_1', a pin on submodule 'add_53_02' is connected to logic 1 or logic 0. (LINT-32)
   Pin 'in_B[13]' is connected to logic 0. 
Warning: In design 'fp_add_mydesign_1', a pin on submodule 'add_53_02' is connected to logic 1 or logic 0. (LINT-32)
   Pin 'in_B[12]' is connected to logic 0. 
Warning: In design 'fp_add_mydesign_1', a pin on submodule 'add_53_02' is connected to logic 1 or logic 0. (LINT-32)
   Pin 'in_B[11]' is connected to logic 0. 
Warning: In design 'fp_add_mydesign_1', a pin on submodule 'add_53_02' is connected to logic 1 or logic 0. (LINT-32)
   Pin 'in_B[10]' is connected to logic 0. 
Warning: In design 'fp_add_mydesign_1', a pin on submodule 'add_53_02' is connected to logic 1 or logic 0. (LINT-32)
   Pin 'in_B[9]' is connected to logic 0. 
Warning: In design 'fp_add_mydesign_1', a pin on submodule 'add_53_02' is connected to logic 1 or logic 0. (LINT-32)
   Pin 'in_B[8]' is connected to logic 0. 
Warning: In design 'fp_add_mydesign_1', a pin on submodule 'add_53_02' is connected to logic 1 or logic 0. (LINT-32)
   Pin 'in_B[7]' is connected to logic 0. 
Warning: In design 'fp_add_mydesign_1', a pin on submodule 'add_53_02' is connected to logic 1 or logic 0. (LINT-32)
   Pin 'in_B[6]' is connected to logic 0. 
Warning: In design 'fp_add_mydesign_1', a pin on submodule 'add_53_02' is connected to logic 1 or logic 0. (LINT-32)
   Pin 'in_B[5]' is connected to logic 0. 
Warning: In design 'fp_add_mydesign_1', a pin on submodule 'add_53_02' is connected to logic 1 or logic 0. (LINT-32)
   Pin 'in_B[4]' is connected to logic 0. 
Warning: In design 'fp_add_mydesign_1', a pin on submodule 'add_53_02' is connected to logic 1 or logic 0. (LINT-32)
   Pin 'in_B[3]' is connected to logic 0. 
Warning: In design 'fp_add_mydesign_1', a pin on submodule 'add_53_02' is connected to logic 1 or logic 0. (LINT-32)
   Pin 'in_B[2]' is connected to logic 0. 
Warning: In design 'fp_add_mydesign_1', a pin on submodule 'add_53_02' is connected to logic 1 or logic 0. (LINT-32)
   Pin 'in_B[1]' is connected to logic 0. 
Warning: In design 'fp_add_mydesign_1', a pin on submodule 'add_53_02' is connected to logic 1 or logic 0. (LINT-32)
   Pin 'in_B[0]' is connected to logic 1. 
Warning: In design 'fp_add_mydesign_1', a pin on submodule 'LOD_02' is connected to logic 1 or logic 0. (LINT-32)
   Pin 'A[10]' is connected to logic 0. 
Warning: In design 'fp_add_mydesign_1', a pin on submodule 'LOD_02' is connected to logic 1 or logic 0. (LINT-32)
   Pin 'A[9]' is connected to logic 0. 
Warning: In design 'fp_add_mydesign_1', a pin on submodule 'LOD_02' is connected to logic 1 or logic 0. (LINT-32)
   Pin 'A[8]' is connected to logic 0. 
Warning: In design 'fp_add_mydesign_1', a pin on submodule 'LOD_02' is connected to logic 1 or logic 0. (LINT-32)
   Pin 'A[7]' is connected to logic 0. 
Warning: In design 'fp_add_mydesign_1', a pin on submodule 'LOD_02' is connected to logic 1 or logic 0. (LINT-32)
   Pin 'A[6]' is connected to logic 0. 
Warning: In design 'fp_add_mydesign_1', a pin on submodule 'LOD_02' is connected to logic 1 or logic 0. (LINT-32)
   Pin 'A[5]' is connected to logic 0. 
Warning: In design 'fp_add_mydesign_1', a pin on submodule 'LOD_02' is connected to logic 1 or logic 0. (LINT-32)
   Pin 'A[4]' is connected to logic 0. 
Warning: In design 'fp_add_mydesign_1', a pin on submodule 'LOD_02' is connected to logic 1 or logic 0. (LINT-32)
   Pin 'A[3]' is connected to logic 0. 
Warning: In design 'fp_add_mydesign_1', a pin on submodule 'LOD_02' is connected to logic 1 or logic 0. (LINT-32)
   Pin 'A[2]' is connected to logic 0. 
Warning: In design 'fp_add_mydesign_1', a pin on submodule 'LOD_02' is connected to logic 1 or logic 0. (LINT-32)
   Pin 'A[1]' is connected to logic 0. 
Warning: In design 'fp_add_mydesign_1', a pin on submodule 'LOD_02' is connected to logic 1 or logic 0. (LINT-32)
   Pin 'A[0]' is connected to logic 0. 
Warning: In design 'fp_add_mydesign_2', a pin on submodule 'sub_12_00' is connected to logic 1 or logic 0. (LINT-32)
   Pin 'in_A[11]' is connected to logic 0. 
Warning: In design 'fp_add_mydesign_2', a pin on submodule 'sub_12_00' is connected to logic 1 or logic 0. (LINT-32)
   Pin 'in_B[11]' is connected to logic 0. 
Warning: In design 'fp_add_mydesign_2', a pin on submodule 'sub_12_01' is connected to logic 1 or logic 0. (LINT-32)
   Pin 'in_A[11]' is connected to logic 0. 
Warning: In design 'fp_add_mydesign_2', a pin on submodule 'sub_12_01' is connected to logic 1 or logic 0. (LINT-32)
   Pin 'in_B[11]' is connected to logic 0. 
Warning: In design 'fp_add_mydesign_2', a pin on submodule 'add_58_00' is connected to logic 1 or logic 0. (LINT-32)
   Pin 'in_B[57]' is connected to logic 0. 
Warning: In design 'fp_add_mydesign_2', a pin on submodule 'add_58_00' is connected to logic 1 or logic 0. (LINT-32)
   Pin 'in_B[56]' is connected to logic 0. 
Warning: In design 'fp_add_mydesign_2', a pin on submodule 'sub_58_00' is connected to logic 1 or logic 0. (LINT-32)
   Pin 'in_A[57]' is connected to logic 0. 
Warning: In design 'fp_add_mydesign_2', a pin on submodule 'sub_58_00' is connected to logic 1 or logic 0. (LINT-32)
   Pin 'in_A[56]' is connected to logic 0. 
Warning: In design 'fp_add_mydesign_2', a pin on submodule 'sub_58_00' is connected to logic 1 or logic 0. (LINT-32)
   Pin 'in_B[57]' is connected to logic 0. 
Warning: In design 'fp_add_mydesign_2', a pin on submodule 'sub_58_00' is connected to logic 1 or logic 0. (LINT-32)
   Pin 'in_B[56]' is connected to logic 0. 
Warning: In design 'fp_add_mydesign_2', a pin on submodule 'add_11_00' is connected to logic 1 or logic 0. (LINT-32)
   Pin 'in_B[10]' is connected to logic 0. 
Warning: In design 'fp_add_mydesign_2', a pin on submodule 'add_11_00' is connected to logic 1 or logic 0. (LINT-32)
   Pin 'in_B[9]' is connected to logic 0. 
Warning: In design 'fp_add_mydesign_2', a pin on submodule 'add_11_00' is connected to logic 1 or logic 0. (LINT-32)
   Pin 'in_B[8]' is connected to logic 0. 
Warning: In design 'fp_add_mydesign_2', a pin on submodule 'add_11_00' is connected to logic 1 or logic 0. (LINT-32)
   Pin 'in_B[7]' is connected to logic 0. 
Warning: In design 'fp_add_mydesign_2', a pin on submodule 'add_11_00' is connected to logic 1 or logic 0. (LINT-32)
   Pin 'in_B[6]' is connected to logic 0. 
Warning: In design 'fp_add_mydesign_2', a pin on submodule 'add_11_00' is connected to logic 1 or logic 0. (LINT-32)
   Pin 'in_B[5]' is connected to logic 0. 
Warning: In design 'fp_add_mydesign_2', a pin on submodule 'add_11_00' is connected to logic 1 or logic 0. (LINT-32)
   Pin 'in_B[4]' is connected to logic 0. 
Warning: In design 'fp_add_mydesign_2', a pin on submodule 'add_11_00' is connected to logic 1 or logic 0. (LINT-32)
   Pin 'in_B[3]' is connected to logic 0. 
Warning: In design 'fp_add_mydesign_2', a pin on submodule 'add_11_00' is connected to logic 1 or logic 0. (LINT-32)
   Pin 'in_B[2]' is connected to logic 0. 
Warning: In design 'fp_add_mydesign_2', a pin on submodule 'add_11_00' is connected to logic 1 or logic 0. (LINT-32)
   Pin 'in_B[1]' is connected to logic 0. 
Warning: In design 'fp_add_mydesign_2', a pin on submodule 'add_11_00' is connected to logic 1 or logic 0. (LINT-32)
   Pin 'in_B[0]' is connected to logic 1. 
Warning: In design 'fp_add_mydesign_2', a pin on submodule 'add_11_01' is connected to logic 1 or logic 0. (LINT-32)
   Pin 'in_B[10]' is connected to logic 0. 
Warning: In design 'fp_add_mydesign_2', a pin on submodule 'add_11_01' is connected to logic 1 or logic 0. (LINT-32)
   Pin 'in_B[9]' is connected to logic 0. 
Warning: In design 'fp_add_mydesign_2', a pin on submodule 'add_11_01' is connected to logic 1 or logic 0. (LINT-32)
   Pin 'in_B[8]' is connected to logic 0. 
Warning: In design 'fp_add_mydesign_2', a pin on submodule 'add_11_01' is connected to logic 1 or logic 0. (LINT-32)
   Pin 'in_B[7]' is connected to logic 0. 
Warning: In design 'fp_add_mydesign_2', a pin on submodule 'add_11_01' is connected to logic 1 or logic 0. (LINT-32)
   Pin 'in_B[6]' is connected to logic 0. 
Warning: In design 'fp_add_mydesign_2', a pin on submodule 'add_11_01' is connected to logic 1 or logic 0. (LINT-32)
   Pin 'in_B[5]' is connected to logic 0. 
Warning: In design 'fp_add_mydesign_2', a pin on submodule 'add_11_01' is connected to logic 1 or logic 0. (LINT-32)
   Pin 'in_B[4]' is connected to logic 0. 
Warning: In design 'fp_add_mydesign_2', a pin on submodule 'add_11_01' is connected to logic 1 or logic 0. (LINT-32)
   Pin 'in_B[3]' is connected to logic 0. 
Warning: In design 'fp_add_mydesign_2', a pin on submodule 'add_11_01' is connected to logic 1 or logic 0. (LINT-32)
   Pin 'in_B[2]' is connected to logic 0. 
Warning: In design 'fp_add_mydesign_2', a pin on submodule 'add_11_01' is connected to logic 1 or logic 0. (LINT-32)
   Pin 'in_B[1]' is connected to logic 1. 
Warning: In design 'fp_add_mydesign_2', a pin on submodule 'add_11_01' is connected to logic 1 or logic 0. (LINT-32)
   Pin 'in_B[0]' is connected to logic 0. 
Warning: In design 'fp_add_mydesign_2', a pin on submodule 'add_53_02' is connected to logic 1 or logic 0. (LINT-32)
   Pin 'in_B[52]' is connected to logic 0. 
Warning: In design 'fp_add_mydesign_2', a pin on submodule 'add_53_02' is connected to logic 1 or logic 0. (LINT-32)
   Pin 'in_B[51]' is connected to logic 0. 
Warning: In design 'fp_add_mydesign_2', a pin on submodule 'add_53_02' is connected to logic 1 or logic 0. (LINT-32)
   Pin 'in_B[50]' is connected to logic 0. 
Warning: In design 'fp_add_mydesign_2', a pin on submodule 'add_53_02' is connected to logic 1 or logic 0. (LINT-32)
   Pin 'in_B[49]' is connected to logic 0. 
Warning: In design 'fp_add_mydesign_2', a pin on submodule 'add_53_02' is connected to logic 1 or logic 0. (LINT-32)
   Pin 'in_B[48]' is connected to logic 0. 
Warning: In design 'fp_add_mydesign_2', a pin on submodule 'add_53_02' is connected to logic 1 or logic 0. (LINT-32)
   Pin 'in_B[47]' is connected to logic 0. 
Warning: In design 'fp_add_mydesign_2', a pin on submodule 'add_53_02' is connected to logic 1 or logic 0. (LINT-32)
   Pin 'in_B[46]' is connected to logic 0. 
Warning: In design 'fp_add_mydesign_2', a pin on submodule 'add_53_02' is connected to logic 1 or logic 0. (LINT-32)
   Pin 'in_B[45]' is connected to logic 0. 
Warning: In design 'fp_add_mydesign_2', a pin on submodule 'add_53_02' is connected to logic 1 or logic 0. (LINT-32)
   Pin 'in_B[44]' is connected to logic 0. 
Warning: In design 'fp_add_mydesign_2', a pin on submodule 'add_53_02' is connected to logic 1 or logic 0. (LINT-32)
   Pin 'in_B[43]' is connected to logic 0. 
Warning: In design 'fp_add_mydesign_2', a pin on submodule 'add_53_02' is connected to logic 1 or logic 0. (LINT-32)
   Pin 'in_B[42]' is connected to logic 0. 
Warning: In design 'fp_add_mydesign_2', a pin on submodule 'add_53_02' is connected to logic 1 or logic 0. (LINT-32)
   Pin 'in_B[41]' is connected to logic 0. 
Warning: In design 'fp_add_mydesign_2', a pin on submodule 'add_53_02' is connected to logic 1 or logic 0. (LINT-32)
   Pin 'in_B[40]' is connected to logic 0. 
Warning: In design 'fp_add_mydesign_2', a pin on submodule 'add_53_02' is connected to logic 1 or logic 0. (LINT-32)
   Pin 'in_B[39]' is connected to logic 0. 
Warning: In design 'fp_add_mydesign_2', a pin on submodule 'add_53_02' is connected to logic 1 or logic 0. (LINT-32)
   Pin 'in_B[38]' is connected to logic 0. 
Warning: In design 'fp_add_mydesign_2', a pin on submodule 'add_53_02' is connected to logic 1 or logic 0. (LINT-32)
   Pin 'in_B[37]' is connected to logic 0. 
Warning: In design 'fp_add_mydesign_2', a pin on submodule 'add_53_02' is connected to logic 1 or logic 0. (LINT-32)
   Pin 'in_B[36]' is connected to logic 0. 
Warning: In design 'fp_add_mydesign_2', a pin on submodule 'add_53_02' is connected to logic 1 or logic 0. (LINT-32)
   Pin 'in_B[35]' is connected to logic 0. 
Warning: In design 'fp_add_mydesign_2', a pin on submodule 'add_53_02' is connected to logic 1 or logic 0. (LINT-32)
   Pin 'in_B[34]' is connected to logic 0. 
Warning: In design 'fp_add_mydesign_2', a pin on submodule 'add_53_02' is connected to logic 1 or logic 0. (LINT-32)
   Pin 'in_B[33]' is connected to logic 0. 
Warning: In design 'fp_add_mydesign_2', a pin on submodule 'add_53_02' is connected to logic 1 or logic 0. (LINT-32)
   Pin 'in_B[32]' is connected to logic 0. 
Warning: In design 'fp_add_mydesign_2', a pin on submodule 'add_53_02' is connected to logic 1 or logic 0. (LINT-32)
   Pin 'in_B[31]' is connected to logic 0. 
Warning: In design 'fp_add_mydesign_2', a pin on submodule 'add_53_02' is connected to logic 1 or logic 0. (LINT-32)
   Pin 'in_B[30]' is connected to logic 0. 
Warning: In design 'fp_add_mydesign_2', a pin on submodule 'add_53_02' is connected to logic 1 or logic 0. (LINT-32)
   Pin 'in_B[29]' is connected to logic 0. 
Warning: In design 'fp_add_mydesign_2', a pin on submodule 'add_53_02' is connected to logic 1 or logic 0. (LINT-32)
   Pin 'in_B[28]' is connected to logic 0. 
Warning: In design 'fp_add_mydesign_2', a pin on submodule 'add_53_02' is connected to logic 1 or logic 0. (LINT-32)
   Pin 'in_B[27]' is connected to logic 0. 
Warning: In design 'fp_add_mydesign_2', a pin on submodule 'add_53_02' is connected to logic 1 or logic 0. (LINT-32)
   Pin 'in_B[26]' is connected to logic 0. 
Warning: In design 'fp_add_mydesign_2', a pin on submodule 'add_53_02' is connected to logic 1 or logic 0. (LINT-32)
   Pin 'in_B[25]' is connected to logic 0. 
Warning: In design 'fp_add_mydesign_2', a pin on submodule 'add_53_02' is connected to logic 1 or logic 0. (LINT-32)
   Pin 'in_B[24]' is connected to logic 0. 
Warning: In design 'fp_add_mydesign_2', a pin on submodule 'add_53_02' is connected to logic 1 or logic 0. (LINT-32)
   Pin 'in_B[23]' is connected to logic 0. 
Warning: In design 'fp_add_mydesign_2', a pin on submodule 'add_53_02' is connected to logic 1 or logic 0. (LINT-32)
   Pin 'in_B[22]' is connected to logic 0. 
Warning: In design 'fp_add_mydesign_2', a pin on submodule 'add_53_02' is connected to logic 1 or logic 0. (LINT-32)
   Pin 'in_B[21]' is connected to logic 0. 
Warning: In design 'fp_add_mydesign_2', a pin on submodule 'add_53_02' is connected to logic 1 or logic 0. (LINT-32)
   Pin 'in_B[20]' is connected to logic 0. 
Warning: In design 'fp_add_mydesign_2', a pin on submodule 'add_53_02' is connected to logic 1 or logic 0. (LINT-32)
   Pin 'in_B[19]' is connected to logic 0. 
Warning: In design 'fp_add_mydesign_2', a pin on submodule 'add_53_02' is connected to logic 1 or logic 0. (LINT-32)
   Pin 'in_B[18]' is connected to logic 0. 
Warning: In design 'fp_add_mydesign_2', a pin on submodule 'add_53_02' is connected to logic 1 or logic 0. (LINT-32)
   Pin 'in_B[17]' is connected to logic 0. 
Warning: In design 'fp_add_mydesign_2', a pin on submodule 'add_53_02' is connected to logic 1 or logic 0. (LINT-32)
   Pin 'in_B[16]' is connected to logic 0. 
Warning: In design 'fp_add_mydesign_2', a pin on submodule 'add_53_02' is connected to logic 1 or logic 0. (LINT-32)
   Pin 'in_B[15]' is connected to logic 0. 
Warning: In design 'fp_add_mydesign_2', a pin on submodule 'add_53_02' is connected to logic 1 or logic 0. (LINT-32)
   Pin 'in_B[14]' is connected to logic 0. 
Warning: In design 'fp_add_mydesign_2', a pin on submodule 'add_53_02' is connected to logic 1 or logic 0. (LINT-32)
   Pin 'in_B[13]' is connected to logic 0. 
Warning: In design 'fp_add_mydesign_2', a pin on submodule 'add_53_02' is connected to logic 1 or logic 0. (LINT-32)
   Pin 'in_B[12]' is connected to logic 0. 
Warning: In design 'fp_add_mydesign_2', a pin on submodule 'add_53_02' is connected to logic 1 or logic 0. (LINT-32)
   Pin 'in_B[11]' is connected to logic 0. 
Warning: In design 'fp_add_mydesign_2', a pin on submodule 'add_53_02' is connected to logic 1 or logic 0. (LINT-32)
   Pin 'in_B[10]' is connected to logic 0. 
Warning: In design 'fp_add_mydesign_2', a pin on submodule 'add_53_02' is connected to logic 1 or logic 0. (LINT-32)
   Pin 'in_B[9]' is connected to logic 0. 
Warning: In design 'fp_add_mydesign_2', a pin on submodule 'add_53_02' is connected to logic 1 or logic 0. (LINT-32)
   Pin 'in_B[8]' is connected to logic 0. 
Warning: In design 'fp_add_mydesign_2', a pin on submodule 'add_53_02' is connected to logic 1 or logic 0. (LINT-32)
   Pin 'in_B[7]' is connected to logic 0. 
Warning: In design 'fp_add_mydesign_2', a pin on submodule 'add_53_02' is connected to logic 1 or logic 0. (LINT-32)
   Pin 'in_B[6]' is connected to logic 0. 
Warning: In design 'fp_add_mydesign_2', a pin on submodule 'add_53_02' is connected to logic 1 or logic 0. (LINT-32)
   Pin 'in_B[5]' is connected to logic 0. 
Warning: In design 'fp_add_mydesign_2', a pin on submodule 'add_53_02' is connected to logic 1 or logic 0. (LINT-32)
   Pin 'in_B[4]' is connected to logic 0. 
Warning: In design 'fp_add_mydesign_2', a pin on submodule 'add_53_02' is connected to logic 1 or logic 0. (LINT-32)
   Pin 'in_B[3]' is connected to logic 0. 
Warning: In design 'fp_add_mydesign_2', a pin on submodule 'add_53_02' is connected to logic 1 or logic 0. (LINT-32)
   Pin 'in_B[2]' is connected to logic 0. 
Warning: In design 'fp_add_mydesign_2', a pin on submodule 'add_53_02' is connected to logic 1 or logic 0. (LINT-32)
   Pin 'in_B[1]' is connected to logic 0. 
Warning: In design 'fp_add_mydesign_2', a pin on submodule 'add_53_02' is connected to logic 1 or logic 0. (LINT-32)
   Pin 'in_B[0]' is connected to logic 1. 
Warning: In design 'fp_add_mydesign_2', a pin on submodule 'LOD_02' is connected to logic 1 or logic 0. (LINT-32)
   Pin 'A[10]' is connected to logic 0. 
Warning: In design 'fp_add_mydesign_2', a pin on submodule 'LOD_02' is connected to logic 1 or logic 0. (LINT-32)
   Pin 'A[9]' is connected to logic 0. 
Warning: In design 'fp_add_mydesign_2', a pin on submodule 'LOD_02' is connected to logic 1 or logic 0. (LINT-32)
   Pin 'A[8]' is connected to logic 0. 
Warning: In design 'fp_add_mydesign_2', a pin on submodule 'LOD_02' is connected to logic 1 or logic 0. (LINT-32)
   Pin 'A[7]' is connected to logic 0. 
Warning: In design 'fp_add_mydesign_2', a pin on submodule 'LOD_02' is connected to logic 1 or logic 0. (LINT-32)
   Pin 'A[6]' is connected to logic 0. 
Warning: In design 'fp_add_mydesign_2', a pin on submodule 'LOD_02' is connected to logic 1 or logic 0. (LINT-32)
   Pin 'A[5]' is connected to logic 0. 
Warning: In design 'fp_add_mydesign_2', a pin on submodule 'LOD_02' is connected to logic 1 or logic 0. (LINT-32)
   Pin 'A[4]' is connected to logic 0. 
Warning: In design 'fp_add_mydesign_2', a pin on submodule 'LOD_02' is connected to logic 1 or logic 0. (LINT-32)
   Pin 'A[3]' is connected to logic 0. 
Warning: In design 'fp_add_mydesign_2', a pin on submodule 'LOD_02' is connected to logic 1 or logic 0. (LINT-32)
   Pin 'A[2]' is connected to logic 0. 
Warning: In design 'fp_add_mydesign_2', a pin on submodule 'LOD_02' is connected to logic 1 or logic 0. (LINT-32)
   Pin 'A[1]' is connected to logic 0. 
Warning: In design 'fp_add_mydesign_2', a pin on submodule 'LOD_02' is connected to logic 1 or logic 0. (LINT-32)
   Pin 'A[0]' is connected to logic 0. 
Warning: In design 'fp_add_mydesign_3', a pin on submodule 'sub_12_00' is connected to logic 1 or logic 0. (LINT-32)
   Pin 'in_A[11]' is connected to logic 0. 
Warning: In design 'fp_add_mydesign_3', a pin on submodule 'sub_12_00' is connected to logic 1 or logic 0. (LINT-32)
   Pin 'in_B[11]' is connected to logic 0. 
Warning: In design 'fp_add_mydesign_3', a pin on submodule 'sub_12_01' is connected to logic 1 or logic 0. (LINT-32)
   Pin 'in_A[11]' is connected to logic 0. 
Warning: In design 'fp_add_mydesign_3', a pin on submodule 'sub_12_01' is connected to logic 1 or logic 0. (LINT-32)
   Pin 'in_B[11]' is connected to logic 0. 
Warning: In design 'fp_add_mydesign_3', a pin on submodule 'add_58_00' is connected to logic 1 or logic 0. (LINT-32)
   Pin 'in_B[57]' is connected to logic 0. 
Warning: In design 'fp_add_mydesign_3', a pin on submodule 'add_58_00' is connected to logic 1 or logic 0. (LINT-32)
   Pin 'in_B[56]' is connected to logic 0. 
Warning: In design 'fp_add_mydesign_3', a pin on submodule 'sub_58_00' is connected to logic 1 or logic 0. (LINT-32)
   Pin 'in_A[57]' is connected to logic 0. 
Warning: In design 'fp_add_mydesign_3', a pin on submodule 'sub_58_00' is connected to logic 1 or logic 0. (LINT-32)
   Pin 'in_A[56]' is connected to logic 0. 
Warning: In design 'fp_add_mydesign_3', a pin on submodule 'sub_58_00' is connected to logic 1 or logic 0. (LINT-32)
   Pin 'in_B[57]' is connected to logic 0. 
Warning: In design 'fp_add_mydesign_3', a pin on submodule 'sub_58_00' is connected to logic 1 or logic 0. (LINT-32)
   Pin 'in_B[56]' is connected to logic 0. 
Warning: In design 'fp_add_mydesign_3', a pin on submodule 'add_11_00' is connected to logic 1 or logic 0. (LINT-32)
   Pin 'in_B[10]' is connected to logic 0. 
Warning: In design 'fp_add_mydesign_3', a pin on submodule 'add_11_00' is connected to logic 1 or logic 0. (LINT-32)
   Pin 'in_B[9]' is connected to logic 0. 
Warning: In design 'fp_add_mydesign_3', a pin on submodule 'add_11_00' is connected to logic 1 or logic 0. (LINT-32)
   Pin 'in_B[8]' is connected to logic 0. 
Warning: In design 'fp_add_mydesign_3', a pin on submodule 'add_11_00' is connected to logic 1 or logic 0. (LINT-32)
   Pin 'in_B[7]' is connected to logic 0. 
Warning: In design 'fp_add_mydesign_3', a pin on submodule 'add_11_00' is connected to logic 1 or logic 0. (LINT-32)
   Pin 'in_B[6]' is connected to logic 0. 
Warning: In design 'fp_add_mydesign_3', a pin on submodule 'add_11_00' is connected to logic 1 or logic 0. (LINT-32)
   Pin 'in_B[5]' is connected to logic 0. 
Warning: In design 'fp_add_mydesign_3', a pin on submodule 'add_11_00' is connected to logic 1 or logic 0. (LINT-32)
   Pin 'in_B[4]' is connected to logic 0. 
Warning: In design 'fp_add_mydesign_3', a pin on submodule 'add_11_00' is connected to logic 1 or logic 0. (LINT-32)
   Pin 'in_B[3]' is connected to logic 0. 
Warning: In design 'fp_add_mydesign_3', a pin on submodule 'add_11_00' is connected to logic 1 or logic 0. (LINT-32)
   Pin 'in_B[2]' is connected to logic 0. 
Warning: In design 'fp_add_mydesign_3', a pin on submodule 'add_11_00' is connected to logic 1 or logic 0. (LINT-32)
   Pin 'in_B[1]' is connected to logic 0. 
Warning: In design 'fp_add_mydesign_3', a pin on submodule 'add_11_00' is connected to logic 1 or logic 0. (LINT-32)
   Pin 'in_B[0]' is connected to logic 1. 
Warning: In design 'fp_add_mydesign_3', a pin on submodule 'add_11_01' is connected to logic 1 or logic 0. (LINT-32)
   Pin 'in_B[10]' is connected to logic 0. 
Warning: In design 'fp_add_mydesign_3', a pin on submodule 'add_11_01' is connected to logic 1 or logic 0. (LINT-32)
   Pin 'in_B[9]' is connected to logic 0. 
Warning: In design 'fp_add_mydesign_3', a pin on submodule 'add_11_01' is connected to logic 1 or logic 0. (LINT-32)
   Pin 'in_B[8]' is connected to logic 0. 
Warning: In design 'fp_add_mydesign_3', a pin on submodule 'add_11_01' is connected to logic 1 or logic 0. (LINT-32)
   Pin 'in_B[7]' is connected to logic 0. 
Warning: In design 'fp_add_mydesign_3', a pin on submodule 'add_11_01' is connected to logic 1 or logic 0. (LINT-32)
   Pin 'in_B[6]' is connected to logic 0. 
Warning: In design 'fp_add_mydesign_3', a pin on submodule 'add_11_01' is connected to logic 1 or logic 0. (LINT-32)
   Pin 'in_B[5]' is connected to logic 0. 
Warning: In design 'fp_add_mydesign_3', a pin on submodule 'add_11_01' is connected to logic 1 or logic 0. (LINT-32)
   Pin 'in_B[4]' is connected to logic 0. 
Warning: In design 'fp_add_mydesign_3', a pin on submodule 'add_11_01' is connected to logic 1 or logic 0. (LINT-32)
   Pin 'in_B[3]' is connected to logic 0. 
Warning: In design 'fp_add_mydesign_3', a pin on submodule 'add_11_01' is connected to logic 1 or logic 0. (LINT-32)
   Pin 'in_B[2]' is connected to logic 0. 
Warning: In design 'fp_add_mydesign_3', a pin on submodule 'add_11_01' is connected to logic 1 or logic 0. (LINT-32)
   Pin 'in_B[1]' is connected to logic 1. 
Warning: In design 'fp_add_mydesign_3', a pin on submodule 'add_11_01' is connected to logic 1 or logic 0. (LINT-32)
   Pin 'in_B[0]' is connected to logic 0. 
Warning: In design 'fp_add_mydesign_3', a pin on submodule 'add_53_02' is connected to logic 1 or logic 0. (LINT-32)
   Pin 'in_B[52]' is connected to logic 0. 
Warning: In design 'fp_add_mydesign_3', a pin on submodule 'add_53_02' is connected to logic 1 or logic 0. (LINT-32)
   Pin 'in_B[51]' is connected to logic 0. 
Warning: In design 'fp_add_mydesign_3', a pin on submodule 'add_53_02' is connected to logic 1 or logic 0. (LINT-32)
   Pin 'in_B[50]' is connected to logic 0. 
Warning: In design 'fp_add_mydesign_3', a pin on submodule 'add_53_02' is connected to logic 1 or logic 0. (LINT-32)
   Pin 'in_B[49]' is connected to logic 0. 
Warning: In design 'fp_add_mydesign_3', a pin on submodule 'add_53_02' is connected to logic 1 or logic 0. (LINT-32)
   Pin 'in_B[48]' is connected to logic 0. 
Warning: In design 'fp_add_mydesign_3', a pin on submodule 'add_53_02' is connected to logic 1 or logic 0. (LINT-32)
   Pin 'in_B[47]' is connected to logic 0. 
Warning: In design 'fp_add_mydesign_3', a pin on submodule 'add_53_02' is connected to logic 1 or logic 0. (LINT-32)
   Pin 'in_B[46]' is connected to logic 0. 
Warning: In design 'fp_add_mydesign_3', a pin on submodule 'add_53_02' is connected to logic 1 or logic 0. (LINT-32)
   Pin 'in_B[45]' is connected to logic 0. 
Warning: In design 'fp_add_mydesign_3', a pin on submodule 'add_53_02' is connected to logic 1 or logic 0. (LINT-32)
   Pin 'in_B[44]' is connected to logic 0. 
Warning: In design 'fp_add_mydesign_3', a pin on submodule 'add_53_02' is connected to logic 1 or logic 0. (LINT-32)
   Pin 'in_B[43]' is connected to logic 0. 
Warning: In design 'fp_add_mydesign_3', a pin on submodule 'add_53_02' is connected to logic 1 or logic 0. (LINT-32)
   Pin 'in_B[42]' is connected to logic 0. 
Warning: In design 'fp_add_mydesign_3', a pin on submodule 'add_53_02' is connected to logic 1 or logic 0. (LINT-32)
   Pin 'in_B[41]' is connected to logic 0. 
Warning: In design 'fp_add_mydesign_3', a pin on submodule 'add_53_02' is connected to logic 1 or logic 0. (LINT-32)
   Pin 'in_B[40]' is connected to logic 0. 
Warning: In design 'fp_add_mydesign_3', a pin on submodule 'add_53_02' is connected to logic 1 or logic 0. (LINT-32)
   Pin 'in_B[39]' is connected to logic 0. 
Warning: In design 'fp_add_mydesign_3', a pin on submodule 'add_53_02' is connected to logic 1 or logic 0. (LINT-32)
   Pin 'in_B[38]' is connected to logic 0. 
Warning: In design 'fp_add_mydesign_3', a pin on submodule 'add_53_02' is connected to logic 1 or logic 0. (LINT-32)
   Pin 'in_B[37]' is connected to logic 0. 
Warning: In design 'fp_add_mydesign_3', a pin on submodule 'add_53_02' is connected to logic 1 or logic 0. (LINT-32)
   Pin 'in_B[36]' is connected to logic 0. 
Warning: In design 'fp_add_mydesign_3', a pin on submodule 'add_53_02' is connected to logic 1 or logic 0. (LINT-32)
   Pin 'in_B[35]' is connected to logic 0. 
Warning: In design 'fp_add_mydesign_3', a pin on submodule 'add_53_02' is connected to logic 1 or logic 0. (LINT-32)
   Pin 'in_B[34]' is connected to logic 0. 
Warning: In design 'fp_add_mydesign_3', a pin on submodule 'add_53_02' is connected to logic 1 or logic 0. (LINT-32)
   Pin 'in_B[33]' is connected to logic 0. 
Warning: In design 'fp_add_mydesign_3', a pin on submodule 'add_53_02' is connected to logic 1 or logic 0. (LINT-32)
   Pin 'in_B[32]' is connected to logic 0. 
Warning: In design 'fp_add_mydesign_3', a pin on submodule 'add_53_02' is connected to logic 1 or logic 0. (LINT-32)
   Pin 'in_B[31]' is connected to logic 0. 
Warning: In design 'fp_add_mydesign_3', a pin on submodule 'add_53_02' is connected to logic 1 or logic 0. (LINT-32)
   Pin 'in_B[30]' is connected to logic 0. 
Warning: In design 'fp_add_mydesign_3', a pin on submodule 'add_53_02' is connected to logic 1 or logic 0. (LINT-32)
   Pin 'in_B[29]' is connected to logic 0. 
Warning: In design 'fp_add_mydesign_3', a pin on submodule 'add_53_02' is connected to logic 1 or logic 0. (LINT-32)
   Pin 'in_B[28]' is connected to logic 0. 
Warning: In design 'fp_add_mydesign_3', a pin on submodule 'add_53_02' is connected to logic 1 or logic 0. (LINT-32)
   Pin 'in_B[27]' is connected to logic 0. 
Warning: In design 'fp_add_mydesign_3', a pin on submodule 'add_53_02' is connected to logic 1 or logic 0. (LINT-32)
   Pin 'in_B[26]' is connected to logic 0. 
Warning: In design 'fp_add_mydesign_3', a pin on submodule 'add_53_02' is connected to logic 1 or logic 0. (LINT-32)
   Pin 'in_B[25]' is connected to logic 0. 
Warning: In design 'fp_add_mydesign_3', a pin on submodule 'add_53_02' is connected to logic 1 or logic 0. (LINT-32)
   Pin 'in_B[24]' is connected to logic 0. 
Warning: In design 'fp_add_mydesign_3', a pin on submodule 'add_53_02' is connected to logic 1 or logic 0. (LINT-32)
   Pin 'in_B[23]' is connected to logic 0. 
Warning: In design 'fp_add_mydesign_3', a pin on submodule 'add_53_02' is connected to logic 1 or logic 0. (LINT-32)
   Pin 'in_B[22]' is connected to logic 0. 
Warning: In design 'fp_add_mydesign_3', a pin on submodule 'add_53_02' is connected to logic 1 or logic 0. (LINT-32)
   Pin 'in_B[21]' is connected to logic 0. 
Warning: In design 'fp_add_mydesign_3', a pin on submodule 'add_53_02' is connected to logic 1 or logic 0. (LINT-32)
   Pin 'in_B[20]' is connected to logic 0. 
Warning: In design 'fp_add_mydesign_3', a pin on submodule 'add_53_02' is connected to logic 1 or logic 0. (LINT-32)
   Pin 'in_B[19]' is connected to logic 0. 
Warning: In design 'fp_add_mydesign_3', a pin on submodule 'add_53_02' is connected to logic 1 or logic 0. (LINT-32)
   Pin 'in_B[18]' is connected to logic 0. 
Warning: In design 'fp_add_mydesign_3', a pin on submodule 'add_53_02' is connected to logic 1 or logic 0. (LINT-32)
   Pin 'in_B[17]' is connected to logic 0. 
Warning: In design 'fp_add_mydesign_3', a pin on submodule 'add_53_02' is connected to logic 1 or logic 0. (LINT-32)
   Pin 'in_B[16]' is connected to logic 0. 
Warning: In design 'fp_add_mydesign_3', a pin on submodule 'add_53_02' is connected to logic 1 or logic 0. (LINT-32)
   Pin 'in_B[15]' is connected to logic 0. 
Warning: In design 'fp_add_mydesign_3', a pin on submodule 'add_53_02' is connected to logic 1 or logic 0. (LINT-32)
   Pin 'in_B[14]' is connected to logic 0. 
Warning: In design 'fp_add_mydesign_3', a pin on submodule 'add_53_02' is connected to logic 1 or logic 0. (LINT-32)
   Pin 'in_B[13]' is connected to logic 0. 
Warning: In design 'fp_add_mydesign_3', a pin on submodule 'add_53_02' is connected to logic 1 or logic 0. (LINT-32)
   Pin 'in_B[12]' is connected to logic 0. 
Warning: In design 'fp_add_mydesign_3', a pin on submodule 'add_53_02' is connected to logic 1 or logic 0. (LINT-32)
   Pin 'in_B[11]' is connected to logic 0. 
Warning: In design 'fp_add_mydesign_3', a pin on submodule 'add_53_02' is connected to logic 1 or logic 0. (LINT-32)
   Pin 'in_B[10]' is connected to logic 0. 
Warning: In design 'fp_add_mydesign_3', a pin on submodule 'add_53_02' is connected to logic 1 or logic 0. (LINT-32)
   Pin 'in_B[9]' is connected to logic 0. 
Warning: In design 'fp_add_mydesign_3', a pin on submodule 'add_53_02' is connected to logic 1 or logic 0. (LINT-32)
   Pin 'in_B[8]' is connected to logic 0. 
Warning: In design 'fp_add_mydesign_3', a pin on submodule 'add_53_02' is connected to logic 1 or logic 0. (LINT-32)
   Pin 'in_B[7]' is connected to logic 0. 
Warning: In design 'fp_add_mydesign_3', a pin on submodule 'add_53_02' is connected to logic 1 or logic 0. (LINT-32)
   Pin 'in_B[6]' is connected to logic 0. 
Warning: In design 'fp_add_mydesign_3', a pin on submodule 'add_53_02' is connected to logic 1 or logic 0. (LINT-32)
   Pin 'in_B[5]' is connected to logic 0. 
Warning: In design 'fp_add_mydesign_3', a pin on submodule 'add_53_02' is connected to logic 1 or logic 0. (LINT-32)
   Pin 'in_B[4]' is connected to logic 0. 
Warning: In design 'fp_add_mydesign_3', a pin on submodule 'add_53_02' is connected to logic 1 or logic 0. (LINT-32)
   Pin 'in_B[3]' is connected to logic 0. 
Warning: In design 'fp_add_mydesign_3', a pin on submodule 'add_53_02' is connected to logic 1 or logic 0. (LINT-32)
   Pin 'in_B[2]' is connected to logic 0. 
Warning: In design 'fp_add_mydesign_3', a pin on submodule 'add_53_02' is connected to logic 1 or logic 0. (LINT-32)
   Pin 'in_B[1]' is connected to logic 0. 
Warning: In design 'fp_add_mydesign_3', a pin on submodule 'add_53_02' is connected to logic 1 or logic 0. (LINT-32)
   Pin 'in_B[0]' is connected to logic 1. 
Warning: In design 'fp_add_mydesign_3', a pin on submodule 'LOD_02' is connected to logic 1 or logic 0. (LINT-32)
   Pin 'A[10]' is connected to logic 0. 
Warning: In design 'fp_add_mydesign_3', a pin on submodule 'LOD_02' is connected to logic 1 or logic 0. (LINT-32)
   Pin 'A[9]' is connected to logic 0. 
Warning: In design 'fp_add_mydesign_3', a pin on submodule 'LOD_02' is connected to logic 1 or logic 0. (LINT-32)
   Pin 'A[8]' is connected to logic 0. 
Warning: In design 'fp_add_mydesign_3', a pin on submodule 'LOD_02' is connected to logic 1 or logic 0. (LINT-32)
   Pin 'A[7]' is connected to logic 0. 
Warning: In design 'fp_add_mydesign_3', a pin on submodule 'LOD_02' is connected to logic 1 or logic 0. (LINT-32)
   Pin 'A[6]' is connected to logic 0. 
Warning: In design 'fp_add_mydesign_3', a pin on submodule 'LOD_02' is connected to logic 1 or logic 0. (LINT-32)
   Pin 'A[5]' is connected to logic 0. 
Warning: In design 'fp_add_mydesign_3', a pin on submodule 'LOD_02' is connected to logic 1 or logic 0. (LINT-32)
   Pin 'A[4]' is connected to logic 0. 
Warning: In design 'fp_add_mydesign_3', a pin on submodule 'LOD_02' is connected to logic 1 or logic 0. (LINT-32)
   Pin 'A[3]' is connected to logic 0. 
Warning: In design 'fp_add_mydesign_3', a pin on submodule 'LOD_02' is connected to logic 1 or logic 0. (LINT-32)
   Pin 'A[2]' is connected to logic 0. 
Warning: In design 'fp_add_mydesign_3', a pin on submodule 'LOD_02' is connected to logic 1 or logic 0. (LINT-32)
   Pin 'A[1]' is connected to logic 0. 
Warning: In design 'fp_add_mydesign_3', a pin on submodule 'LOD_02' is connected to logic 1 or logic 0. (LINT-32)
   Pin 'A[0]' is connected to logic 0. 
Warning: In design 'wallace_131_mydesign_0', a pin on submodule 'GEN_CLA8[1].CLA_one' is connected to logic 1 or logic 0. (LINT-32)
   Pin 'Cin' is connected to logic 1. 
Warning: In design 'wallace_131_mydesign_0', a pin on submodule 'GEN_CLA8[1].CLA_zero' is connected to logic 1 or logic 0. (LINT-32)
   Pin 'Cin' is connected to logic 0. 
Warning: In design 'wallace_131_mydesign_0', a pin on submodule 'GEN_CLA8[2].CLA_one' is connected to logic 1 or logic 0. (LINT-32)
   Pin 'Cin' is connected to logic 1. 
Warning: In design 'wallace_131_mydesign_0', a pin on submodule 'GEN_CLA8[2].CLA_zero' is connected to logic 1 or logic 0. (LINT-32)
   Pin 'Cin' is connected to logic 0. 
Warning: In design 'wallace_131_mydesign_0', a pin on submodule 'GEN_CLA8[3].CLA_one' is connected to logic 1 or logic 0. (LINT-32)
   Pin 'Cin' is connected to logic 1. 
Warning: In design 'wallace_131_mydesign_0', a pin on submodule 'GEN_CLA8[3].CLA_zero' is connected to logic 1 or logic 0. (LINT-32)
   Pin 'Cin' is connected to logic 0. 
Warning: In design 'wallace_131_mydesign_0', a pin on submodule 'GEN_CLA8[4].CLA_one' is connected to logic 1 or logic 0. (LINT-32)
   Pin 'Cin' is connected to logic 1. 
Warning: In design 'wallace_131_mydesign_0', a pin on submodule 'GEN_CLA8[4].CLA_zero' is connected to logic 1 or logic 0. (LINT-32)
   Pin 'Cin' is connected to logic 0. 
Warning: In design 'wallace_131_mydesign_0', a pin on submodule 'GEN_CLA8[5].CLA_one' is connected to logic 1 or logic 0. (LINT-32)
   Pin 'Cin' is connected to logic 1. 
Warning: In design 'wallace_131_mydesign_0', a pin on submodule 'GEN_CLA8[5].CLA_zero' is connected to logic 1 or logic 0. (LINT-32)
   Pin 'Cin' is connected to logic 0. 
Warning: In design 'wallace_131_mydesign_0', a pin on submodule 'GEN_CLA8[6].CLA_one' is connected to logic 1 or logic 0. (LINT-32)
   Pin 'Cin' is connected to logic 1. 
Warning: In design 'wallace_131_mydesign_0', a pin on submodule 'GEN_CLA8[6].CLA_zero' is connected to logic 1 or logic 0. (LINT-32)
   Pin 'Cin' is connected to logic 0. 
Warning: In design 'wallace_131_mydesign_0', a pin on submodule 'GEN_CLA8[7].CLA_one' is connected to logic 1 or logic 0. (LINT-32)
   Pin 'Cin' is connected to logic 1. 
Warning: In design 'wallace_131_mydesign_0', a pin on submodule 'GEN_CLA8[7].CLA_zero' is connected to logic 1 or logic 0. (LINT-32)
   Pin 'Cin' is connected to logic 0. 
Warning: In design 'wallace_131_mydesign_0', a pin on submodule 'GEN_CLA8[8].CLA_one' is connected to logic 1 or logic 0. (LINT-32)
   Pin 'Cin' is connected to logic 1. 
Warning: In design 'wallace_131_mydesign_0', a pin on submodule 'GEN_CLA8[8].CLA_zero' is connected to logic 1 or logic 0. (LINT-32)
   Pin 'Cin' is connected to logic 0. 
Warning: In design 'wallace_131_mydesign_0', a pin on submodule 'GEN_CLA8[9].CLA_one' is connected to logic 1 or logic 0. (LINT-32)
   Pin 'Cin' is connected to logic 1. 
Warning: In design 'wallace_131_mydesign_0', a pin on submodule 'GEN_CLA8[9].CLA_zero' is connected to logic 1 or logic 0. (LINT-32)
   Pin 'Cin' is connected to logic 0. 
Warning: In design 'wallace_131_mydesign_0', a pin on submodule 'GEN_CLA8[10].CLA_one' is connected to logic 1 or logic 0. (LINT-32)
   Pin 'Cin' is connected to logic 1. 
Warning: In design 'wallace_131_mydesign_0', a pin on submodule 'GEN_CLA8[10].CLA_zero' is connected to logic 1 or logic 0. (LINT-32)
   Pin 'Cin' is connected to logic 0. 
Warning: In design 'wallace_131_mydesign_0', a pin on submodule 'GEN_CLA8[11].CLA_one' is connected to logic 1 or logic 0. (LINT-32)
   Pin 'Cin' is connected to logic 1. 
Warning: In design 'wallace_131_mydesign_0', a pin on submodule 'GEN_CLA8[11].CLA_zero' is connected to logic 1 or logic 0. (LINT-32)
   Pin 'Cin' is connected to logic 0. 
Warning: In design 'wallace_131_mydesign_0', a pin on submodule 'GEN_CLA8[12].CLA_one' is connected to logic 1 or logic 0. (LINT-32)
   Pin 'Cin' is connected to logic 1. 
Warning: In design 'wallace_131_mydesign_0', a pin on submodule 'GEN_CLA8[12].CLA_zero' is connected to logic 1 or logic 0. (LINT-32)
   Pin 'Cin' is connected to logic 0. 
Warning: In design 'wallace_131_mydesign_0', a pin on submodule 'GEN_CLA8[13].CLA_one' is connected to logic 1 or logic 0. (LINT-32)
   Pin 'Cin' is connected to logic 1. 
Warning: In design 'wallace_131_mydesign_0', a pin on submodule 'GEN_CLA8[13].CLA_zero' is connected to logic 1 or logic 0. (LINT-32)
   Pin 'Cin' is connected to logic 0. 
Warning: In design 'wallace_131_mydesign_0', a pin on submodule 'GEN_CLA8[14].CLA_one' is connected to logic 1 or logic 0. (LINT-32)
   Pin 'Cin' is connected to logic 1. 
Warning: In design 'wallace_131_mydesign_0', a pin on submodule 'GEN_CLA8[14].CLA_zero' is connected to logic 1 or logic 0. (LINT-32)
   Pin 'Cin' is connected to logic 0. 
Warning: In design 'wallace_131_mydesign_0', a pin on submodule 'GEN_CLA8[15].CLA_one' is connected to logic 1 or logic 0. (LINT-32)
   Pin 'Cin' is connected to logic 1. 
Warning: In design 'wallace_131_mydesign_0', a pin on submodule 'GEN_CLA8[15].CLA_one' is connected to logic 1 or logic 0. (LINT-32)
   Pin 'A[7]' is connected to logic 0. 
Warning: In design 'wallace_131_mydesign_0', a pin on submodule 'GEN_CLA8[15].CLA_one' is connected to logic 1 or logic 0. (LINT-32)
   Pin 'B[7]' is connected to logic 0. 
Warning: In design 'wallace_131_mydesign_0', a pin on submodule 'GEN_CLA8[15].CLA_zero' is connected to logic 1 or logic 0. (LINT-32)
   Pin 'Cin' is connected to logic 0. 
Warning: In design 'wallace_131_mydesign_0', a pin on submodule 'GEN_CLA8[15].CLA_zero' is connected to logic 1 or logic 0. (LINT-32)
   Pin 'A[7]' is connected to logic 0. 
Warning: In design 'wallace_131_mydesign_0', a pin on submodule 'GEN_CLA8[15].CLA_zero' is connected to logic 1 or logic 0. (LINT-32)
   Pin 'B[7]' is connected to logic 0. 
Warning: In design 'wallace_131_mydesign_0', a pin on submodule 'CLA_0' is connected to logic 1 or logic 0. (LINT-32)
   Pin 'Cin' is connected to logic 0. 
Warning: In design 'wallace_131_mydesign_1', a pin on submodule 'GEN_CLA8[1].CLA_one' is connected to logic 1 or logic 0. (LINT-32)
   Pin 'Cin' is connected to logic 1. 
Warning: In design 'wallace_131_mydesign_1', a pin on submodule 'GEN_CLA8[1].CLA_zero' is connected to logic 1 or logic 0. (LINT-32)
   Pin 'Cin' is connected to logic 0. 
Warning: In design 'wallace_131_mydesign_1', a pin on submodule 'GEN_CLA8[2].CLA_one' is connected to logic 1 or logic 0. (LINT-32)
   Pin 'Cin' is connected to logic 1. 
Warning: In design 'wallace_131_mydesign_1', a pin on submodule 'GEN_CLA8[2].CLA_zero' is connected to logic 1 or logic 0. (LINT-32)
   Pin 'Cin' is connected to logic 0. 
Warning: In design 'wallace_131_mydesign_1', a pin on submodule 'GEN_CLA8[3].CLA_one' is connected to logic 1 or logic 0. (LINT-32)
   Pin 'Cin' is connected to logic 1. 
Warning: In design 'wallace_131_mydesign_1', a pin on submodule 'GEN_CLA8[3].CLA_zero' is connected to logic 1 or logic 0. (LINT-32)
   Pin 'Cin' is connected to logic 0. 
Warning: In design 'wallace_131_mydesign_1', a pin on submodule 'GEN_CLA8[4].CLA_one' is connected to logic 1 or logic 0. (LINT-32)
   Pin 'Cin' is connected to logic 1. 
Warning: In design 'wallace_131_mydesign_1', a pin on submodule 'GEN_CLA8[4].CLA_zero' is connected to logic 1 or logic 0. (LINT-32)
   Pin 'Cin' is connected to logic 0. 
Warning: In design 'wallace_131_mydesign_1', a pin on submodule 'GEN_CLA8[5].CLA_one' is connected to logic 1 or logic 0. (LINT-32)
   Pin 'Cin' is connected to logic 1. 
Warning: In design 'wallace_131_mydesign_1', a pin on submodule 'GEN_CLA8[5].CLA_zero' is connected to logic 1 or logic 0. (LINT-32)
   Pin 'Cin' is connected to logic 0. 
Warning: In design 'wallace_131_mydesign_1', a pin on submodule 'GEN_CLA8[6].CLA_one' is connected to logic 1 or logic 0. (LINT-32)
   Pin 'Cin' is connected to logic 1. 
Warning: In design 'wallace_131_mydesign_1', a pin on submodule 'GEN_CLA8[6].CLA_zero' is connected to logic 1 or logic 0. (LINT-32)
   Pin 'Cin' is connected to logic 0. 
Warning: In design 'wallace_131_mydesign_1', a pin on submodule 'GEN_CLA8[7].CLA_one' is connected to logic 1 or logic 0. (LINT-32)
   Pin 'Cin' is connected to logic 1. 
Warning: In design 'wallace_131_mydesign_1', a pin on submodule 'GEN_CLA8[7].CLA_zero' is connected to logic 1 or logic 0. (LINT-32)
   Pin 'Cin' is connected to logic 0. 
Warning: In design 'wallace_131_mydesign_1', a pin on submodule 'GEN_CLA8[8].CLA_one' is connected to logic 1 or logic 0. (LINT-32)
   Pin 'Cin' is connected to logic 1. 
Warning: In design 'wallace_131_mydesign_1', a pin on submodule 'GEN_CLA8[8].CLA_zero' is connected to logic 1 or logic 0. (LINT-32)
   Pin 'Cin' is connected to logic 0. 
Warning: In design 'wallace_131_mydesign_1', a pin on submodule 'GEN_CLA8[9].CLA_one' is connected to logic 1 or logic 0. (LINT-32)
   Pin 'Cin' is connected to logic 1. 
Warning: In design 'wallace_131_mydesign_1', a pin on submodule 'GEN_CLA8[9].CLA_zero' is connected to logic 1 or logic 0. (LINT-32)
   Pin 'Cin' is connected to logic 0. 
Warning: In design 'wallace_131_mydesign_1', a pin on submodule 'GEN_CLA8[10].CLA_one' is connected to logic 1 or logic 0. (LINT-32)
   Pin 'Cin' is connected to logic 1. 
Warning: In design 'wallace_131_mydesign_1', a pin on submodule 'GEN_CLA8[10].CLA_zero' is connected to logic 1 or logic 0. (LINT-32)
   Pin 'Cin' is connected to logic 0. 
Warning: In design 'wallace_131_mydesign_1', a pin on submodule 'GEN_CLA8[11].CLA_one' is connected to logic 1 or logic 0. (LINT-32)
   Pin 'Cin' is connected to logic 1. 
Warning: In design 'wallace_131_mydesign_1', a pin on submodule 'GEN_CLA8[11].CLA_zero' is connected to logic 1 or logic 0. (LINT-32)
   Pin 'Cin' is connected to logic 0. 
Warning: In design 'wallace_131_mydesign_1', a pin on submodule 'GEN_CLA8[12].CLA_one' is connected to logic 1 or logic 0. (LINT-32)
   Pin 'Cin' is connected to logic 1. 
Warning: In design 'wallace_131_mydesign_1', a pin on submodule 'GEN_CLA8[12].CLA_zero' is connected to logic 1 or logic 0. (LINT-32)
   Pin 'Cin' is connected to logic 0. 
Warning: In design 'wallace_131_mydesign_1', a pin on submodule 'GEN_CLA8[13].CLA_one' is connected to logic 1 or logic 0. (LINT-32)
   Pin 'Cin' is connected to logic 1. 
Warning: In design 'wallace_131_mydesign_1', a pin on submodule 'GEN_CLA8[13].CLA_zero' is connected to logic 1 or logic 0. (LINT-32)
   Pin 'Cin' is connected to logic 0. 
Warning: In design 'wallace_131_mydesign_1', a pin on submodule 'GEN_CLA8[14].CLA_one' is connected to logic 1 or logic 0. (LINT-32)
   Pin 'Cin' is connected to logic 1. 
Warning: In design 'wallace_131_mydesign_1', a pin on submodule 'GEN_CLA8[14].CLA_zero' is connected to logic 1 or logic 0. (LINT-32)
   Pin 'Cin' is connected to logic 0. 
Warning: In design 'wallace_131_mydesign_1', a pin on submodule 'GEN_CLA8[15].CLA_one' is connected to logic 1 or logic 0. (LINT-32)
   Pin 'Cin' is connected to logic 1. 
Warning: In design 'wallace_131_mydesign_1', a pin on submodule 'GEN_CLA8[15].CLA_one' is connected to logic 1 or logic 0. (LINT-32)
   Pin 'A[7]' is connected to logic 0. 
Warning: In design 'wallace_131_mydesign_1', a pin on submodule 'GEN_CLA8[15].CLA_one' is connected to logic 1 or logic 0. (LINT-32)
   Pin 'B[7]' is connected to logic 0. 
Warning: In design 'wallace_131_mydesign_1', a pin on submodule 'GEN_CLA8[15].CLA_zero' is connected to logic 1 or logic 0. (LINT-32)
   Pin 'Cin' is connected to logic 0. 
Warning: In design 'wallace_131_mydesign_1', a pin on submodule 'GEN_CLA8[15].CLA_zero' is connected to logic 1 or logic 0. (LINT-32)
   Pin 'A[7]' is connected to logic 0. 
Warning: In design 'wallace_131_mydesign_1', a pin on submodule 'GEN_CLA8[15].CLA_zero' is connected to logic 1 or logic 0. (LINT-32)
   Pin 'B[7]' is connected to logic 0. 
Warning: In design 'wallace_131_mydesign_1', a pin on submodule 'CLA_0' is connected to logic 1 or logic 0. (LINT-32)
   Pin 'Cin' is connected to logic 0. 
Warning: In design 'fmul_exp_mydesign_0', a pin on submodule 'add_13_0' is connected to logic 1 or logic 0. (LINT-32)
   Pin 'in_A[12]' is connected to logic 0. 
Warning: In design 'fmul_exp_mydesign_0', a pin on submodule 'add_13_0' is connected to logic 1 or logic 0. (LINT-32)
   Pin 'in_B[12]' is connected to logic 1. 
Warning: In design 'fmul_exp_mydesign_0', a pin on submodule 'add_13_0' is connected to logic 1 or logic 0. (LINT-32)
   Pin 'in_B[11]' is connected to logic 1. 
Warning: In design 'fmul_exp_mydesign_0', a pin on submodule 'add_13_0' is connected to logic 1 or logic 0. (LINT-32)
   Pin 'in_B[10]' is connected to logic 1. 
Warning: In design 'fmul_exp_mydesign_0', a pin on submodule 'add_13_0' is connected to logic 1 or logic 0. (LINT-32)
   Pin 'in_B[9]' is connected to logic 0. 
Warning: In design 'fmul_exp_mydesign_0', a pin on submodule 'add_13_0' is connected to logic 1 or logic 0. (LINT-32)
   Pin 'in_B[8]' is connected to logic 0. 
Warning: In design 'fmul_exp_mydesign_0', a pin on submodule 'add_13_0' is connected to logic 1 or logic 0. (LINT-32)
   Pin 'in_B[7]' is connected to logic 0. 
Warning: In design 'fmul_exp_mydesign_0', a pin on submodule 'add_13_0' is connected to logic 1 or logic 0. (LINT-32)
   Pin 'in_B[6]' is connected to logic 0. 
Warning: In design 'fmul_exp_mydesign_0', a pin on submodule 'add_13_0' is connected to logic 1 or logic 0. (LINT-32)
   Pin 'in_B[5]' is connected to logic 0. 
Warning: In design 'fmul_exp_mydesign_0', a pin on submodule 'add_13_0' is connected to logic 1 or logic 0. (LINT-32)
   Pin 'in_B[4]' is connected to logic 0. 
Warning: In design 'fmul_exp_mydesign_0', a pin on submodule 'add_13_0' is connected to logic 1 or logic 0. (LINT-32)
   Pin 'in_B[3]' is connected to logic 0. 
Warning: In design 'fmul_exp_mydesign_0', a pin on submodule 'add_13_0' is connected to logic 1 or logic 0. (LINT-32)
   Pin 'in_B[2]' is connected to logic 0. 
Warning: In design 'fmul_exp_mydesign_0', a pin on submodule 'add_13_0' is connected to logic 1 or logic 0. (LINT-32)
   Pin 'in_B[1]' is connected to logic 0. 
Warning: In design 'fmul_exp_mydesign_0', a pin on submodule 'add_13_0' is connected to logic 1 or logic 0. (LINT-32)
   Pin 'in_B[0]' is connected to logic 1. 
Warning: In design 'fmul_exp_mydesign_1', a pin on submodule 'add_13_0' is connected to logic 1 or logic 0. (LINT-32)
   Pin 'in_A[12]' is connected to logic 0. 
Warning: In design 'fmul_exp_mydesign_1', a pin on submodule 'add_13_0' is connected to logic 1 or logic 0. (LINT-32)
   Pin 'in_B[12]' is connected to logic 1. 
Warning: In design 'fmul_exp_mydesign_1', a pin on submodule 'add_13_0' is connected to logic 1 or logic 0. (LINT-32)
   Pin 'in_B[11]' is connected to logic 1. 
Warning: In design 'fmul_exp_mydesign_1', a pin on submodule 'add_13_0' is connected to logic 1 or logic 0. (LINT-32)
   Pin 'in_B[10]' is connected to logic 1. 
Warning: In design 'fmul_exp_mydesign_1', a pin on submodule 'add_13_0' is connected to logic 1 or logic 0. (LINT-32)
   Pin 'in_B[9]' is connected to logic 0. 
Warning: In design 'fmul_exp_mydesign_1', a pin on submodule 'add_13_0' is connected to logic 1 or logic 0. (LINT-32)
   Pin 'in_B[8]' is connected to logic 0. 
Warning: In design 'fmul_exp_mydesign_1', a pin on submodule 'add_13_0' is connected to logic 1 or logic 0. (LINT-32)
   Pin 'in_B[7]' is connected to logic 0. 
Warning: In design 'fmul_exp_mydesign_1', a pin on submodule 'add_13_0' is connected to logic 1 or logic 0. (LINT-32)
   Pin 'in_B[6]' is connected to logic 0. 
Warning: In design 'fmul_exp_mydesign_1', a pin on submodule 'add_13_0' is connected to logic 1 or logic 0. (LINT-32)
   Pin 'in_B[5]' is connected to logic 0. 
Warning: In design 'fmul_exp_mydesign_1', a pin on submodule 'add_13_0' is connected to logic 1 or logic 0. (LINT-32)
   Pin 'in_B[4]' is connected to logic 0. 
Warning: In design 'fmul_exp_mydesign_1', a pin on submodule 'add_13_0' is connected to logic 1 or logic 0. (LINT-32)
   Pin 'in_B[3]' is connected to logic 0. 
Warning: In design 'fmul_exp_mydesign_1', a pin on submodule 'add_13_0' is connected to logic 1 or logic 0. (LINT-32)
   Pin 'in_B[2]' is connected to logic 0. 
Warning: In design 'fmul_exp_mydesign_1', a pin on submodule 'add_13_0' is connected to logic 1 or logic 0. (LINT-32)
   Pin 'in_B[1]' is connected to logic 0. 
Warning: In design 'fmul_exp_mydesign_1', a pin on submodule 'add_13_0' is connected to logic 1 or logic 0. (LINT-32)
   Pin 'in_B[0]' is connected to logic 1. 
Warning: In design 'fmul_rounder_mydesign_0', a pin on submodule 'add_13_00' is connected to logic 1 or logic 0. (LINT-32)
   Pin 'in_B[12]' is connected to logic 0. 
Warning: In design 'fmul_rounder_mydesign_0', a pin on submodule 'add_13_00' is connected to logic 1 or logic 0. (LINT-32)
   Pin 'in_B[11]' is connected to logic 0. 
Warning: In design 'fmul_rounder_mydesign_0', a pin on submodule 'add_13_00' is connected to logic 1 or logic 0. (LINT-32)
   Pin 'in_B[10]' is connected to logic 0. 
Warning: In design 'fmul_rounder_mydesign_0', a pin on submodule 'add_13_00' is connected to logic 1 or logic 0. (LINT-32)
   Pin 'in_B[9]' is connected to logic 0. 
Warning: In design 'fmul_rounder_mydesign_0', a pin on submodule 'add_13_00' is connected to logic 1 or logic 0. (LINT-32)
   Pin 'in_B[8]' is connected to logic 0. 
Warning: In design 'fmul_rounder_mydesign_0', a pin on submodule 'add_13_00' is connected to logic 1 or logic 0. (LINT-32)
   Pin 'in_B[7]' is connected to logic 0. 
Warning: In design 'fmul_rounder_mydesign_0', a pin on submodule 'add_13_00' is connected to logic 1 or logic 0. (LINT-32)
   Pin 'in_B[6]' is connected to logic 0. 
Warning: In design 'fmul_rounder_mydesign_0', a pin on submodule 'add_13_00' is connected to logic 1 or logic 0. (LINT-32)
   Pin 'in_B[5]' is connected to logic 0. 
Warning: In design 'fmul_rounder_mydesign_0', a pin on submodule 'add_13_00' is connected to logic 1 or logic 0. (LINT-32)
   Pin 'in_B[4]' is connected to logic 0. 
Warning: In design 'fmul_rounder_mydesign_0', a pin on submodule 'add_13_00' is connected to logic 1 or logic 0. (LINT-32)
   Pin 'in_B[3]' is connected to logic 0. 
Warning: In design 'fmul_rounder_mydesign_0', a pin on submodule 'add_13_00' is connected to logic 1 or logic 0. (LINT-32)
   Pin 'in_B[2]' is connected to logic 0. 
Warning: In design 'fmul_rounder_mydesign_0', a pin on submodule 'add_13_00' is connected to logic 1 or logic 0. (LINT-32)
   Pin 'in_B[1]' is connected to logic 0. 
Warning: In design 'fmul_rounder_mydesign_0', a pin on submodule 'add_13_00' is connected to logic 1 or logic 0. (LINT-32)
   Pin 'in_B[0]' is connected to logic 1. 
Warning: In design 'fmul_rounder_mydesign_0', a pin on submodule 'add_53_00' is connected to logic 1 or logic 0. (LINT-32)
   Pin 'in_B[52]' is connected to logic 0. 
Warning: In design 'fmul_rounder_mydesign_0', a pin on submodule 'add_53_00' is connected to logic 1 or logic 0. (LINT-32)
   Pin 'in_B[51]' is connected to logic 0. 
Warning: In design 'fmul_rounder_mydesign_0', a pin on submodule 'add_53_00' is connected to logic 1 or logic 0. (LINT-32)
   Pin 'in_B[50]' is connected to logic 0. 
Warning: In design 'fmul_rounder_mydesign_0', a pin on submodule 'add_53_00' is connected to logic 1 or logic 0. (LINT-32)
   Pin 'in_B[49]' is connected to logic 0. 
Warning: In design 'fmul_rounder_mydesign_0', a pin on submodule 'add_53_00' is connected to logic 1 or logic 0. (LINT-32)
   Pin 'in_B[48]' is connected to logic 0. 
Warning: In design 'fmul_rounder_mydesign_0', a pin on submodule 'add_53_00' is connected to logic 1 or logic 0. (LINT-32)
   Pin 'in_B[47]' is connected to logic 0. 
Warning: In design 'fmul_rounder_mydesign_0', a pin on submodule 'add_53_00' is connected to logic 1 or logic 0. (LINT-32)
   Pin 'in_B[46]' is connected to logic 0. 
Warning: In design 'fmul_rounder_mydesign_0', a pin on submodule 'add_53_00' is connected to logic 1 or logic 0. (LINT-32)
   Pin 'in_B[45]' is connected to logic 0. 
Warning: In design 'fmul_rounder_mydesign_0', a pin on submodule 'add_53_00' is connected to logic 1 or logic 0. (LINT-32)
   Pin 'in_B[44]' is connected to logic 0. 
Warning: In design 'fmul_rounder_mydesign_0', a pin on submodule 'add_53_00' is connected to logic 1 or logic 0. (LINT-32)
   Pin 'in_B[43]' is connected to logic 0. 
Warning: In design 'fmul_rounder_mydesign_0', a pin on submodule 'add_53_00' is connected to logic 1 or logic 0. (LINT-32)
   Pin 'in_B[42]' is connected to logic 0. 
Warning: In design 'fmul_rounder_mydesign_0', a pin on submodule 'add_53_00' is connected to logic 1 or logic 0. (LINT-32)
   Pin 'in_B[41]' is connected to logic 0. 
Warning: In design 'fmul_rounder_mydesign_0', a pin on submodule 'add_53_00' is connected to logic 1 or logic 0. (LINT-32)
   Pin 'in_B[40]' is connected to logic 0. 
Warning: In design 'fmul_rounder_mydesign_0', a pin on submodule 'add_53_00' is connected to logic 1 or logic 0. (LINT-32)
   Pin 'in_B[39]' is connected to logic 0. 
Warning: In design 'fmul_rounder_mydesign_0', a pin on submodule 'add_53_00' is connected to logic 1 or logic 0. (LINT-32)
   Pin 'in_B[38]' is connected to logic 0. 
Warning: In design 'fmul_rounder_mydesign_0', a pin on submodule 'add_53_00' is connected to logic 1 or logic 0. (LINT-32)
   Pin 'in_B[37]' is connected to logic 0. 
Warning: In design 'fmul_rounder_mydesign_0', a pin on submodule 'add_53_00' is connected to logic 1 or logic 0. (LINT-32)
   Pin 'in_B[36]' is connected to logic 0. 
Warning: In design 'fmul_rounder_mydesign_0', a pin on submodule 'add_53_00' is connected to logic 1 or logic 0. (LINT-32)
   Pin 'in_B[35]' is connected to logic 0. 
Warning: In design 'fmul_rounder_mydesign_0', a pin on submodule 'add_53_00' is connected to logic 1 or logic 0. (LINT-32)
   Pin 'in_B[34]' is connected to logic 0. 
Warning: In design 'fmul_rounder_mydesign_0', a pin on submodule 'add_53_00' is connected to logic 1 or logic 0. (LINT-32)
   Pin 'in_B[33]' is connected to logic 0. 
Warning: In design 'fmul_rounder_mydesign_0', a pin on submodule 'add_53_00' is connected to logic 1 or logic 0. (LINT-32)
   Pin 'in_B[32]' is connected to logic 0. 
Warning: In design 'fmul_rounder_mydesign_0', a pin on submodule 'add_53_00' is connected to logic 1 or logic 0. (LINT-32)
   Pin 'in_B[31]' is connected to logic 0. 
Warning: In design 'fmul_rounder_mydesign_0', a pin on submodule 'add_53_00' is connected to logic 1 or logic 0. (LINT-32)
   Pin 'in_B[30]' is connected to logic 0. 
Warning: In design 'fmul_rounder_mydesign_0', a pin on submodule 'add_53_00' is connected to logic 1 or logic 0. (LINT-32)
   Pin 'in_B[29]' is connected to logic 0. 
Warning: In design 'fmul_rounder_mydesign_0', a pin on submodule 'add_53_00' is connected to logic 1 or logic 0. (LINT-32)
   Pin 'in_B[28]' is connected to logic 0. 
Warning: In design 'fmul_rounder_mydesign_0', a pin on submodule 'add_53_00' is connected to logic 1 or logic 0. (LINT-32)
   Pin 'in_B[27]' is connected to logic 0. 
Warning: In design 'fmul_rounder_mydesign_0', a pin on submodule 'add_53_00' is connected to logic 1 or logic 0. (LINT-32)
   Pin 'in_B[26]' is connected to logic 0. 
Warning: In design 'fmul_rounder_mydesign_0', a pin on submodule 'add_53_00' is connected to logic 1 or logic 0. (LINT-32)
   Pin 'in_B[25]' is connected to logic 0. 
Warning: In design 'fmul_rounder_mydesign_0', a pin on submodule 'add_53_00' is connected to logic 1 or logic 0. (LINT-32)
   Pin 'in_B[24]' is connected to logic 0. 
Warning: In design 'fmul_rounder_mydesign_0', a pin on submodule 'add_53_00' is connected to logic 1 or logic 0. (LINT-32)
   Pin 'in_B[23]' is connected to logic 0. 
Warning: In design 'fmul_rounder_mydesign_0', a pin on submodule 'add_53_00' is connected to logic 1 or logic 0. (LINT-32)
   Pin 'in_B[22]' is connected to logic 0. 
Warning: In design 'fmul_rounder_mydesign_0', a pin on submodule 'add_53_00' is connected to logic 1 or logic 0. (LINT-32)
   Pin 'in_B[21]' is connected to logic 0. 
Warning: In design 'fmul_rounder_mydesign_0', a pin on submodule 'add_53_00' is connected to logic 1 or logic 0. (LINT-32)
   Pin 'in_B[20]' is connected to logic 0. 
Warning: In design 'fmul_rounder_mydesign_0', a pin on submodule 'add_53_00' is connected to logic 1 or logic 0. (LINT-32)
   Pin 'in_B[19]' is connected to logic 0. 
Warning: In design 'fmul_rounder_mydesign_0', a pin on submodule 'add_53_00' is connected to logic 1 or logic 0. (LINT-32)
   Pin 'in_B[18]' is connected to logic 0. 
Warning: In design 'fmul_rounder_mydesign_0', a pin on submodule 'add_53_00' is connected to logic 1 or logic 0. (LINT-32)
   Pin 'in_B[17]' is connected to logic 0. 
Warning: In design 'fmul_rounder_mydesign_0', a pin on submodule 'add_53_00' is connected to logic 1 or logic 0. (LINT-32)
   Pin 'in_B[16]' is connected to logic 0. 
Warning: In design 'fmul_rounder_mydesign_0', a pin on submodule 'add_53_00' is connected to logic 1 or logic 0. (LINT-32)
   Pin 'in_B[15]' is connected to logic 0. 
Warning: In design 'fmul_rounder_mydesign_0', a pin on submodule 'add_53_00' is connected to logic 1 or logic 0. (LINT-32)
   Pin 'in_B[14]' is connected to logic 0. 
Warning: In design 'fmul_rounder_mydesign_0', a pin on submodule 'add_53_00' is connected to logic 1 or logic 0. (LINT-32)
   Pin 'in_B[13]' is connected to logic 0. 
Warning: In design 'fmul_rounder_mydesign_0', a pin on submodule 'add_53_00' is connected to logic 1 or logic 0. (LINT-32)
   Pin 'in_B[12]' is connected to logic 0. 
Warning: In design 'fmul_rounder_mydesign_0', a pin on submodule 'add_53_00' is connected to logic 1 or logic 0. (LINT-32)
   Pin 'in_B[11]' is connected to logic 0. 
Warning: In design 'fmul_rounder_mydesign_0', a pin on submodule 'add_53_00' is connected to logic 1 or logic 0. (LINT-32)
   Pin 'in_B[10]' is connected to logic 0. 
Warning: In design 'fmul_rounder_mydesign_0', a pin on submodule 'add_53_00' is connected to logic 1 or logic 0. (LINT-32)
   Pin 'in_B[9]' is connected to logic 0. 
Warning: In design 'fmul_rounder_mydesign_0', a pin on submodule 'add_53_00' is connected to logic 1 or logic 0. (LINT-32)
   Pin 'in_B[8]' is connected to logic 0. 
Warning: In design 'fmul_rounder_mydesign_0', a pin on submodule 'add_53_00' is connected to logic 1 or logic 0. (LINT-32)
   Pin 'in_B[7]' is connected to logic 0. 
Warning: In design 'fmul_rounder_mydesign_0', a pin on submodule 'add_53_00' is connected to logic 1 or logic 0. (LINT-32)
   Pin 'in_B[6]' is connected to logic 0. 
Warning: In design 'fmul_rounder_mydesign_0', a pin on submodule 'add_53_00' is connected to logic 1 or logic 0. (LINT-32)
   Pin 'in_B[5]' is connected to logic 0. 
Warning: In design 'fmul_rounder_mydesign_0', a pin on submodule 'add_53_00' is connected to logic 1 or logic 0. (LINT-32)
   Pin 'in_B[4]' is connected to logic 0. 
Warning: In design 'fmul_rounder_mydesign_0', a pin on submodule 'add_53_00' is connected to logic 1 or logic 0. (LINT-32)
   Pin 'in_B[3]' is connected to logic 0. 
Warning: In design 'fmul_rounder_mydesign_0', a pin on submodule 'add_53_00' is connected to logic 1 or logic 0. (LINT-32)
   Pin 'in_B[2]' is connected to logic 0. 
Warning: In design 'fmul_rounder_mydesign_0', a pin on submodule 'add_53_00' is connected to logic 1 or logic 0. (LINT-32)
   Pin 'in_B[1]' is connected to logic 0. 
Warning: In design 'fmul_rounder_mydesign_0', a pin on submodule 'add_53_00' is connected to logic 1 or logic 0. (LINT-32)
   Pin 'in_B[0]' is connected to logic 1. 
Warning: In design 'fmul_rounder_mydesign_0', a pin on submodule 'add_13_01' is connected to logic 1 or logic 0. (LINT-32)
   Pin 'in_B[12]' is connected to logic 0. 
Warning: In design 'fmul_rounder_mydesign_0', a pin on submodule 'add_13_01' is connected to logic 1 or logic 0. (LINT-32)
   Pin 'in_B[11]' is connected to logic 0. 
Warning: In design 'fmul_rounder_mydesign_0', a pin on submodule 'add_13_01' is connected to logic 1 or logic 0. (LINT-32)
   Pin 'in_B[10]' is connected to logic 0. 
Warning: In design 'fmul_rounder_mydesign_0', a pin on submodule 'add_13_01' is connected to logic 1 or logic 0. (LINT-32)
   Pin 'in_B[9]' is connected to logic 0. 
Warning: In design 'fmul_rounder_mydesign_0', a pin on submodule 'add_13_01' is connected to logic 1 or logic 0. (LINT-32)
   Pin 'in_B[8]' is connected to logic 0. 
Warning: In design 'fmul_rounder_mydesign_0', a pin on submodule 'add_13_01' is connected to logic 1 or logic 0. (LINT-32)
   Pin 'in_B[7]' is connected to logic 0. 
Warning: In design 'fmul_rounder_mydesign_0', a pin on submodule 'add_13_01' is connected to logic 1 or logic 0. (LINT-32)
   Pin 'in_B[6]' is connected to logic 0. 
Warning: In design 'fmul_rounder_mydesign_0', a pin on submodule 'add_13_01' is connected to logic 1 or logic 0. (LINT-32)
   Pin 'in_B[5]' is connected to logic 0. 
Warning: In design 'fmul_rounder_mydesign_0', a pin on submodule 'add_13_01' is connected to logic 1 or logic 0. (LINT-32)
   Pin 'in_B[4]' is connected to logic 0. 
Warning: In design 'fmul_rounder_mydesign_0', a pin on submodule 'add_13_01' is connected to logic 1 or logic 0. (LINT-32)
   Pin 'in_B[3]' is connected to logic 0. 
Warning: In design 'fmul_rounder_mydesign_0', a pin on submodule 'add_13_01' is connected to logic 1 or logic 0. (LINT-32)
   Pin 'in_B[2]' is connected to logic 0. 
Warning: In design 'fmul_rounder_mydesign_0', a pin on submodule 'add_13_01' is connected to logic 1 or logic 0. (LINT-32)
   Pin 'in_B[1]' is connected to logic 0. 
Warning: In design 'fmul_rounder_mydesign_0', a pin on submodule 'add_13_01' is connected to logic 1 or logic 0. (LINT-32)
   Pin 'in_B[0]' is connected to logic 1. 
Warning: In design 'fmul_rounder_mydesign_0', a pin on submodule 'add_13_02' is connected to logic 1 or logic 0. (LINT-32)
   Pin 'in_B[12]' is connected to logic 0. 
Warning: In design 'fmul_rounder_mydesign_0', a pin on submodule 'add_13_02' is connected to logic 1 or logic 0. (LINT-32)
   Pin 'in_B[11]' is connected to logic 0. 
Warning: In design 'fmul_rounder_mydesign_0', a pin on submodule 'add_13_02' is connected to logic 1 or logic 0. (LINT-32)
   Pin 'in_B[10]' is connected to logic 0. 
Warning: In design 'fmul_rounder_mydesign_0', a pin on submodule 'add_13_02' is connected to logic 1 or logic 0. (LINT-32)
   Pin 'in_B[9]' is connected to logic 0. 
Warning: In design 'fmul_rounder_mydesign_0', a pin on submodule 'add_13_02' is connected to logic 1 or logic 0. (LINT-32)
   Pin 'in_B[8]' is connected to logic 0. 
Warning: In design 'fmul_rounder_mydesign_0', a pin on submodule 'add_13_02' is connected to logic 1 or logic 0. (LINT-32)
   Pin 'in_B[7]' is connected to logic 0. 
Warning: In design 'fmul_rounder_mydesign_0', a pin on submodule 'add_13_02' is connected to logic 1 or logic 0. (LINT-32)
   Pin 'in_B[6]' is connected to logic 0. 
Warning: In design 'fmul_rounder_mydesign_0', a pin on submodule 'add_13_02' is connected to logic 1 or logic 0. (LINT-32)
   Pin 'in_B[5]' is connected to logic 0. 
Warning: In design 'fmul_rounder_mydesign_0', a pin on submodule 'add_13_02' is connected to logic 1 or logic 0. (LINT-32)
   Pin 'in_B[4]' is connected to logic 0. 
Warning: In design 'fmul_rounder_mydesign_0', a pin on submodule 'add_13_02' is connected to logic 1 or logic 0. (LINT-32)
   Pin 'in_B[3]' is connected to logic 0. 
Warning: In design 'fmul_rounder_mydesign_0', a pin on submodule 'add_13_02' is connected to logic 1 or logic 0. (LINT-32)
   Pin 'in_B[2]' is connected to logic 0. 
Warning: In design 'fmul_rounder_mydesign_0', a pin on submodule 'add_13_02' is connected to logic 1 or logic 0. (LINT-32)
   Pin 'in_B[1]' is connected to logic 0. 
Warning: In design 'fmul_rounder_mydesign_0', a pin on submodule 'LOD_00' is connected to logic 1 or logic 0. (LINT-32)
   Pin 'A[10]' is connected to logic 1. 
Warning: In design 'fmul_rounder_mydesign_0', a pin on submodule 'LOD_00' is connected to logic 1 or logic 0. (LINT-32)
   Pin 'A[9]' is connected to logic 1. 
Warning: In design 'fmul_rounder_mydesign_0', a pin on submodule 'LOD_00' is connected to logic 1 or logic 0. (LINT-32)
   Pin 'A[8]' is connected to logic 1. 
Warning: In design 'fmul_rounder_mydesign_0', a pin on submodule 'LOD_00' is connected to logic 1 or logic 0. (LINT-32)
   Pin 'A[7]' is connected to logic 1. 
Warning: In design 'fmul_rounder_mydesign_0', a pin on submodule 'LOD_00' is connected to logic 1 or logic 0. (LINT-32)
   Pin 'A[6]' is connected to logic 1. 
Warning: In design 'fmul_rounder_mydesign_0', a pin on submodule 'LOD_00' is connected to logic 1 or logic 0. (LINT-32)
   Pin 'A[5]' is connected to logic 1. 
Warning: In design 'fmul_rounder_mydesign_0', a pin on submodule 'LOD_00' is connected to logic 1 or logic 0. (LINT-32)
   Pin 'A[4]' is connected to logic 1. 
Warning: In design 'fmul_rounder_mydesign_0', a pin on submodule 'LOD_00' is connected to logic 1 or logic 0. (LINT-32)
   Pin 'A[3]' is connected to logic 1. 
Warning: In design 'fmul_rounder_mydesign_0', a pin on submodule 'LOD_00' is connected to logic 1 or logic 0. (LINT-32)
   Pin 'A[2]' is connected to logic 1. 
Warning: In design 'fmul_rounder_mydesign_0', a pin on submodule 'LOD_00' is connected to logic 1 or logic 0. (LINT-32)
   Pin 'A[1]' is connected to logic 1. 
Warning: In design 'fmul_rounder_mydesign_0', a pin on submodule 'LOD_00' is connected to logic 1 or logic 0. (LINT-32)
   Pin 'A[0]' is connected to logic 1. 
Warning: In design 'fmul_rounder_mydesign_0', a pin on submodule 'sub_13_00' is connected to logic 1 or logic 0. (LINT-32)
   Pin 'in_A[12]' is connected to logic 0. 
Warning: In design 'fmul_rounder_mydesign_0', a pin on submodule 'sub_13_00' is connected to logic 1 or logic 0. (LINT-32)
   Pin 'in_B[12]' is connected to logic 0. 
Warning: In design 'fmul_rounder_mydesign_1', a pin on submodule 'add_13_00' is connected to logic 1 or logic 0. (LINT-32)
   Pin 'in_B[12]' is connected to logic 0. 
Warning: In design 'fmul_rounder_mydesign_1', a pin on submodule 'add_13_00' is connected to logic 1 or logic 0. (LINT-32)
   Pin 'in_B[11]' is connected to logic 0. 
Warning: In design 'fmul_rounder_mydesign_1', a pin on submodule 'add_13_00' is connected to logic 1 or logic 0. (LINT-32)
   Pin 'in_B[10]' is connected to logic 0. 
Warning: In design 'fmul_rounder_mydesign_1', a pin on submodule 'add_13_00' is connected to logic 1 or logic 0. (LINT-32)
   Pin 'in_B[9]' is connected to logic 0. 
Warning: In design 'fmul_rounder_mydesign_1', a pin on submodule 'add_13_00' is connected to logic 1 or logic 0. (LINT-32)
   Pin 'in_B[8]' is connected to logic 0. 
Warning: In design 'fmul_rounder_mydesign_1', a pin on submodule 'add_13_00' is connected to logic 1 or logic 0. (LINT-32)
   Pin 'in_B[7]' is connected to logic 0. 
Warning: In design 'fmul_rounder_mydesign_1', a pin on submodule 'add_13_00' is connected to logic 1 or logic 0. (LINT-32)
   Pin 'in_B[6]' is connected to logic 0. 
Warning: In design 'fmul_rounder_mydesign_1', a pin on submodule 'add_13_00' is connected to logic 1 or logic 0. (LINT-32)
   Pin 'in_B[5]' is connected to logic 0. 
Warning: In design 'fmul_rounder_mydesign_1', a pin on submodule 'add_13_00' is connected to logic 1 or logic 0. (LINT-32)
   Pin 'in_B[4]' is connected to logic 0. 
Warning: In design 'fmul_rounder_mydesign_1', a pin on submodule 'add_13_00' is connected to logic 1 or logic 0. (LINT-32)
   Pin 'in_B[3]' is connected to logic 0. 
Warning: In design 'fmul_rounder_mydesign_1', a pin on submodule 'add_13_00' is connected to logic 1 or logic 0. (LINT-32)
   Pin 'in_B[2]' is connected to logic 0. 
Warning: In design 'fmul_rounder_mydesign_1', a pin on submodule 'add_13_00' is connected to logic 1 or logic 0. (LINT-32)
   Pin 'in_B[1]' is connected to logic 0. 
Warning: In design 'fmul_rounder_mydesign_1', a pin on submodule 'add_13_00' is connected to logic 1 or logic 0. (LINT-32)
   Pin 'in_B[0]' is connected to logic 1. 
Warning: In design 'fmul_rounder_mydesign_1', a pin on submodule 'add_53_00' is connected to logic 1 or logic 0. (LINT-32)
   Pin 'in_B[52]' is connected to logic 0. 
Warning: In design 'fmul_rounder_mydesign_1', a pin on submodule 'add_53_00' is connected to logic 1 or logic 0. (LINT-32)
   Pin 'in_B[51]' is connected to logic 0. 
Warning: In design 'fmul_rounder_mydesign_1', a pin on submodule 'add_53_00' is connected to logic 1 or logic 0. (LINT-32)
   Pin 'in_B[50]' is connected to logic 0. 
Warning: In design 'fmul_rounder_mydesign_1', a pin on submodule 'add_53_00' is connected to logic 1 or logic 0. (LINT-32)
   Pin 'in_B[49]' is connected to logic 0. 
Warning: In design 'fmul_rounder_mydesign_1', a pin on submodule 'add_53_00' is connected to logic 1 or logic 0. (LINT-32)
   Pin 'in_B[48]' is connected to logic 0. 
Warning: In design 'fmul_rounder_mydesign_1', a pin on submodule 'add_53_00' is connected to logic 1 or logic 0. (LINT-32)
   Pin 'in_B[47]' is connected to logic 0. 
Warning: In design 'fmul_rounder_mydesign_1', a pin on submodule 'add_53_00' is connected to logic 1 or logic 0. (LINT-32)
   Pin 'in_B[46]' is connected to logic 0. 
Warning: In design 'fmul_rounder_mydesign_1', a pin on submodule 'add_53_00' is connected to logic 1 or logic 0. (LINT-32)
   Pin 'in_B[45]' is connected to logic 0. 
Warning: In design 'fmul_rounder_mydesign_1', a pin on submodule 'add_53_00' is connected to logic 1 or logic 0. (LINT-32)
   Pin 'in_B[44]' is connected to logic 0. 
Warning: In design 'fmul_rounder_mydesign_1', a pin on submodule 'add_53_00' is connected to logic 1 or logic 0. (LINT-32)
   Pin 'in_B[43]' is connected to logic 0. 
Warning: In design 'fmul_rounder_mydesign_1', a pin on submodule 'add_53_00' is connected to logic 1 or logic 0. (LINT-32)
   Pin 'in_B[42]' is connected to logic 0. 
Warning: In design 'fmul_rounder_mydesign_1', a pin on submodule 'add_53_00' is connected to logic 1 or logic 0. (LINT-32)
   Pin 'in_B[41]' is connected to logic 0. 
Warning: In design 'fmul_rounder_mydesign_1', a pin on submodule 'add_53_00' is connected to logic 1 or logic 0. (LINT-32)
   Pin 'in_B[40]' is connected to logic 0. 
Warning: In design 'fmul_rounder_mydesign_1', a pin on submodule 'add_53_00' is connected to logic 1 or logic 0. (LINT-32)
   Pin 'in_B[39]' is connected to logic 0. 
Warning: In design 'fmul_rounder_mydesign_1', a pin on submodule 'add_53_00' is connected to logic 1 or logic 0. (LINT-32)
   Pin 'in_B[38]' is connected to logic 0. 
Warning: In design 'fmul_rounder_mydesign_1', a pin on submodule 'add_53_00' is connected to logic 1 or logic 0. (LINT-32)
   Pin 'in_B[37]' is connected to logic 0. 
Warning: In design 'fmul_rounder_mydesign_1', a pin on submodule 'add_53_00' is connected to logic 1 or logic 0. (LINT-32)
   Pin 'in_B[36]' is connected to logic 0. 
Warning: In design 'fmul_rounder_mydesign_1', a pin on submodule 'add_53_00' is connected to logic 1 or logic 0. (LINT-32)
   Pin 'in_B[35]' is connected to logic 0. 
Warning: In design 'fmul_rounder_mydesign_1', a pin on submodule 'add_53_00' is connected to logic 1 or logic 0. (LINT-32)
   Pin 'in_B[34]' is connected to logic 0. 
Warning: In design 'fmul_rounder_mydesign_1', a pin on submodule 'add_53_00' is connected to logic 1 or logic 0. (LINT-32)
   Pin 'in_B[33]' is connected to logic 0. 
Warning: In design 'fmul_rounder_mydesign_1', a pin on submodule 'add_53_00' is connected to logic 1 or logic 0. (LINT-32)
   Pin 'in_B[32]' is connected to logic 0. 
Warning: In design 'fmul_rounder_mydesign_1', a pin on submodule 'add_53_00' is connected to logic 1 or logic 0. (LINT-32)
   Pin 'in_B[31]' is connected to logic 0. 
Warning: In design 'fmul_rounder_mydesign_1', a pin on submodule 'add_53_00' is connected to logic 1 or logic 0. (LINT-32)
   Pin 'in_B[30]' is connected to logic 0. 
Warning: In design 'fmul_rounder_mydesign_1', a pin on submodule 'add_53_00' is connected to logic 1 or logic 0. (LINT-32)
   Pin 'in_B[29]' is connected to logic 0. 
Warning: In design 'fmul_rounder_mydesign_1', a pin on submodule 'add_53_00' is connected to logic 1 or logic 0. (LINT-32)
   Pin 'in_B[28]' is connected to logic 0. 
Warning: In design 'fmul_rounder_mydesign_1', a pin on submodule 'add_53_00' is connected to logic 1 or logic 0. (LINT-32)
   Pin 'in_B[27]' is connected to logic 0. 
Warning: In design 'fmul_rounder_mydesign_1', a pin on submodule 'add_53_00' is connected to logic 1 or logic 0. (LINT-32)
   Pin 'in_B[26]' is connected to logic 0. 
Warning: In design 'fmul_rounder_mydesign_1', a pin on submodule 'add_53_00' is connected to logic 1 or logic 0. (LINT-32)
   Pin 'in_B[25]' is connected to logic 0. 
Warning: In design 'fmul_rounder_mydesign_1', a pin on submodule 'add_53_00' is connected to logic 1 or logic 0. (LINT-32)
   Pin 'in_B[24]' is connected to logic 0. 
Warning: In design 'fmul_rounder_mydesign_1', a pin on submodule 'add_53_00' is connected to logic 1 or logic 0. (LINT-32)
   Pin 'in_B[23]' is connected to logic 0. 
Warning: In design 'fmul_rounder_mydesign_1', a pin on submodule 'add_53_00' is connected to logic 1 or logic 0. (LINT-32)
   Pin 'in_B[22]' is connected to logic 0. 
Warning: In design 'fmul_rounder_mydesign_1', a pin on submodule 'add_53_00' is connected to logic 1 or logic 0. (LINT-32)
   Pin 'in_B[21]' is connected to logic 0. 
Warning: In design 'fmul_rounder_mydesign_1', a pin on submodule 'add_53_00' is connected to logic 1 or logic 0. (LINT-32)
   Pin 'in_B[20]' is connected to logic 0. 
Warning: In design 'fmul_rounder_mydesign_1', a pin on submodule 'add_53_00' is connected to logic 1 or logic 0. (LINT-32)
   Pin 'in_B[19]' is connected to logic 0. 
Warning: In design 'fmul_rounder_mydesign_1', a pin on submodule 'add_53_00' is connected to logic 1 or logic 0. (LINT-32)
   Pin 'in_B[18]' is connected to logic 0. 
Warning: In design 'fmul_rounder_mydesign_1', a pin on submodule 'add_53_00' is connected to logic 1 or logic 0. (LINT-32)
   Pin 'in_B[17]' is connected to logic 0. 
Warning: In design 'fmul_rounder_mydesign_1', a pin on submodule 'add_53_00' is connected to logic 1 or logic 0. (LINT-32)
   Pin 'in_B[16]' is connected to logic 0. 
Warning: In design 'fmul_rounder_mydesign_1', a pin on submodule 'add_53_00' is connected to logic 1 or logic 0. (LINT-32)
   Pin 'in_B[15]' is connected to logic 0. 
Warning: In design 'fmul_rounder_mydesign_1', a pin on submodule 'add_53_00' is connected to logic 1 or logic 0. (LINT-32)
   Pin 'in_B[14]' is connected to logic 0. 
Warning: In design 'fmul_rounder_mydesign_1', a pin on submodule 'add_53_00' is connected to logic 1 or logic 0. (LINT-32)
   Pin 'in_B[13]' is connected to logic 0. 
Warning: In design 'fmul_rounder_mydesign_1', a pin on submodule 'add_53_00' is connected to logic 1 or logic 0. (LINT-32)
   Pin 'in_B[12]' is connected to logic 0. 
Warning: In design 'fmul_rounder_mydesign_1', a pin on submodule 'add_53_00' is connected to logic 1 or logic 0. (LINT-32)
   Pin 'in_B[11]' is connected to logic 0. 
Warning: In design 'fmul_rounder_mydesign_1', a pin on submodule 'add_53_00' is connected to logic 1 or logic 0. (LINT-32)
   Pin 'in_B[10]' is connected to logic 0. 
Warning: In design 'fmul_rounder_mydesign_1', a pin on submodule 'add_53_00' is connected to logic 1 or logic 0. (LINT-32)
   Pin 'in_B[9]' is connected to logic 0. 
Warning: In design 'fmul_rounder_mydesign_1', a pin on submodule 'add_53_00' is connected to logic 1 or logic 0. (LINT-32)
   Pin 'in_B[8]' is connected to logic 0. 
Warning: In design 'fmul_rounder_mydesign_1', a pin on submodule 'add_53_00' is connected to logic 1 or logic 0. (LINT-32)
   Pin 'in_B[7]' is connected to logic 0. 
Warning: In design 'fmul_rounder_mydesign_1', a pin on submodule 'add_53_00' is connected to logic 1 or logic 0. (LINT-32)
   Pin 'in_B[6]' is connected to logic 0. 
Warning: In design 'fmul_rounder_mydesign_1', a pin on submodule 'add_53_00' is connected to logic 1 or logic 0. (LINT-32)
   Pin 'in_B[5]' is connected to logic 0. 
Warning: In design 'fmul_rounder_mydesign_1', a pin on submodule 'add_53_00' is connected to logic 1 or logic 0. (LINT-32)
   Pin 'in_B[4]' is connected to logic 0. 
Warning: In design 'fmul_rounder_mydesign_1', a pin on submodule 'add_53_00' is connected to logic 1 or logic 0. (LINT-32)
   Pin 'in_B[3]' is connected to logic 0. 
Warning: In design 'fmul_rounder_mydesign_1', a pin on submodule 'add_53_00' is connected to logic 1 or logic 0. (LINT-32)
   Pin 'in_B[2]' is connected to logic 0. 
Warning: In design 'fmul_rounder_mydesign_1', a pin on submodule 'add_53_00' is connected to logic 1 or logic 0. (LINT-32)
   Pin 'in_B[1]' is connected to logic 0. 
Warning: In design 'fmul_rounder_mydesign_1', a pin on submodule 'add_53_00' is connected to logic 1 or logic 0. (LINT-32)
   Pin 'in_B[0]' is connected to logic 1. 
Warning: In design 'fmul_rounder_mydesign_1', a pin on submodule 'add_13_01' is connected to logic 1 or logic 0. (LINT-32)
   Pin 'in_B[12]' is connected to logic 0. 
Warning: In design 'fmul_rounder_mydesign_1', a pin on submodule 'add_13_01' is connected to logic 1 or logic 0. (LINT-32)
   Pin 'in_B[11]' is connected to logic 0. 
Warning: In design 'fmul_rounder_mydesign_1', a pin on submodule 'add_13_01' is connected to logic 1 or logic 0. (LINT-32)
   Pin 'in_B[10]' is connected to logic 0. 
Warning: In design 'fmul_rounder_mydesign_1', a pin on submodule 'add_13_01' is connected to logic 1 or logic 0. (LINT-32)
   Pin 'in_B[9]' is connected to logic 0. 
Warning: In design 'fmul_rounder_mydesign_1', a pin on submodule 'add_13_01' is connected to logic 1 or logic 0. (LINT-32)
   Pin 'in_B[8]' is connected to logic 0. 
Warning: In design 'fmul_rounder_mydesign_1', a pin on submodule 'add_13_01' is connected to logic 1 or logic 0. (LINT-32)
   Pin 'in_B[7]' is connected to logic 0. 
Warning: In design 'fmul_rounder_mydesign_1', a pin on submodule 'add_13_01' is connected to logic 1 or logic 0. (LINT-32)
   Pin 'in_B[6]' is connected to logic 0. 
Warning: In design 'fmul_rounder_mydesign_1', a pin on submodule 'add_13_01' is connected to logic 1 or logic 0. (LINT-32)
   Pin 'in_B[5]' is connected to logic 0. 
Warning: In design 'fmul_rounder_mydesign_1', a pin on submodule 'add_13_01' is connected to logic 1 or logic 0. (LINT-32)
   Pin 'in_B[4]' is connected to logic 0. 
Warning: In design 'fmul_rounder_mydesign_1', a pin on submodule 'add_13_01' is connected to logic 1 or logic 0. (LINT-32)
   Pin 'in_B[3]' is connected to logic 0. 
Warning: In design 'fmul_rounder_mydesign_1', a pin on submodule 'add_13_01' is connected to logic 1 or logic 0. (LINT-32)
   Pin 'in_B[2]' is connected to logic 0. 
Warning: In design 'fmul_rounder_mydesign_1', a pin on submodule 'add_13_01' is connected to logic 1 or logic 0. (LINT-32)
   Pin 'in_B[1]' is connected to logic 0. 
Warning: In design 'fmul_rounder_mydesign_1', a pin on submodule 'add_13_01' is connected to logic 1 or logic 0. (LINT-32)
   Pin 'in_B[0]' is connected to logic 1. 
Warning: In design 'fmul_rounder_mydesign_1', a pin on submodule 'add_13_02' is connected to logic 1 or logic 0. (LINT-32)
   Pin 'in_B[12]' is connected to logic 0. 
Warning: In design 'fmul_rounder_mydesign_1', a pin on submodule 'add_13_02' is connected to logic 1 or logic 0. (LINT-32)
   Pin 'in_B[11]' is connected to logic 0. 
Warning: In design 'fmul_rounder_mydesign_1', a pin on submodule 'add_13_02' is connected to logic 1 or logic 0. (LINT-32)
   Pin 'in_B[10]' is connected to logic 0. 
Warning: In design 'fmul_rounder_mydesign_1', a pin on submodule 'add_13_02' is connected to logic 1 or logic 0. (LINT-32)
   Pin 'in_B[9]' is connected to logic 0. 
Warning: In design 'fmul_rounder_mydesign_1', a pin on submodule 'add_13_02' is connected to logic 1 or logic 0. (LINT-32)
   Pin 'in_B[8]' is connected to logic 0. 
Warning: In design 'fmul_rounder_mydesign_1', a pin on submodule 'add_13_02' is connected to logic 1 or logic 0. (LINT-32)
   Pin 'in_B[7]' is connected to logic 0. 
Warning: In design 'fmul_rounder_mydesign_1', a pin on submodule 'add_13_02' is connected to logic 1 or logic 0. (LINT-32)
   Pin 'in_B[6]' is connected to logic 0. 
Warning: In design 'fmul_rounder_mydesign_1', a pin on submodule 'add_13_02' is connected to logic 1 or logic 0. (LINT-32)
   Pin 'in_B[5]' is connected to logic 0. 
Warning: In design 'fmul_rounder_mydesign_1', a pin on submodule 'add_13_02' is connected to logic 1 or logic 0. (LINT-32)
   Pin 'in_B[4]' is connected to logic 0. 
Warning: In design 'fmul_rounder_mydesign_1', a pin on submodule 'add_13_02' is connected to logic 1 or logic 0. (LINT-32)
   Pin 'in_B[3]' is connected to logic 0. 
Warning: In design 'fmul_rounder_mydesign_1', a pin on submodule 'add_13_02' is connected to logic 1 or logic 0. (LINT-32)
   Pin 'in_B[2]' is connected to logic 0. 
Warning: In design 'fmul_rounder_mydesign_1', a pin on submodule 'add_13_02' is connected to logic 1 or logic 0. (LINT-32)
   Pin 'in_B[1]' is connected to logic 0. 
Warning: In design 'fmul_rounder_mydesign_1', a pin on submodule 'LOD_00' is connected to logic 1 or logic 0. (LINT-32)
   Pin 'A[10]' is connected to logic 1. 
Warning: In design 'fmul_rounder_mydesign_1', a pin on submodule 'LOD_00' is connected to logic 1 or logic 0. (LINT-32)
   Pin 'A[9]' is connected to logic 1. 
Warning: In design 'fmul_rounder_mydesign_1', a pin on submodule 'LOD_00' is connected to logic 1 or logic 0. (LINT-32)
   Pin 'A[8]' is connected to logic 1. 
Warning: In design 'fmul_rounder_mydesign_1', a pin on submodule 'LOD_00' is connected to logic 1 or logic 0. (LINT-32)
   Pin 'A[7]' is connected to logic 1. 
Warning: In design 'fmul_rounder_mydesign_1', a pin on submodule 'LOD_00' is connected to logic 1 or logic 0. (LINT-32)
   Pin 'A[6]' is connected to logic 1. 
Warning: In design 'fmul_rounder_mydesign_1', a pin on submodule 'LOD_00' is connected to logic 1 or logic 0. (LINT-32)
   Pin 'A[5]' is connected to logic 1. 
Warning: In design 'fmul_rounder_mydesign_1', a pin on submodule 'LOD_00' is connected to logic 1 or logic 0. (LINT-32)
   Pin 'A[4]' is connected to logic 1. 
Warning: In design 'fmul_rounder_mydesign_1', a pin on submodule 'LOD_00' is connected to logic 1 or logic 0. (LINT-32)
   Pin 'A[3]' is connected to logic 1. 
Warning: In design 'fmul_rounder_mydesign_1', a pin on submodule 'LOD_00' is connected to logic 1 or logic 0. (LINT-32)
   Pin 'A[2]' is connected to logic 1. 
Warning: In design 'fmul_rounder_mydesign_1', a pin on submodule 'LOD_00' is connected to logic 1 or logic 0. (LINT-32)
   Pin 'A[1]' is connected to logic 1. 
Warning: In design 'fmul_rounder_mydesign_1', a pin on submodule 'LOD_00' is connected to logic 1 or logic 0. (LINT-32)
   Pin 'A[0]' is connected to logic 1. 
Warning: In design 'fmul_rounder_mydesign_1', a pin on submodule 'sub_13_00' is connected to logic 1 or logic 0. (LINT-32)
   Pin 'in_A[12]' is connected to logic 0. 
Warning: In design 'fmul_rounder_mydesign_1', a pin on submodule 'sub_13_00' is connected to logic 1 or logic 0. (LINT-32)
   Pin 'in_B[12]' is connected to logic 0. 
Warning: In design 'CLA33_mydesign_0', a pin on submodule 'CLA1' is connected to logic 1 or logic 0. (LINT-32)
   Pin 'Cin' is connected to logic 0. 
Warning: In design 'CLA33_mydesign_0', a pin on submodule 'CLA2' is connected to logic 1 or logic 0. (LINT-32)
   Pin 'Cin' is connected to logic 0. 
Warning: In design 'CLA33_mydesign_0', a pin on submodule 'CLA3' is connected to logic 1 or logic 0. (LINT-32)
   Pin 'Cin' is connected to logic 1. 
Warning: In design 'CLA33_mydesign_0', a pin on submodule 'CLA4' is connected to logic 1 or logic 0. (LINT-32)
   Pin 'Cin' is connected to logic 0. 
Warning: In design 'CLA33_mydesign_0', a pin on submodule 'CLA5' is connected to logic 1 or logic 0. (LINT-32)
   Pin 'Cin' is connected to logic 1. 
Warning: In design 'CLA33_mydesign_0', a pin on submodule 'CLA6' is connected to logic 1 or logic 0. (LINT-32)
   Pin 'Cin' is connected to logic 0. 
Warning: In design 'CLA33_mydesign_0', a pin on submodule 'CLA7' is connected to logic 1 or logic 0. (LINT-32)
   Pin 'Cin' is connected to logic 1. 
Warning: In design 'CLA33_mydesign_0', a pin on submodule 'FA1' is connected to logic 1 or logic 0. (LINT-32)
   Pin 'Cin' is connected to logic 0. 
Warning: In design 'CLA33_mydesign_0', a pin on submodule 'FA2' is connected to logic 1 or logic 0. (LINT-32)
   Pin 'Cin' is connected to logic 1. 
Warning: In design 'CLA33_mydesign_1', a pin on submodule 'CLA1' is connected to logic 1 or logic 0. (LINT-32)
   Pin 'Cin' is connected to logic 0. 
Warning: In design 'CLA33_mydesign_1', a pin on submodule 'CLA2' is connected to logic 1 or logic 0. (LINT-32)
   Pin 'Cin' is connected to logic 0. 
Warning: In design 'CLA33_mydesign_1', a pin on submodule 'CLA3' is connected to logic 1 or logic 0. (LINT-32)
   Pin 'Cin' is connected to logic 1. 
Warning: In design 'CLA33_mydesign_1', a pin on submodule 'CLA4' is connected to logic 1 or logic 0. (LINT-32)
   Pin 'Cin' is connected to logic 0. 
Warning: In design 'CLA33_mydesign_1', a pin on submodule 'CLA5' is connected to logic 1 or logic 0. (LINT-32)
   Pin 'Cin' is connected to logic 1. 
Warning: In design 'CLA33_mydesign_1', a pin on submodule 'CLA6' is connected to logic 1 or logic 0. (LINT-32)
   Pin 'Cin' is connected to logic 0. 
Warning: In design 'CLA33_mydesign_1', a pin on submodule 'CLA7' is connected to logic 1 or logic 0. (LINT-32)
   Pin 'Cin' is connected to logic 1. 
Warning: In design 'CLA33_mydesign_1', a pin on submodule 'FA1' is connected to logic 1 or logic 0. (LINT-32)
   Pin 'Cin' is connected to logic 0. 
Warning: In design 'CLA33_mydesign_1', a pin on submodule 'FA2' is connected to logic 1 or logic 0. (LINT-32)
   Pin 'Cin' is connected to logic 1. 
Warning: In design 'CLA33_mydesign_2', a pin on submodule 'CLA1' is connected to logic 1 or logic 0. (LINT-32)
   Pin 'Cin' is connected to logic 0. 
Warning: In design 'CLA33_mydesign_2', a pin on submodule 'CLA2' is connected to logic 1 or logic 0. (LINT-32)
   Pin 'Cin' is connected to logic 0. 
Warning: In design 'CLA33_mydesign_2', a pin on submodule 'CLA3' is connected to logic 1 or logic 0. (LINT-32)
   Pin 'Cin' is connected to logic 1. 
Warning: In design 'CLA33_mydesign_2', a pin on submodule 'CLA4' is connected to logic 1 or logic 0. (LINT-32)
   Pin 'Cin' is connected to logic 0. 
Warning: In design 'CLA33_mydesign_2', a pin on submodule 'CLA5' is connected to logic 1 or logic 0. (LINT-32)
   Pin 'Cin' is connected to logic 1. 
Warning: In design 'CLA33_mydesign_2', a pin on submodule 'CLA6' is connected to logic 1 or logic 0. (LINT-32)
   Pin 'Cin' is connected to logic 0. 
Warning: In design 'CLA33_mydesign_2', a pin on submodule 'CLA7' is connected to logic 1 or logic 0. (LINT-32)
   Pin 'Cin' is connected to logic 1. 
Warning: In design 'CLA33_mydesign_2', a pin on submodule 'FA1' is connected to logic 1 or logic 0. (LINT-32)
   Pin 'Cin' is connected to logic 0. 
Warning: In design 'CLA33_mydesign_2', a pin on submodule 'FA2' is connected to logic 1 or logic 0. (LINT-32)
   Pin 'Cin' is connected to logic 1. 
Warning: In design 'CLA33_mydesign_3', a pin on submodule 'CLA1' is connected to logic 1 or logic 0. (LINT-32)
   Pin 'Cin' is connected to logic 0. 
Warning: In design 'CLA33_mydesign_3', a pin on submodule 'CLA2' is connected to logic 1 or logic 0. (LINT-32)
   Pin 'Cin' is connected to logic 0. 
Warning: In design 'CLA33_mydesign_3', a pin on submodule 'CLA3' is connected to logic 1 or logic 0. (LINT-32)
   Pin 'Cin' is connected to logic 1. 
Warning: In design 'CLA33_mydesign_3', a pin on submodule 'CLA4' is connected to logic 1 or logic 0. (LINT-32)
   Pin 'Cin' is connected to logic 0. 
Warning: In design 'CLA33_mydesign_3', a pin on submodule 'CLA5' is connected to logic 1 or logic 0. (LINT-32)
   Pin 'Cin' is connected to logic 1. 
Warning: In design 'CLA33_mydesign_3', a pin on submodule 'CLA6' is connected to logic 1 or logic 0. (LINT-32)
   Pin 'Cin' is connected to logic 0. 
Warning: In design 'CLA33_mydesign_3', a pin on submodule 'CLA7' is connected to logic 1 or logic 0. (LINT-32)
   Pin 'Cin' is connected to logic 1. 
Warning: In design 'CLA33_mydesign_3', a pin on submodule 'FA1' is connected to logic 1 or logic 0. (LINT-32)
   Pin 'Cin' is connected to logic 0. 
Warning: In design 'CLA33_mydesign_3', a pin on submodule 'FA2' is connected to logic 1 or logic 0. (LINT-32)
   Pin 'Cin' is connected to logic 1. 
Warning: In design 'CLA33_mydesign_4', a pin on submodule 'CLA1' is connected to logic 1 or logic 0. (LINT-32)
   Pin 'Cin' is connected to logic 0. 
Warning: In design 'CLA33_mydesign_4', a pin on submodule 'CLA2' is connected to logic 1 or logic 0. (LINT-32)
   Pin 'Cin' is connected to logic 0. 
Warning: In design 'CLA33_mydesign_4', a pin on submodule 'CLA3' is connected to logic 1 or logic 0. (LINT-32)
   Pin 'Cin' is connected to logic 1. 
Warning: In design 'CLA33_mydesign_4', a pin on submodule 'CLA4' is connected to logic 1 or logic 0. (LINT-32)
   Pin 'Cin' is connected to logic 0. 
Warning: In design 'CLA33_mydesign_4', a pin on submodule 'CLA5' is connected to logic 1 or logic 0. (LINT-32)
   Pin 'Cin' is connected to logic 1. 
Warning: In design 'CLA33_mydesign_4', a pin on submodule 'CLA6' is connected to logic 1 or logic 0. (LINT-32)
   Pin 'Cin' is connected to logic 0. 
Warning: In design 'CLA33_mydesign_4', a pin on submodule 'CLA7' is connected to logic 1 or logic 0. (LINT-32)
   Pin 'Cin' is connected to logic 1. 
Warning: In design 'CLA33_mydesign_4', a pin on submodule 'FA1' is connected to logic 1 or logic 0. (LINT-32)
   Pin 'Cin' is connected to logic 0. 
Warning: In design 'CLA33_mydesign_4', a pin on submodule 'FA2' is connected to logic 1 or logic 0. (LINT-32)
   Pin 'Cin' is connected to logic 1. 
Warning: In design 'CLA33_mydesign_5', a pin on submodule 'CLA1' is connected to logic 1 or logic 0. (LINT-32)
   Pin 'Cin' is connected to logic 0. 
Warning: In design 'CLA33_mydesign_5', a pin on submodule 'CLA2' is connected to logic 1 or logic 0. (LINT-32)
   Pin 'Cin' is connected to logic 0. 
Warning: In design 'CLA33_mydesign_5', a pin on submodule 'CLA3' is connected to logic 1 or logic 0. (LINT-32)
   Pin 'Cin' is connected to logic 1. 
Warning: In design 'CLA33_mydesign_5', a pin on submodule 'CLA4' is connected to logic 1 or logic 0. (LINT-32)
   Pin 'Cin' is connected to logic 0. 
Warning: In design 'CLA33_mydesign_5', a pin on submodule 'CLA5' is connected to logic 1 or logic 0. (LINT-32)
   Pin 'Cin' is connected to logic 1. 
Warning: In design 'CLA33_mydesign_5', a pin on submodule 'CLA6' is connected to logic 1 or logic 0. (LINT-32)
   Pin 'Cin' is connected to logic 0. 
Warning: In design 'CLA33_mydesign_5', a pin on submodule 'CLA7' is connected to logic 1 or logic 0. (LINT-32)
   Pin 'Cin' is connected to logic 1. 
Warning: In design 'CLA33_mydesign_5', a pin on submodule 'FA1' is connected to logic 1 or logic 0. (LINT-32)
   Pin 'Cin' is connected to logic 0. 
Warning: In design 'CLA33_mydesign_5', a pin on submodule 'FA2' is connected to logic 1 or logic 0. (LINT-32)
   Pin 'Cin' is connected to logic 1. 
Warning: In design 'CLA33_mydesign_6', a pin on submodule 'CLA1' is connected to logic 1 or logic 0. (LINT-32)
   Pin 'Cin' is connected to logic 0. 
Warning: In design 'CLA33_mydesign_6', a pin on submodule 'CLA2' is connected to logic 1 or logic 0. (LINT-32)
   Pin 'Cin' is connected to logic 0. 
Warning: In design 'CLA33_mydesign_6', a pin on submodule 'CLA3' is connected to logic 1 or logic 0. (LINT-32)
   Pin 'Cin' is connected to logic 1. 
Warning: In design 'CLA33_mydesign_6', a pin on submodule 'CLA4' is connected to logic 1 or logic 0. (LINT-32)
   Pin 'Cin' is connected to logic 0. 
Warning: In design 'CLA33_mydesign_6', a pin on submodule 'CLA5' is connected to logic 1 or logic 0. (LINT-32)
   Pin 'Cin' is connected to logic 1. 
Warning: In design 'CLA33_mydesign_6', a pin on submodule 'CLA6' is connected to logic 1 or logic 0. (LINT-32)
   Pin 'Cin' is connected to logic 0. 
Warning: In design 'CLA33_mydesign_6', a pin on submodule 'CLA7' is connected to logic 1 or logic 0. (LINT-32)
   Pin 'Cin' is connected to logic 1. 
Warning: In design 'CLA33_mydesign_6', a pin on submodule 'FA1' is connected to logic 1 or logic 0. (LINT-32)
   Pin 'Cin' is connected to logic 0. 
Warning: In design 'CLA33_mydesign_6', a pin on submodule 'FA2' is connected to logic 1 or logic 0. (LINT-32)
   Pin 'Cin' is connected to logic 1. 
Warning: In design 'CLA17_mydesign_0', a pin on submodule 'CLA1' is connected to logic 1 or logic 0. (LINT-32)
   Pin 'Cin' is connected to logic 0. 
Warning: In design 'CLA17_mydesign_0', a pin on submodule 'CLA2' is connected to logic 1 or logic 0. (LINT-32)
   Pin 'Cin' is connected to logic 0. 
Warning: In design 'CLA17_mydesign_0', a pin on submodule 'CLA3' is connected to logic 1 or logic 0. (LINT-32)
   Pin 'Cin' is connected to logic 1. 
Warning: In design 'CLA17_mydesign_0', a pin on submodule 'FA1' is connected to logic 1 or logic 0. (LINT-32)
   Pin 'Cin' is connected to logic 0. 
Warning: In design 'CLA17_mydesign_0', a pin on submodule 'FA2' is connected to logic 1 or logic 0. (LINT-32)
   Pin 'Cin' is connected to logic 1. 
Warning: In design 'CLA17_mydesign_1', a pin on submodule 'CLA1' is connected to logic 1 or logic 0. (LINT-32)
   Pin 'Cin' is connected to logic 0. 
Warning: In design 'CLA17_mydesign_1', a pin on submodule 'CLA2' is connected to logic 1 or logic 0. (LINT-32)
   Pin 'Cin' is connected to logic 0. 
Warning: In design 'CLA17_mydesign_1', a pin on submodule 'CLA3' is connected to logic 1 or logic 0. (LINT-32)
   Pin 'Cin' is connected to logic 1. 
Warning: In design 'CLA17_mydesign_1', a pin on submodule 'FA1' is connected to logic 1 or logic 0. (LINT-32)
   Pin 'Cin' is connected to logic 0. 
Warning: In design 'CLA17_mydesign_1', a pin on submodule 'FA2' is connected to logic 1 or logic 0. (LINT-32)
   Pin 'Cin' is connected to logic 1. 
Warning: In design 'CLA17_mydesign_2', a pin on submodule 'CLA1' is connected to logic 1 or logic 0. (LINT-32)
   Pin 'Cin' is connected to logic 0. 
Warning: In design 'CLA17_mydesign_2', a pin on submodule 'CLA2' is connected to logic 1 or logic 0. (LINT-32)
   Pin 'Cin' is connected to logic 0. 
Warning: In design 'CLA17_mydesign_2', a pin on submodule 'CLA3' is connected to logic 1 or logic 0. (LINT-32)
   Pin 'Cin' is connected to logic 1. 
Warning: In design 'CLA17_mydesign_2', a pin on submodule 'FA1' is connected to logic 1 or logic 0. (LINT-32)
   Pin 'Cin' is connected to logic 0. 
Warning: In design 'CLA17_mydesign_2', a pin on submodule 'FA2' is connected to logic 1 or logic 0. (LINT-32)
   Pin 'Cin' is connected to logic 1. 
Warning: In design 'CLA17_mydesign_3', a pin on submodule 'CLA1' is connected to logic 1 or logic 0. (LINT-32)
   Pin 'Cin' is connected to logic 0. 
Warning: In design 'CLA17_mydesign_3', a pin on submodule 'CLA2' is connected to logic 1 or logic 0. (LINT-32)
   Pin 'Cin' is connected to logic 0. 
Warning: In design 'CLA17_mydesign_3', a pin on submodule 'CLA3' is connected to logic 1 or logic 0. (LINT-32)
   Pin 'Cin' is connected to logic 1. 
Warning: In design 'CLA17_mydesign_3', a pin on submodule 'FA1' is connected to logic 1 or logic 0. (LINT-32)
   Pin 'Cin' is connected to logic 0. 
Warning: In design 'CLA17_mydesign_3', a pin on submodule 'FA2' is connected to logic 1 or logic 0. (LINT-32)
   Pin 'Cin' is connected to logic 1. 
Warning: In design 'CLA17_mydesign_4', a pin on submodule 'CLA1' is connected to logic 1 or logic 0. (LINT-32)
   Pin 'Cin' is connected to logic 0. 
Warning: In design 'CLA17_mydesign_4', a pin on submodule 'CLA2' is connected to logic 1 or logic 0. (LINT-32)
   Pin 'Cin' is connected to logic 0. 
Warning: In design 'CLA17_mydesign_4', a pin on submodule 'CLA3' is connected to logic 1 or logic 0. (LINT-32)
   Pin 'Cin' is connected to logic 1. 
Warning: In design 'CLA17_mydesign_4', a pin on submodule 'FA1' is connected to logic 1 or logic 0. (LINT-32)
   Pin 'Cin' is connected to logic 0. 
Warning: In design 'CLA17_mydesign_4', a pin on submodule 'FA2' is connected to logic 1 or logic 0. (LINT-32)
   Pin 'Cin' is connected to logic 1. 
Warning: In design 'CLA17_mydesign_5', a pin on submodule 'CLA1' is connected to logic 1 or logic 0. (LINT-32)
   Pin 'Cin' is connected to logic 0. 
Warning: In design 'CLA17_mydesign_5', a pin on submodule 'CLA2' is connected to logic 1 or logic 0. (LINT-32)
   Pin 'Cin' is connected to logic 0. 
Warning: In design 'CLA17_mydesign_5', a pin on submodule 'CLA3' is connected to logic 1 or logic 0. (LINT-32)
   Pin 'Cin' is connected to logic 1. 
Warning: In design 'CLA17_mydesign_5', a pin on submodule 'FA1' is connected to logic 1 or logic 0. (LINT-32)
   Pin 'Cin' is connected to logic 0. 
Warning: In design 'CLA17_mydesign_5', a pin on submodule 'FA2' is connected to logic 1 or logic 0. (LINT-32)
   Pin 'Cin' is connected to logic 1. 
Warning: In design 'CLA17_mydesign_6', a pin on submodule 'CLA1' is connected to logic 1 or logic 0. (LINT-32)
   Pin 'Cin' is connected to logic 0. 
Warning: In design 'CLA17_mydesign_6', a pin on submodule 'CLA2' is connected to logic 1 or logic 0. (LINT-32)
   Pin 'Cin' is connected to logic 0. 
Warning: In design 'CLA17_mydesign_6', a pin on submodule 'CLA3' is connected to logic 1 or logic 0. (LINT-32)
   Pin 'Cin' is connected to logic 1. 
Warning: In design 'CLA17_mydesign_6', a pin on submodule 'FA1' is connected to logic 1 or logic 0. (LINT-32)
   Pin 'Cin' is connected to logic 0. 
Warning: In design 'CLA17_mydesign_6', a pin on submodule 'FA2' is connected to logic 1 or logic 0. (LINT-32)
   Pin 'Cin' is connected to logic 1. 
Warning: In design 'sub_12_mydesign_0', a pin on submodule 'CLA8_zero' is connected to logic 1 or logic 0. (LINT-32)
   Pin 'Cin' is connected to logic 1. 
Warning: In design 'sub_12_mydesign_0', a pin on submodule 'GEN_CLA8[1].CLA8_0' is connected to logic 1 or logic 0. (LINT-32)
   Pin 'Cin' is connected to logic 0. 
Warning: In design 'sub_12_mydesign_0', a pin on submodule 'GEN_CLA8[1].CLA8_0' is connected to logic 1 or logic 0. (LINT-32)
   Pin 'A[7]' is connected to logic 0. 
Warning: In design 'sub_12_mydesign_0', a pin on submodule 'GEN_CLA8[1].CLA8_0' is connected to logic 1 or logic 0. (LINT-32)
   Pin 'A[6]' is connected to logic 0. 
Warning: In design 'sub_12_mydesign_0', a pin on submodule 'GEN_CLA8[1].CLA8_0' is connected to logic 1 or logic 0. (LINT-32)
   Pin 'A[5]' is connected to logic 0. 
Warning: In design 'sub_12_mydesign_0', a pin on submodule 'GEN_CLA8[1].CLA8_0' is connected to logic 1 or logic 0. (LINT-32)
   Pin 'A[4]' is connected to logic 0. 
Warning: In design 'sub_12_mydesign_0', a pin on submodule 'GEN_CLA8[1].CLA8_0' is connected to logic 1 or logic 0. (LINT-32)
   Pin 'B[7]' is connected to logic 0. 
Warning: In design 'sub_12_mydesign_0', a pin on submodule 'GEN_CLA8[1].CLA8_0' is connected to logic 1 or logic 0. (LINT-32)
   Pin 'B[6]' is connected to logic 0. 
Warning: In design 'sub_12_mydesign_0', a pin on submodule 'GEN_CLA8[1].CLA8_0' is connected to logic 1 or logic 0. (LINT-32)
   Pin 'B[5]' is connected to logic 0. 
Warning: In design 'sub_12_mydesign_0', a pin on submodule 'GEN_CLA8[1].CLA8_0' is connected to logic 1 or logic 0. (LINT-32)
   Pin 'B[4]' is connected to logic 0. 
Warning: In design 'sub_12_mydesign_0', a pin on submodule 'GEN_CLA8[1].CLA8_1' is connected to logic 1 or logic 0. (LINT-32)
   Pin 'Cin' is connected to logic 1. 
Warning: In design 'sub_12_mydesign_0', a pin on submodule 'GEN_CLA8[1].CLA8_1' is connected to logic 1 or logic 0. (LINT-32)
   Pin 'A[7]' is connected to logic 0. 
Warning: In design 'sub_12_mydesign_0', a pin on submodule 'GEN_CLA8[1].CLA8_1' is connected to logic 1 or logic 0. (LINT-32)
   Pin 'A[6]' is connected to logic 0. 
Warning: In design 'sub_12_mydesign_0', a pin on submodule 'GEN_CLA8[1].CLA8_1' is connected to logic 1 or logic 0. (LINT-32)
   Pin 'A[5]' is connected to logic 0. 
Warning: In design 'sub_12_mydesign_0', a pin on submodule 'GEN_CLA8[1].CLA8_1' is connected to logic 1 or logic 0. (LINT-32)
   Pin 'A[4]' is connected to logic 0. 
Warning: In design 'sub_12_mydesign_0', a pin on submodule 'GEN_CLA8[1].CLA8_1' is connected to logic 1 or logic 0. (LINT-32)
   Pin 'B[7]' is connected to logic 0. 
Warning: In design 'sub_12_mydesign_0', a pin on submodule 'GEN_CLA8[1].CLA8_1' is connected to logic 1 or logic 0. (LINT-32)
   Pin 'B[6]' is connected to logic 0. 
Warning: In design 'sub_12_mydesign_0', a pin on submodule 'GEN_CLA8[1].CLA8_1' is connected to logic 1 or logic 0. (LINT-32)
   Pin 'B[5]' is connected to logic 0. 
Warning: In design 'sub_12_mydesign_0', a pin on submodule 'GEN_CLA8[1].CLA8_1' is connected to logic 1 or logic 0. (LINT-32)
   Pin 'B[4]' is connected to logic 0. 
Warning: In design 'sub_12_mydesign_1', a pin on submodule 'CLA8_zero' is connected to logic 1 or logic 0. (LINT-32)
   Pin 'Cin' is connected to logic 1. 
Warning: In design 'sub_12_mydesign_1', a pin on submodule 'GEN_CLA8[1].CLA8_0' is connected to logic 1 or logic 0. (LINT-32)
   Pin 'Cin' is connected to logic 0. 
Warning: In design 'sub_12_mydesign_1', a pin on submodule 'GEN_CLA8[1].CLA8_0' is connected to logic 1 or logic 0. (LINT-32)
   Pin 'A[7]' is connected to logic 0. 
Warning: In design 'sub_12_mydesign_1', a pin on submodule 'GEN_CLA8[1].CLA8_0' is connected to logic 1 or logic 0. (LINT-32)
   Pin 'A[6]' is connected to logic 0. 
Warning: In design 'sub_12_mydesign_1', a pin on submodule 'GEN_CLA8[1].CLA8_0' is connected to logic 1 or logic 0. (LINT-32)
   Pin 'A[5]' is connected to logic 0. 
Warning: In design 'sub_12_mydesign_1', a pin on submodule 'GEN_CLA8[1].CLA8_0' is connected to logic 1 or logic 0. (LINT-32)
   Pin 'A[4]' is connected to logic 0. 
Warning: In design 'sub_12_mydesign_1', a pin on submodule 'GEN_CLA8[1].CLA8_0' is connected to logic 1 or logic 0. (LINT-32)
   Pin 'B[7]' is connected to logic 0. 
Warning: In design 'sub_12_mydesign_1', a pin on submodule 'GEN_CLA8[1].CLA8_0' is connected to logic 1 or logic 0. (LINT-32)
   Pin 'B[6]' is connected to logic 0. 
Warning: In design 'sub_12_mydesign_1', a pin on submodule 'GEN_CLA8[1].CLA8_0' is connected to logic 1 or logic 0. (LINT-32)
   Pin 'B[5]' is connected to logic 0. 
Warning: In design 'sub_12_mydesign_1', a pin on submodule 'GEN_CLA8[1].CLA8_0' is connected to logic 1 or logic 0. (LINT-32)
   Pin 'B[4]' is connected to logic 0. 
Warning: In design 'sub_12_mydesign_1', a pin on submodule 'GEN_CLA8[1].CLA8_1' is connected to logic 1 or logic 0. (LINT-32)
   Pin 'Cin' is connected to logic 1. 
Warning: In design 'sub_12_mydesign_1', a pin on submodule 'GEN_CLA8[1].CLA8_1' is connected to logic 1 or logic 0. (LINT-32)
   Pin 'A[7]' is connected to logic 0. 
Warning: In design 'sub_12_mydesign_1', a pin on submodule 'GEN_CLA8[1].CLA8_1' is connected to logic 1 or logic 0. (LINT-32)
   Pin 'A[6]' is connected to logic 0. 
Warning: In design 'sub_12_mydesign_1', a pin on submodule 'GEN_CLA8[1].CLA8_1' is connected to logic 1 or logic 0. (LINT-32)
   Pin 'A[5]' is connected to logic 0. 
Warning: In design 'sub_12_mydesign_1', a pin on submodule 'GEN_CLA8[1].CLA8_1' is connected to logic 1 or logic 0. (LINT-32)
   Pin 'A[4]' is connected to logic 0. 
Warning: In design 'sub_12_mydesign_1', a pin on submodule 'GEN_CLA8[1].CLA8_1' is connected to logic 1 or logic 0. (LINT-32)
   Pin 'B[7]' is connected to logic 0. 
Warning: In design 'sub_12_mydesign_1', a pin on submodule 'GEN_CLA8[1].CLA8_1' is connected to logic 1 or logic 0. (LINT-32)
   Pin 'B[6]' is connected to logic 0. 
Warning: In design 'sub_12_mydesign_1', a pin on submodule 'GEN_CLA8[1].CLA8_1' is connected to logic 1 or logic 0. (LINT-32)
   Pin 'B[5]' is connected to logic 0. 
Warning: In design 'sub_12_mydesign_1', a pin on submodule 'GEN_CLA8[1].CLA8_1' is connected to logic 1 or logic 0. (LINT-32)
   Pin 'B[4]' is connected to logic 0. 
Warning: In design 'sub_12_mydesign_2', a pin on submodule 'CLA8_zero' is connected to logic 1 or logic 0. (LINT-32)
   Pin 'Cin' is connected to logic 1. 
Warning: In design 'sub_12_mydesign_2', a pin on submodule 'GEN_CLA8[1].CLA8_0' is connected to logic 1 or logic 0. (LINT-32)
   Pin 'Cin' is connected to logic 0. 
Warning: In design 'sub_12_mydesign_2', a pin on submodule 'GEN_CLA8[1].CLA8_0' is connected to logic 1 or logic 0. (LINT-32)
   Pin 'A[7]' is connected to logic 0. 
Warning: In design 'sub_12_mydesign_2', a pin on submodule 'GEN_CLA8[1].CLA8_0' is connected to logic 1 or logic 0. (LINT-32)
   Pin 'A[6]' is connected to logic 0. 
Warning: In design 'sub_12_mydesign_2', a pin on submodule 'GEN_CLA8[1].CLA8_0' is connected to logic 1 or logic 0. (LINT-32)
   Pin 'A[5]' is connected to logic 0. 
Warning: In design 'sub_12_mydesign_2', a pin on submodule 'GEN_CLA8[1].CLA8_0' is connected to logic 1 or logic 0. (LINT-32)
   Pin 'A[4]' is connected to logic 0. 
Warning: In design 'sub_12_mydesign_2', a pin on submodule 'GEN_CLA8[1].CLA8_0' is connected to logic 1 or logic 0. (LINT-32)
   Pin 'B[7]' is connected to logic 0. 
Warning: In design 'sub_12_mydesign_2', a pin on submodule 'GEN_CLA8[1].CLA8_0' is connected to logic 1 or logic 0. (LINT-32)
   Pin 'B[6]' is connected to logic 0. 
Warning: In design 'sub_12_mydesign_2', a pin on submodule 'GEN_CLA8[1].CLA8_0' is connected to logic 1 or logic 0. (LINT-32)
   Pin 'B[5]' is connected to logic 0. 
Warning: In design 'sub_12_mydesign_2', a pin on submodule 'GEN_CLA8[1].CLA8_0' is connected to logic 1 or logic 0. (LINT-32)
   Pin 'B[4]' is connected to logic 0. 
Warning: In design 'sub_12_mydesign_2', a pin on submodule 'GEN_CLA8[1].CLA8_1' is connected to logic 1 or logic 0. (LINT-32)
   Pin 'Cin' is connected to logic 1. 
Warning: In design 'sub_12_mydesign_2', a pin on submodule 'GEN_CLA8[1].CLA8_1' is connected to logic 1 or logic 0. (LINT-32)
   Pin 'A[7]' is connected to logic 0. 
Warning: In design 'sub_12_mydesign_2', a pin on submodule 'GEN_CLA8[1].CLA8_1' is connected to logic 1 or logic 0. (LINT-32)
   Pin 'A[6]' is connected to logic 0. 
Warning: In design 'sub_12_mydesign_2', a pin on submodule 'GEN_CLA8[1].CLA8_1' is connected to logic 1 or logic 0. (LINT-32)
   Pin 'A[5]' is connected to logic 0. 
Warning: In design 'sub_12_mydesign_2', a pin on submodule 'GEN_CLA8[1].CLA8_1' is connected to logic 1 or logic 0. (LINT-32)
   Pin 'A[4]' is connected to logic 0. 
Warning: In design 'sub_12_mydesign_2', a pin on submodule 'GEN_CLA8[1].CLA8_1' is connected to logic 1 or logic 0. (LINT-32)
   Pin 'B[7]' is connected to logic 0. 
Warning: In design 'sub_12_mydesign_2', a pin on submodule 'GEN_CLA8[1].CLA8_1' is connected to logic 1 or logic 0. (LINT-32)
   Pin 'B[6]' is connected to logic 0. 
Warning: In design 'sub_12_mydesign_2', a pin on submodule 'GEN_CLA8[1].CLA8_1' is connected to logic 1 or logic 0. (LINT-32)
   Pin 'B[5]' is connected to logic 0. 
Warning: In design 'sub_12_mydesign_2', a pin on submodule 'GEN_CLA8[1].CLA8_1' is connected to logic 1 or logic 0. (LINT-32)
   Pin 'B[4]' is connected to logic 0. 
Warning: In design 'sub_12_mydesign_3', a pin on submodule 'CLA8_zero' is connected to logic 1 or logic 0. (LINT-32)
   Pin 'Cin' is connected to logic 1. 
Warning: In design 'sub_12_mydesign_3', a pin on submodule 'GEN_CLA8[1].CLA8_0' is connected to logic 1 or logic 0. (LINT-32)
   Pin 'Cin' is connected to logic 0. 
Warning: In design 'sub_12_mydesign_3', a pin on submodule 'GEN_CLA8[1].CLA8_0' is connected to logic 1 or logic 0. (LINT-32)
   Pin 'A[7]' is connected to logic 0. 
Warning: In design 'sub_12_mydesign_3', a pin on submodule 'GEN_CLA8[1].CLA8_0' is connected to logic 1 or logic 0. (LINT-32)
   Pin 'A[6]' is connected to logic 0. 
Warning: In design 'sub_12_mydesign_3', a pin on submodule 'GEN_CLA8[1].CLA8_0' is connected to logic 1 or logic 0. (LINT-32)
   Pin 'A[5]' is connected to logic 0. 
Warning: In design 'sub_12_mydesign_3', a pin on submodule 'GEN_CLA8[1].CLA8_0' is connected to logic 1 or logic 0. (LINT-32)
   Pin 'A[4]' is connected to logic 0. 
Warning: In design 'sub_12_mydesign_3', a pin on submodule 'GEN_CLA8[1].CLA8_0' is connected to logic 1 or logic 0. (LINT-32)
   Pin 'B[7]' is connected to logic 0. 
Warning: In design 'sub_12_mydesign_3', a pin on submodule 'GEN_CLA8[1].CLA8_0' is connected to logic 1 or logic 0. (LINT-32)
   Pin 'B[6]' is connected to logic 0. 
Warning: In design 'sub_12_mydesign_3', a pin on submodule 'GEN_CLA8[1].CLA8_0' is connected to logic 1 or logic 0. (LINT-32)
   Pin 'B[5]' is connected to logic 0. 
Warning: In design 'sub_12_mydesign_3', a pin on submodule 'GEN_CLA8[1].CLA8_0' is connected to logic 1 or logic 0. (LINT-32)
   Pin 'B[4]' is connected to logic 0. 
Warning: In design 'sub_12_mydesign_3', a pin on submodule 'GEN_CLA8[1].CLA8_1' is connected to logic 1 or logic 0. (LINT-32)
   Pin 'Cin' is connected to logic 1. 
Warning: In design 'sub_12_mydesign_3', a pin on submodule 'GEN_CLA8[1].CLA8_1' is connected to logic 1 or logic 0. (LINT-32)
   Pin 'A[7]' is connected to logic 0. 
Warning: In design 'sub_12_mydesign_3', a pin on submodule 'GEN_CLA8[1].CLA8_1' is connected to logic 1 or logic 0. (LINT-32)
   Pin 'A[6]' is connected to logic 0. 
Warning: In design 'sub_12_mydesign_3', a pin on submodule 'GEN_CLA8[1].CLA8_1' is connected to logic 1 or logic 0. (LINT-32)
   Pin 'A[5]' is connected to logic 0. 
Warning: In design 'sub_12_mydesign_3', a pin on submodule 'GEN_CLA8[1].CLA8_1' is connected to logic 1 or logic 0. (LINT-32)
   Pin 'A[4]' is connected to logic 0. 
Warning: In design 'sub_12_mydesign_3', a pin on submodule 'GEN_CLA8[1].CLA8_1' is connected to logic 1 or logic 0. (LINT-32)
   Pin 'B[7]' is connected to logic 0. 
Warning: In design 'sub_12_mydesign_3', a pin on submodule 'GEN_CLA8[1].CLA8_1' is connected to logic 1 or logic 0. (LINT-32)
   Pin 'B[6]' is connected to logic 0. 
Warning: In design 'sub_12_mydesign_3', a pin on submodule 'GEN_CLA8[1].CLA8_1' is connected to logic 1 or logic 0. (LINT-32)
   Pin 'B[5]' is connected to logic 0. 
Warning: In design 'sub_12_mydesign_3', a pin on submodule 'GEN_CLA8[1].CLA8_1' is connected to logic 1 or logic 0. (LINT-32)
   Pin 'B[4]' is connected to logic 0. 
Warning: In design 'sub_12_mydesign_4', a pin on submodule 'CLA8_zero' is connected to logic 1 or logic 0. (LINT-32)
   Pin 'Cin' is connected to logic 1. 
Warning: In design 'sub_12_mydesign_4', a pin on submodule 'GEN_CLA8[1].CLA8_0' is connected to logic 1 or logic 0. (LINT-32)
   Pin 'Cin' is connected to logic 0. 
Warning: In design 'sub_12_mydesign_4', a pin on submodule 'GEN_CLA8[1].CLA8_0' is connected to logic 1 or logic 0. (LINT-32)
   Pin 'A[7]' is connected to logic 0. 
Warning: In design 'sub_12_mydesign_4', a pin on submodule 'GEN_CLA8[1].CLA8_0' is connected to logic 1 or logic 0. (LINT-32)
   Pin 'A[6]' is connected to logic 0. 
Warning: In design 'sub_12_mydesign_4', a pin on submodule 'GEN_CLA8[1].CLA8_0' is connected to logic 1 or logic 0. (LINT-32)
   Pin 'A[5]' is connected to logic 0. 
Warning: In design 'sub_12_mydesign_4', a pin on submodule 'GEN_CLA8[1].CLA8_0' is connected to logic 1 or logic 0. (LINT-32)
   Pin 'A[4]' is connected to logic 0. 
Warning: In design 'sub_12_mydesign_4', a pin on submodule 'GEN_CLA8[1].CLA8_0' is connected to logic 1 or logic 0. (LINT-32)
   Pin 'B[7]' is connected to logic 0. 
Warning: In design 'sub_12_mydesign_4', a pin on submodule 'GEN_CLA8[1].CLA8_0' is connected to logic 1 or logic 0. (LINT-32)
   Pin 'B[6]' is connected to logic 0. 
Warning: In design 'sub_12_mydesign_4', a pin on submodule 'GEN_CLA8[1].CLA8_0' is connected to logic 1 or logic 0. (LINT-32)
   Pin 'B[5]' is connected to logic 0. 
Warning: In design 'sub_12_mydesign_4', a pin on submodule 'GEN_CLA8[1].CLA8_0' is connected to logic 1 or logic 0. (LINT-32)
   Pin 'B[4]' is connected to logic 0. 
Warning: In design 'sub_12_mydesign_4', a pin on submodule 'GEN_CLA8[1].CLA8_1' is connected to logic 1 or logic 0. (LINT-32)
   Pin 'Cin' is connected to logic 1. 
Warning: In design 'sub_12_mydesign_4', a pin on submodule 'GEN_CLA8[1].CLA8_1' is connected to logic 1 or logic 0. (LINT-32)
   Pin 'A[7]' is connected to logic 0. 
Warning: In design 'sub_12_mydesign_4', a pin on submodule 'GEN_CLA8[1].CLA8_1' is connected to logic 1 or logic 0. (LINT-32)
   Pin 'A[6]' is connected to logic 0. 
Warning: In design 'sub_12_mydesign_4', a pin on submodule 'GEN_CLA8[1].CLA8_1' is connected to logic 1 or logic 0. (LINT-32)
   Pin 'A[5]' is connected to logic 0. 
Warning: In design 'sub_12_mydesign_4', a pin on submodule 'GEN_CLA8[1].CLA8_1' is connected to logic 1 or logic 0. (LINT-32)
   Pin 'A[4]' is connected to logic 0. 
Warning: In design 'sub_12_mydesign_4', a pin on submodule 'GEN_CLA8[1].CLA8_1' is connected to logic 1 or logic 0. (LINT-32)
   Pin 'B[7]' is connected to logic 0. 
Warning: In design 'sub_12_mydesign_4', a pin on submodule 'GEN_CLA8[1].CLA8_1' is connected to logic 1 or logic 0. (LINT-32)
   Pin 'B[6]' is connected to logic 0. 
Warning: In design 'sub_12_mydesign_4', a pin on submodule 'GEN_CLA8[1].CLA8_1' is connected to logic 1 or logic 0. (LINT-32)
   Pin 'B[5]' is connected to logic 0. 
Warning: In design 'sub_12_mydesign_4', a pin on submodule 'GEN_CLA8[1].CLA8_1' is connected to logic 1 or logic 0. (LINT-32)
   Pin 'B[4]' is connected to logic 0. 
Warning: In design 'sub_12_mydesign_5', a pin on submodule 'CLA8_zero' is connected to logic 1 or logic 0. (LINT-32)
   Pin 'Cin' is connected to logic 1. 
Warning: In design 'sub_12_mydesign_5', a pin on submodule 'GEN_CLA8[1].CLA8_0' is connected to logic 1 or logic 0. (LINT-32)
   Pin 'Cin' is connected to logic 0. 
Warning: In design 'sub_12_mydesign_5', a pin on submodule 'GEN_CLA8[1].CLA8_0' is connected to logic 1 or logic 0. (LINT-32)
   Pin 'A[7]' is connected to logic 0. 
Warning: In design 'sub_12_mydesign_5', a pin on submodule 'GEN_CLA8[1].CLA8_0' is connected to logic 1 or logic 0. (LINT-32)
   Pin 'A[6]' is connected to logic 0. 
Warning: In design 'sub_12_mydesign_5', a pin on submodule 'GEN_CLA8[1].CLA8_0' is connected to logic 1 or logic 0. (LINT-32)
   Pin 'A[5]' is connected to logic 0. 
Warning: In design 'sub_12_mydesign_5', a pin on submodule 'GEN_CLA8[1].CLA8_0' is connected to logic 1 or logic 0. (LINT-32)
   Pin 'A[4]' is connected to logic 0. 
Warning: In design 'sub_12_mydesign_5', a pin on submodule 'GEN_CLA8[1].CLA8_0' is connected to logic 1 or logic 0. (LINT-32)
   Pin 'B[7]' is connected to logic 0. 
Warning: In design 'sub_12_mydesign_5', a pin on submodule 'GEN_CLA8[1].CLA8_0' is connected to logic 1 or logic 0. (LINT-32)
   Pin 'B[6]' is connected to logic 0. 
Warning: In design 'sub_12_mydesign_5', a pin on submodule 'GEN_CLA8[1].CLA8_0' is connected to logic 1 or logic 0. (LINT-32)
   Pin 'B[5]' is connected to logic 0. 
Warning: In design 'sub_12_mydesign_5', a pin on submodule 'GEN_CLA8[1].CLA8_0' is connected to logic 1 or logic 0. (LINT-32)
   Pin 'B[4]' is connected to logic 0. 
Warning: In design 'sub_12_mydesign_5', a pin on submodule 'GEN_CLA8[1].CLA8_1' is connected to logic 1 or logic 0. (LINT-32)
   Pin 'Cin' is connected to logic 1. 
Warning: In design 'sub_12_mydesign_5', a pin on submodule 'GEN_CLA8[1].CLA8_1' is connected to logic 1 or logic 0. (LINT-32)
   Pin 'A[7]' is connected to logic 0. 
Warning: In design 'sub_12_mydesign_5', a pin on submodule 'GEN_CLA8[1].CLA8_1' is connected to logic 1 or logic 0. (LINT-32)
   Pin 'A[6]' is connected to logic 0. 
Warning: In design 'sub_12_mydesign_5', a pin on submodule 'GEN_CLA8[1].CLA8_1' is connected to logic 1 or logic 0. (LINT-32)
   Pin 'A[5]' is connected to logic 0. 
Warning: In design 'sub_12_mydesign_5', a pin on submodule 'GEN_CLA8[1].CLA8_1' is connected to logic 1 or logic 0. (LINT-32)
   Pin 'A[4]' is connected to logic 0. 
Warning: In design 'sub_12_mydesign_5', a pin on submodule 'GEN_CLA8[1].CLA8_1' is connected to logic 1 or logic 0. (LINT-32)
   Pin 'B[7]' is connected to logic 0. 
Warning: In design 'sub_12_mydesign_5', a pin on submodule 'GEN_CLA8[1].CLA8_1' is connected to logic 1 or logic 0. (LINT-32)
   Pin 'B[6]' is connected to logic 0. 
Warning: In design 'sub_12_mydesign_5', a pin on submodule 'GEN_CLA8[1].CLA8_1' is connected to logic 1 or logic 0. (LINT-32)
   Pin 'B[5]' is connected to logic 0. 
Warning: In design 'sub_12_mydesign_5', a pin on submodule 'GEN_CLA8[1].CLA8_1' is connected to logic 1 or logic 0. (LINT-32)
   Pin 'B[4]' is connected to logic 0. 
Warning: In design 'sub_12_mydesign_6', a pin on submodule 'CLA8_zero' is connected to logic 1 or logic 0. (LINT-32)
   Pin 'Cin' is connected to logic 1. 
Warning: In design 'sub_12_mydesign_6', a pin on submodule 'GEN_CLA8[1].CLA8_0' is connected to logic 1 or logic 0. (LINT-32)
   Pin 'Cin' is connected to logic 0. 
Warning: In design 'sub_12_mydesign_6', a pin on submodule 'GEN_CLA8[1].CLA8_0' is connected to logic 1 or logic 0. (LINT-32)
   Pin 'A[7]' is connected to logic 0. 
Warning: In design 'sub_12_mydesign_6', a pin on submodule 'GEN_CLA8[1].CLA8_0' is connected to logic 1 or logic 0. (LINT-32)
   Pin 'A[6]' is connected to logic 0. 
Warning: In design 'sub_12_mydesign_6', a pin on submodule 'GEN_CLA8[1].CLA8_0' is connected to logic 1 or logic 0. (LINT-32)
   Pin 'A[5]' is connected to logic 0. 
Warning: In design 'sub_12_mydesign_6', a pin on submodule 'GEN_CLA8[1].CLA8_0' is connected to logic 1 or logic 0. (LINT-32)
   Pin 'A[4]' is connected to logic 0. 
Warning: In design 'sub_12_mydesign_6', a pin on submodule 'GEN_CLA8[1].CLA8_0' is connected to logic 1 or logic 0. (LINT-32)
   Pin 'B[7]' is connected to logic 0. 
Warning: In design 'sub_12_mydesign_6', a pin on submodule 'GEN_CLA8[1].CLA8_0' is connected to logic 1 or logic 0. (LINT-32)
   Pin 'B[6]' is connected to logic 0. 
Warning: In design 'sub_12_mydesign_6', a pin on submodule 'GEN_CLA8[1].CLA8_0' is connected to logic 1 or logic 0. (LINT-32)
   Pin 'B[5]' is connected to logic 0. 
Warning: In design 'sub_12_mydesign_6', a pin on submodule 'GEN_CLA8[1].CLA8_0' is connected to logic 1 or logic 0. (LINT-32)
   Pin 'B[4]' is connected to logic 0. 
Warning: In design 'sub_12_mydesign_6', a pin on submodule 'GEN_CLA8[1].CLA8_1' is connected to logic 1 or logic 0. (LINT-32)
   Pin 'Cin' is connected to logic 1. 
Warning: In design 'sub_12_mydesign_6', a pin on submodule 'GEN_CLA8[1].CLA8_1' is connected to logic 1 or logic 0. (LINT-32)
   Pin 'A[7]' is connected to logic 0. 
Warning: In design 'sub_12_mydesign_6', a pin on submodule 'GEN_CLA8[1].CLA8_1' is connected to logic 1 or logic 0. (LINT-32)
   Pin 'A[6]' is connected to logic 0. 
Warning: In design 'sub_12_mydesign_6', a pin on submodule 'GEN_CLA8[1].CLA8_1' is connected to logic 1 or logic 0. (LINT-32)
   Pin 'A[5]' is connected to logic 0. 
Warning: In design 'sub_12_mydesign_6', a pin on submodule 'GEN_CLA8[1].CLA8_1' is connected to logic 1 or logic 0. (LINT-32)
   Pin 'A[4]' is connected to logic 0. 
Warning: In design 'sub_12_mydesign_6', a pin on submodule 'GEN_CLA8[1].CLA8_1' is connected to logic 1 or logic 0. (LINT-32)
   Pin 'B[7]' is connected to logic 0. 
Warning: In design 'sub_12_mydesign_6', a pin on submodule 'GEN_CLA8[1].CLA8_1' is connected to logic 1 or logic 0. (LINT-32)
   Pin 'B[6]' is connected to logic 0. 
Warning: In design 'sub_12_mydesign_6', a pin on submodule 'GEN_CLA8[1].CLA8_1' is connected to logic 1 or logic 0. (LINT-32)
   Pin 'B[5]' is connected to logic 0. 
Warning: In design 'sub_12_mydesign_6', a pin on submodule 'GEN_CLA8[1].CLA8_1' is connected to logic 1 or logic 0. (LINT-32)
   Pin 'B[4]' is connected to logic 0. 
Warning: In design 'sub_12_mydesign_7', a pin on submodule 'CLA8_zero' is connected to logic 1 or logic 0. (LINT-32)
   Pin 'Cin' is connected to logic 1. 
Warning: In design 'sub_12_mydesign_7', a pin on submodule 'GEN_CLA8[1].CLA8_0' is connected to logic 1 or logic 0. (LINT-32)
   Pin 'Cin' is connected to logic 0. 
Warning: In design 'sub_12_mydesign_7', a pin on submodule 'GEN_CLA8[1].CLA8_0' is connected to logic 1 or logic 0. (LINT-32)
   Pin 'A[7]' is connected to logic 0. 
Warning: In design 'sub_12_mydesign_7', a pin on submodule 'GEN_CLA8[1].CLA8_0' is connected to logic 1 or logic 0. (LINT-32)
   Pin 'A[6]' is connected to logic 0. 
Warning: In design 'sub_12_mydesign_7', a pin on submodule 'GEN_CLA8[1].CLA8_0' is connected to logic 1 or logic 0. (LINT-32)
   Pin 'A[5]' is connected to logic 0. 
Warning: In design 'sub_12_mydesign_7', a pin on submodule 'GEN_CLA8[1].CLA8_0' is connected to logic 1 or logic 0. (LINT-32)
   Pin 'A[4]' is connected to logic 0. 
Warning: In design 'sub_12_mydesign_7', a pin on submodule 'GEN_CLA8[1].CLA8_0' is connected to logic 1 or logic 0. (LINT-32)
   Pin 'B[7]' is connected to logic 0. 
Warning: In design 'sub_12_mydesign_7', a pin on submodule 'GEN_CLA8[1].CLA8_0' is connected to logic 1 or logic 0. (LINT-32)
   Pin 'B[6]' is connected to logic 0. 
Warning: In design 'sub_12_mydesign_7', a pin on submodule 'GEN_CLA8[1].CLA8_0' is connected to logic 1 or logic 0. (LINT-32)
   Pin 'B[5]' is connected to logic 0. 
Warning: In design 'sub_12_mydesign_7', a pin on submodule 'GEN_CLA8[1].CLA8_0' is connected to logic 1 or logic 0. (LINT-32)
   Pin 'B[4]' is connected to logic 0. 
Warning: In design 'sub_12_mydesign_7', a pin on submodule 'GEN_CLA8[1].CLA8_1' is connected to logic 1 or logic 0. (LINT-32)
   Pin 'Cin' is connected to logic 1. 
Warning: In design 'sub_12_mydesign_7', a pin on submodule 'GEN_CLA8[1].CLA8_1' is connected to logic 1 or logic 0. (LINT-32)
   Pin 'A[7]' is connected to logic 0. 
Warning: In design 'sub_12_mydesign_7', a pin on submodule 'GEN_CLA8[1].CLA8_1' is connected to logic 1 or logic 0. (LINT-32)
   Pin 'A[6]' is connected to logic 0. 
Warning: In design 'sub_12_mydesign_7', a pin on submodule 'GEN_CLA8[1].CLA8_1' is connected to logic 1 or logic 0. (LINT-32)
   Pin 'A[5]' is connected to logic 0. 
Warning: In design 'sub_12_mydesign_7', a pin on submodule 'GEN_CLA8[1].CLA8_1' is connected to logic 1 or logic 0. (LINT-32)
   Pin 'A[4]' is connected to logic 0. 
Warning: In design 'sub_12_mydesign_7', a pin on submodule 'GEN_CLA8[1].CLA8_1' is connected to logic 1 or logic 0. (LINT-32)
   Pin 'B[7]' is connected to logic 0. 
Warning: In design 'sub_12_mydesign_7', a pin on submodule 'GEN_CLA8[1].CLA8_1' is connected to logic 1 or logic 0. (LINT-32)
   Pin 'B[6]' is connected to logic 0. 
Warning: In design 'sub_12_mydesign_7', a pin on submodule 'GEN_CLA8[1].CLA8_1' is connected to logic 1 or logic 0. (LINT-32)
   Pin 'B[5]' is connected to logic 0. 
Warning: In design 'sub_12_mydesign_7', a pin on submodule 'GEN_CLA8[1].CLA8_1' is connected to logic 1 or logic 0. (LINT-32)
   Pin 'B[4]' is connected to logic 0. 
Warning: In design 'sub_12_mydesign_8', a pin on submodule 'CLA8_zero' is connected to logic 1 or logic 0. (LINT-32)
   Pin 'Cin' is connected to logic 1. 
Warning: In design 'sub_12_mydesign_8', a pin on submodule 'GEN_CLA8[1].CLA8_0' is connected to logic 1 or logic 0. (LINT-32)
   Pin 'Cin' is connected to logic 0. 
Warning: In design 'sub_12_mydesign_8', a pin on submodule 'GEN_CLA8[1].CLA8_0' is connected to logic 1 or logic 0. (LINT-32)
   Pin 'A[7]' is connected to logic 0. 
Warning: In design 'sub_12_mydesign_8', a pin on submodule 'GEN_CLA8[1].CLA8_0' is connected to logic 1 or logic 0. (LINT-32)
   Pin 'A[6]' is connected to logic 0. 
Warning: In design 'sub_12_mydesign_8', a pin on submodule 'GEN_CLA8[1].CLA8_0' is connected to logic 1 or logic 0. (LINT-32)
   Pin 'A[5]' is connected to logic 0. 
Warning: In design 'sub_12_mydesign_8', a pin on submodule 'GEN_CLA8[1].CLA8_0' is connected to logic 1 or logic 0. (LINT-32)
   Pin 'A[4]' is connected to logic 0. 
Warning: In design 'sub_12_mydesign_8', a pin on submodule 'GEN_CLA8[1].CLA8_0' is connected to logic 1 or logic 0. (LINT-32)
   Pin 'B[7]' is connected to logic 0. 
Warning: In design 'sub_12_mydesign_8', a pin on submodule 'GEN_CLA8[1].CLA8_0' is connected to logic 1 or logic 0. (LINT-32)
   Pin 'B[6]' is connected to logic 0. 
Warning: In design 'sub_12_mydesign_8', a pin on submodule 'GEN_CLA8[1].CLA8_0' is connected to logic 1 or logic 0. (LINT-32)
   Pin 'B[5]' is connected to logic 0. 
Warning: In design 'sub_12_mydesign_8', a pin on submodule 'GEN_CLA8[1].CLA8_0' is connected to logic 1 or logic 0. (LINT-32)
   Pin 'B[4]' is connected to logic 0. 
Warning: In design 'sub_12_mydesign_8', a pin on submodule 'GEN_CLA8[1].CLA8_1' is connected to logic 1 or logic 0. (LINT-32)
   Pin 'Cin' is connected to logic 1. 
Warning: In design 'sub_12_mydesign_8', a pin on submodule 'GEN_CLA8[1].CLA8_1' is connected to logic 1 or logic 0. (LINT-32)
   Pin 'A[7]' is connected to logic 0. 
Warning: In design 'sub_12_mydesign_8', a pin on submodule 'GEN_CLA8[1].CLA8_1' is connected to logic 1 or logic 0. (LINT-32)
   Pin 'A[6]' is connected to logic 0. 
Warning: In design 'sub_12_mydesign_8', a pin on submodule 'GEN_CLA8[1].CLA8_1' is connected to logic 1 or logic 0. (LINT-32)
   Pin 'A[5]' is connected to logic 0. 
Warning: In design 'sub_12_mydesign_8', a pin on submodule 'GEN_CLA8[1].CLA8_1' is connected to logic 1 or logic 0. (LINT-32)
   Pin 'A[4]' is connected to logic 0. 
Warning: In design 'sub_12_mydesign_8', a pin on submodule 'GEN_CLA8[1].CLA8_1' is connected to logic 1 or logic 0. (LINT-32)
   Pin 'B[7]' is connected to logic 0. 
Warning: In design 'sub_12_mydesign_8', a pin on submodule 'GEN_CLA8[1].CLA8_1' is connected to logic 1 or logic 0. (LINT-32)
   Pin 'B[6]' is connected to logic 0. 
Warning: In design 'sub_12_mydesign_8', a pin on submodule 'GEN_CLA8[1].CLA8_1' is connected to logic 1 or logic 0. (LINT-32)
   Pin 'B[5]' is connected to logic 0. 
Warning: In design 'sub_12_mydesign_8', a pin on submodule 'GEN_CLA8[1].CLA8_1' is connected to logic 1 or logic 0. (LINT-32)
   Pin 'B[4]' is connected to logic 0. 
Warning: In design 'add_58_mydesign_0', a pin on submodule 'CLA8_zero' is connected to logic 1 or logic 0. (LINT-32)
   Pin 'Cin' is connected to logic 0. 
Warning: In design 'add_58_mydesign_0', a pin on submodule 'GEN_CLA8[1].CLA8_0' is connected to logic 1 or logic 0. (LINT-32)
   Pin 'Cin' is connected to logic 0. 
Warning: In design 'add_58_mydesign_0', a pin on submodule 'GEN_CLA8[1].CLA8_1' is connected to logic 1 or logic 0. (LINT-32)
   Pin 'Cin' is connected to logic 1. 
Warning: In design 'add_58_mydesign_0', a pin on submodule 'GEN_CLA8[2].CLA8_0' is connected to logic 1 or logic 0. (LINT-32)
   Pin 'Cin' is connected to logic 0. 
Warning: In design 'add_58_mydesign_0', a pin on submodule 'GEN_CLA8[2].CLA8_1' is connected to logic 1 or logic 0. (LINT-32)
   Pin 'Cin' is connected to logic 1. 
Warning: In design 'add_58_mydesign_0', a pin on submodule 'GEN_CLA8[3].CLA8_0' is connected to logic 1 or logic 0. (LINT-32)
   Pin 'Cin' is connected to logic 0. 
Warning: In design 'add_58_mydesign_0', a pin on submodule 'GEN_CLA8[3].CLA8_1' is connected to logic 1 or logic 0. (LINT-32)
   Pin 'Cin' is connected to logic 1. 
Warning: In design 'add_58_mydesign_0', a pin on submodule 'GEN_CLA8[4].CLA8_0' is connected to logic 1 or logic 0. (LINT-32)
   Pin 'Cin' is connected to logic 0. 
Warning: In design 'add_58_mydesign_0', a pin on submodule 'GEN_CLA8[4].CLA8_1' is connected to logic 1 or logic 0. (LINT-32)
   Pin 'Cin' is connected to logic 1. 
Warning: In design 'add_58_mydesign_0', a pin on submodule 'GEN_CLA8[5].CLA8_0' is connected to logic 1 or logic 0. (LINT-32)
   Pin 'Cin' is connected to logic 0. 
Warning: In design 'add_58_mydesign_0', a pin on submodule 'GEN_CLA8[5].CLA8_1' is connected to logic 1 or logic 0. (LINT-32)
   Pin 'Cin' is connected to logic 1. 
Warning: In design 'add_58_mydesign_0', a pin on submodule 'GEN_CLA8[6].CLA8_0' is connected to logic 1 or logic 0. (LINT-32)
   Pin 'Cin' is connected to logic 0. 
Warning: In design 'add_58_mydesign_0', a pin on submodule 'GEN_CLA8[6].CLA8_1' is connected to logic 1 or logic 0. (LINT-32)
   Pin 'Cin' is connected to logic 1. 
Warning: In design 'add_58_mydesign_0', a pin on submodule 'GEN_CLA8[7].CLA8_0' is connected to logic 1 or logic 0. (LINT-32)
   Pin 'Cin' is connected to logic 0. 
Warning: In design 'add_58_mydesign_0', a pin on submodule 'GEN_CLA8[7].CLA8_0' is connected to logic 1 or logic 0. (LINT-32)
   Pin 'A[7]' is connected to logic 0. 
Warning: In design 'add_58_mydesign_0', a pin on submodule 'GEN_CLA8[7].CLA8_0' is connected to logic 1 or logic 0. (LINT-32)
   Pin 'A[6]' is connected to logic 0. 
Warning: In design 'add_58_mydesign_0', a pin on submodule 'GEN_CLA8[7].CLA8_0' is connected to logic 1 or logic 0. (LINT-32)
   Pin 'A[5]' is connected to logic 0. 
Warning: In design 'add_58_mydesign_0', a pin on submodule 'GEN_CLA8[7].CLA8_0' is connected to logic 1 or logic 0. (LINT-32)
   Pin 'A[4]' is connected to logic 0. 
Warning: In design 'add_58_mydesign_0', a pin on submodule 'GEN_CLA8[7].CLA8_0' is connected to logic 1 or logic 0. (LINT-32)
   Pin 'A[3]' is connected to logic 0. 
Warning: In design 'add_58_mydesign_0', a pin on submodule 'GEN_CLA8[7].CLA8_0' is connected to logic 1 or logic 0. (LINT-32)
   Pin 'A[2]' is connected to logic 0. 
Warning: In design 'add_58_mydesign_0', a pin on submodule 'GEN_CLA8[7].CLA8_0' is connected to logic 1 or logic 0. (LINT-32)
   Pin 'B[7]' is connected to logic 0. 
Warning: In design 'add_58_mydesign_0', a pin on submodule 'GEN_CLA8[7].CLA8_0' is connected to logic 1 or logic 0. (LINT-32)
   Pin 'B[6]' is connected to logic 0. 
Warning: In design 'add_58_mydesign_0', a pin on submodule 'GEN_CLA8[7].CLA8_0' is connected to logic 1 or logic 0. (LINT-32)
   Pin 'B[5]' is connected to logic 0. 
Warning: In design 'add_58_mydesign_0', a pin on submodule 'GEN_CLA8[7].CLA8_0' is connected to logic 1 or logic 0. (LINT-32)
   Pin 'B[4]' is connected to logic 0. 
Warning: In design 'add_58_mydesign_0', a pin on submodule 'GEN_CLA8[7].CLA8_0' is connected to logic 1 or logic 0. (LINT-32)
   Pin 'B[3]' is connected to logic 0. 
Warning: In design 'add_58_mydesign_0', a pin on submodule 'GEN_CLA8[7].CLA8_0' is connected to logic 1 or logic 0. (LINT-32)
   Pin 'B[2]' is connected to logic 0. 
Warning: In design 'add_58_mydesign_0', a pin on submodule 'GEN_CLA8[7].CLA8_1' is connected to logic 1 or logic 0. (LINT-32)
   Pin 'Cin' is connected to logic 1. 
Warning: In design 'add_58_mydesign_0', a pin on submodule 'GEN_CLA8[7].CLA8_1' is connected to logic 1 or logic 0. (LINT-32)
   Pin 'A[7]' is connected to logic 0. 
Warning: In design 'add_58_mydesign_0', a pin on submodule 'GEN_CLA8[7].CLA8_1' is connected to logic 1 or logic 0. (LINT-32)
   Pin 'A[6]' is connected to logic 0. 
Warning: In design 'add_58_mydesign_0', a pin on submodule 'GEN_CLA8[7].CLA8_1' is connected to logic 1 or logic 0. (LINT-32)
   Pin 'A[5]' is connected to logic 0. 
Warning: In design 'add_58_mydesign_0', a pin on submodule 'GEN_CLA8[7].CLA8_1' is connected to logic 1 or logic 0. (LINT-32)
   Pin 'A[4]' is connected to logic 0. 
Warning: In design 'add_58_mydesign_0', a pin on submodule 'GEN_CLA8[7].CLA8_1' is connected to logic 1 or logic 0. (LINT-32)
   Pin 'A[3]' is connected to logic 0. 
Warning: In design 'add_58_mydesign_0', a pin on submodule 'GEN_CLA8[7].CLA8_1' is connected to logic 1 or logic 0. (LINT-32)
   Pin 'A[2]' is connected to logic 0. 
Warning: In design 'add_58_mydesign_0', a pin on submodule 'GEN_CLA8[7].CLA8_1' is connected to logic 1 or logic 0. (LINT-32)
   Pin 'B[7]' is connected to logic 0. 
Warning: In design 'add_58_mydesign_0', a pin on submodule 'GEN_CLA8[7].CLA8_1' is connected to logic 1 or logic 0. (LINT-32)
   Pin 'B[6]' is connected to logic 0. 
Warning: In design 'add_58_mydesign_0', a pin on submodule 'GEN_CLA8[7].CLA8_1' is connected to logic 1 or logic 0. (LINT-32)
   Pin 'B[5]' is connected to logic 0. 
Warning: In design 'add_58_mydesign_0', a pin on submodule 'GEN_CLA8[7].CLA8_1' is connected to logic 1 or logic 0. (LINT-32)
   Pin 'B[4]' is connected to logic 0. 
Warning: In design 'add_58_mydesign_0', a pin on submodule 'GEN_CLA8[7].CLA8_1' is connected to logic 1 or logic 0. (LINT-32)
   Pin 'B[3]' is connected to logic 0. 
Warning: In design 'add_58_mydesign_0', a pin on submodule 'GEN_CLA8[7].CLA8_1' is connected to logic 1 or logic 0. (LINT-32)
   Pin 'B[2]' is connected to logic 0. 
Warning: In design 'add_58_mydesign_1', a pin on submodule 'CLA8_zero' is connected to logic 1 or logic 0. (LINT-32)
   Pin 'Cin' is connected to logic 0. 
Warning: In design 'add_58_mydesign_1', a pin on submodule 'GEN_CLA8[1].CLA8_0' is connected to logic 1 or logic 0. (LINT-32)
   Pin 'Cin' is connected to logic 0. 
Warning: In design 'add_58_mydesign_1', a pin on submodule 'GEN_CLA8[1].CLA8_1' is connected to logic 1 or logic 0. (LINT-32)
   Pin 'Cin' is connected to logic 1. 
Warning: In design 'add_58_mydesign_1', a pin on submodule 'GEN_CLA8[2].CLA8_0' is connected to logic 1 or logic 0. (LINT-32)
   Pin 'Cin' is connected to logic 0. 
Warning: In design 'add_58_mydesign_1', a pin on submodule 'GEN_CLA8[2].CLA8_1' is connected to logic 1 or logic 0. (LINT-32)
   Pin 'Cin' is connected to logic 1. 
Warning: In design 'add_58_mydesign_1', a pin on submodule 'GEN_CLA8[3].CLA8_0' is connected to logic 1 or logic 0. (LINT-32)
   Pin 'Cin' is connected to logic 0. 
Warning: In design 'add_58_mydesign_1', a pin on submodule 'GEN_CLA8[3].CLA8_1' is connected to logic 1 or logic 0. (LINT-32)
   Pin 'Cin' is connected to logic 1. 
Warning: In design 'add_58_mydesign_1', a pin on submodule 'GEN_CLA8[4].CLA8_0' is connected to logic 1 or logic 0. (LINT-32)
   Pin 'Cin' is connected to logic 0. 
Warning: In design 'add_58_mydesign_1', a pin on submodule 'GEN_CLA8[4].CLA8_1' is connected to logic 1 or logic 0. (LINT-32)
   Pin 'Cin' is connected to logic 1. 
Warning: In design 'add_58_mydesign_1', a pin on submodule 'GEN_CLA8[5].CLA8_0' is connected to logic 1 or logic 0. (LINT-32)
   Pin 'Cin' is connected to logic 0. 
Warning: In design 'add_58_mydesign_1', a pin on submodule 'GEN_CLA8[5].CLA8_1' is connected to logic 1 or logic 0. (LINT-32)
   Pin 'Cin' is connected to logic 1. 
Warning: In design 'add_58_mydesign_1', a pin on submodule 'GEN_CLA8[6].CLA8_0' is connected to logic 1 or logic 0. (LINT-32)
   Pin 'Cin' is connected to logic 0. 
Warning: In design 'add_58_mydesign_1', a pin on submodule 'GEN_CLA8[6].CLA8_1' is connected to logic 1 or logic 0. (LINT-32)
   Pin 'Cin' is connected to logic 1. 
Warning: In design 'add_58_mydesign_1', a pin on submodule 'GEN_CLA8[7].CLA8_0' is connected to logic 1 or logic 0. (LINT-32)
   Pin 'Cin' is connected to logic 0. 
Warning: In design 'add_58_mydesign_1', a pin on submodule 'GEN_CLA8[7].CLA8_0' is connected to logic 1 or logic 0. (LINT-32)
   Pin 'A[7]' is connected to logic 0. 
Warning: In design 'add_58_mydesign_1', a pin on submodule 'GEN_CLA8[7].CLA8_0' is connected to logic 1 or logic 0. (LINT-32)
   Pin 'A[6]' is connected to logic 0. 
Warning: In design 'add_58_mydesign_1', a pin on submodule 'GEN_CLA8[7].CLA8_0' is connected to logic 1 or logic 0. (LINT-32)
   Pin 'A[5]' is connected to logic 0. 
Warning: In design 'add_58_mydesign_1', a pin on submodule 'GEN_CLA8[7].CLA8_0' is connected to logic 1 or logic 0. (LINT-32)
   Pin 'A[4]' is connected to logic 0. 
Warning: In design 'add_58_mydesign_1', a pin on submodule 'GEN_CLA8[7].CLA8_0' is connected to logic 1 or logic 0. (LINT-32)
   Pin 'A[3]' is connected to logic 0. 
Warning: In design 'add_58_mydesign_1', a pin on submodule 'GEN_CLA8[7].CLA8_0' is connected to logic 1 or logic 0. (LINT-32)
   Pin 'A[2]' is connected to logic 0. 
Warning: In design 'add_58_mydesign_1', a pin on submodule 'GEN_CLA8[7].CLA8_0' is connected to logic 1 or logic 0. (LINT-32)
   Pin 'B[7]' is connected to logic 0. 
Warning: In design 'add_58_mydesign_1', a pin on submodule 'GEN_CLA8[7].CLA8_0' is connected to logic 1 or logic 0. (LINT-32)
   Pin 'B[6]' is connected to logic 0. 
Warning: In design 'add_58_mydesign_1', a pin on submodule 'GEN_CLA8[7].CLA8_0' is connected to logic 1 or logic 0. (LINT-32)
   Pin 'B[5]' is connected to logic 0. 
Warning: In design 'add_58_mydesign_1', a pin on submodule 'GEN_CLA8[7].CLA8_0' is connected to logic 1 or logic 0. (LINT-32)
   Pin 'B[4]' is connected to logic 0. 
Warning: In design 'add_58_mydesign_1', a pin on submodule 'GEN_CLA8[7].CLA8_0' is connected to logic 1 or logic 0. (LINT-32)
   Pin 'B[3]' is connected to logic 0. 
Warning: In design 'add_58_mydesign_1', a pin on submodule 'GEN_CLA8[7].CLA8_0' is connected to logic 1 or logic 0. (LINT-32)
   Pin 'B[2]' is connected to logic 0. 
Warning: In design 'add_58_mydesign_1', a pin on submodule 'GEN_CLA8[7].CLA8_1' is connected to logic 1 or logic 0. (LINT-32)
   Pin 'Cin' is connected to logic 1. 
Warning: In design 'add_58_mydesign_1', a pin on submodule 'GEN_CLA8[7].CLA8_1' is connected to logic 1 or logic 0. (LINT-32)
   Pin 'A[7]' is connected to logic 0. 
Warning: In design 'add_58_mydesign_1', a pin on submodule 'GEN_CLA8[7].CLA8_1' is connected to logic 1 or logic 0. (LINT-32)
   Pin 'A[6]' is connected to logic 0. 
Warning: In design 'add_58_mydesign_1', a pin on submodule 'GEN_CLA8[7].CLA8_1' is connected to logic 1 or logic 0. (LINT-32)
   Pin 'A[5]' is connected to logic 0. 
Warning: In design 'add_58_mydesign_1', a pin on submodule 'GEN_CLA8[7].CLA8_1' is connected to logic 1 or logic 0. (LINT-32)
   Pin 'A[4]' is connected to logic 0. 
Warning: In design 'add_58_mydesign_1', a pin on submodule 'GEN_CLA8[7].CLA8_1' is connected to logic 1 or logic 0. (LINT-32)
   Pin 'A[3]' is connected to logic 0. 
Warning: In design 'add_58_mydesign_1', a pin on submodule 'GEN_CLA8[7].CLA8_1' is connected to logic 1 or logic 0. (LINT-32)
   Pin 'A[2]' is connected to logic 0. 
Warning: In design 'add_58_mydesign_1', a pin on submodule 'GEN_CLA8[7].CLA8_1' is connected to logic 1 or logic 0. (LINT-32)
   Pin 'B[7]' is connected to logic 0. 
Warning: In design 'add_58_mydesign_1', a pin on submodule 'GEN_CLA8[7].CLA8_1' is connected to logic 1 or logic 0. (LINT-32)
   Pin 'B[6]' is connected to logic 0. 
Warning: In design 'add_58_mydesign_1', a pin on submodule 'GEN_CLA8[7].CLA8_1' is connected to logic 1 or logic 0. (LINT-32)
   Pin 'B[5]' is connected to logic 0. 
Warning: In design 'add_58_mydesign_1', a pin on submodule 'GEN_CLA8[7].CLA8_1' is connected to logic 1 or logic 0. (LINT-32)
   Pin 'B[4]' is connected to logic 0. 
Warning: In design 'add_58_mydesign_1', a pin on submodule 'GEN_CLA8[7].CLA8_1' is connected to logic 1 or logic 0. (LINT-32)
   Pin 'B[3]' is connected to logic 0. 
Warning: In design 'add_58_mydesign_1', a pin on submodule 'GEN_CLA8[7].CLA8_1' is connected to logic 1 or logic 0. (LINT-32)
   Pin 'B[2]' is connected to logic 0. 
Warning: In design 'add_58_mydesign_2', a pin on submodule 'CLA8_zero' is connected to logic 1 or logic 0. (LINT-32)
   Pin 'Cin' is connected to logic 0. 
Warning: In design 'add_58_mydesign_2', a pin on submodule 'GEN_CLA8[1].CLA8_0' is connected to logic 1 or logic 0. (LINT-32)
   Pin 'Cin' is connected to logic 0. 
Warning: In design 'add_58_mydesign_2', a pin on submodule 'GEN_CLA8[1].CLA8_1' is connected to logic 1 or logic 0. (LINT-32)
   Pin 'Cin' is connected to logic 1. 
Warning: In design 'add_58_mydesign_2', a pin on submodule 'GEN_CLA8[2].CLA8_0' is connected to logic 1 or logic 0. (LINT-32)
   Pin 'Cin' is connected to logic 0. 
Warning: In design 'add_58_mydesign_2', a pin on submodule 'GEN_CLA8[2].CLA8_1' is connected to logic 1 or logic 0. (LINT-32)
   Pin 'Cin' is connected to logic 1. 
Warning: In design 'add_58_mydesign_2', a pin on submodule 'GEN_CLA8[3].CLA8_0' is connected to logic 1 or logic 0. (LINT-32)
   Pin 'Cin' is connected to logic 0. 
Warning: In design 'add_58_mydesign_2', a pin on submodule 'GEN_CLA8[3].CLA8_1' is connected to logic 1 or logic 0. (LINT-32)
   Pin 'Cin' is connected to logic 1. 
Warning: In design 'add_58_mydesign_2', a pin on submodule 'GEN_CLA8[4].CLA8_0' is connected to logic 1 or logic 0. (LINT-32)
   Pin 'Cin' is connected to logic 0. 
Warning: In design 'add_58_mydesign_2', a pin on submodule 'GEN_CLA8[4].CLA8_1' is connected to logic 1 or logic 0. (LINT-32)
   Pin 'Cin' is connected to logic 1. 
Warning: In design 'add_58_mydesign_2', a pin on submodule 'GEN_CLA8[5].CLA8_0' is connected to logic 1 or logic 0. (LINT-32)
   Pin 'Cin' is connected to logic 0. 
Warning: In design 'add_58_mydesign_2', a pin on submodule 'GEN_CLA8[5].CLA8_1' is connected to logic 1 or logic 0. (LINT-32)
   Pin 'Cin' is connected to logic 1. 
Warning: In design 'add_58_mydesign_2', a pin on submodule 'GEN_CLA8[6].CLA8_0' is connected to logic 1 or logic 0. (LINT-32)
   Pin 'Cin' is connected to logic 0. 
Warning: In design 'add_58_mydesign_2', a pin on submodule 'GEN_CLA8[6].CLA8_1' is connected to logic 1 or logic 0. (LINT-32)
   Pin 'Cin' is connected to logic 1. 
Warning: In design 'add_58_mydesign_2', a pin on submodule 'GEN_CLA8[7].CLA8_0' is connected to logic 1 or logic 0. (LINT-32)
   Pin 'Cin' is connected to logic 0. 
Warning: In design 'add_58_mydesign_2', a pin on submodule 'GEN_CLA8[7].CLA8_0' is connected to logic 1 or logic 0. (LINT-32)
   Pin 'A[7]' is connected to logic 0. 
Warning: In design 'add_58_mydesign_2', a pin on submodule 'GEN_CLA8[7].CLA8_0' is connected to logic 1 or logic 0. (LINT-32)
   Pin 'A[6]' is connected to logic 0. 
Warning: In design 'add_58_mydesign_2', a pin on submodule 'GEN_CLA8[7].CLA8_0' is connected to logic 1 or logic 0. (LINT-32)
   Pin 'A[5]' is connected to logic 0. 
Warning: In design 'add_58_mydesign_2', a pin on submodule 'GEN_CLA8[7].CLA8_0' is connected to logic 1 or logic 0. (LINT-32)
   Pin 'A[4]' is connected to logic 0. 
Warning: In design 'add_58_mydesign_2', a pin on submodule 'GEN_CLA8[7].CLA8_0' is connected to logic 1 or logic 0. (LINT-32)
   Pin 'A[3]' is connected to logic 0. 
Warning: In design 'add_58_mydesign_2', a pin on submodule 'GEN_CLA8[7].CLA8_0' is connected to logic 1 or logic 0. (LINT-32)
   Pin 'A[2]' is connected to logic 0. 
Warning: In design 'add_58_mydesign_2', a pin on submodule 'GEN_CLA8[7].CLA8_0' is connected to logic 1 or logic 0. (LINT-32)
   Pin 'B[7]' is connected to logic 0. 
Warning: In design 'add_58_mydesign_2', a pin on submodule 'GEN_CLA8[7].CLA8_0' is connected to logic 1 or logic 0. (LINT-32)
   Pin 'B[6]' is connected to logic 0. 
Warning: In design 'add_58_mydesign_2', a pin on submodule 'GEN_CLA8[7].CLA8_0' is connected to logic 1 or logic 0. (LINT-32)
   Pin 'B[5]' is connected to logic 0. 
Warning: In design 'add_58_mydesign_2', a pin on submodule 'GEN_CLA8[7].CLA8_0' is connected to logic 1 or logic 0. (LINT-32)
   Pin 'B[4]' is connected to logic 0. 
Warning: In design 'add_58_mydesign_2', a pin on submodule 'GEN_CLA8[7].CLA8_0' is connected to logic 1 or logic 0. (LINT-32)
   Pin 'B[3]' is connected to logic 0. 
Warning: In design 'add_58_mydesign_2', a pin on submodule 'GEN_CLA8[7].CLA8_0' is connected to logic 1 or logic 0. (LINT-32)
   Pin 'B[2]' is connected to logic 0. 
Warning: In design 'add_58_mydesign_2', a pin on submodule 'GEN_CLA8[7].CLA8_1' is connected to logic 1 or logic 0. (LINT-32)
   Pin 'Cin' is connected to logic 1. 
Warning: In design 'add_58_mydesign_2', a pin on submodule 'GEN_CLA8[7].CLA8_1' is connected to logic 1 or logic 0. (LINT-32)
   Pin 'A[7]' is connected to logic 0. 
Warning: In design 'add_58_mydesign_2', a pin on submodule 'GEN_CLA8[7].CLA8_1' is connected to logic 1 or logic 0. (LINT-32)
   Pin 'A[6]' is connected to logic 0. 
Warning: In design 'add_58_mydesign_2', a pin on submodule 'GEN_CLA8[7].CLA8_1' is connected to logic 1 or logic 0. (LINT-32)
   Pin 'A[5]' is connected to logic 0. 
Warning: In design 'add_58_mydesign_2', a pin on submodule 'GEN_CLA8[7].CLA8_1' is connected to logic 1 or logic 0. (LINT-32)
   Pin 'A[4]' is connected to logic 0. 
Warning: In design 'add_58_mydesign_2', a pin on submodule 'GEN_CLA8[7].CLA8_1' is connected to logic 1 or logic 0. (LINT-32)
   Pin 'A[3]' is connected to logic 0. 
Warning: In design 'add_58_mydesign_2', a pin on submodule 'GEN_CLA8[7].CLA8_1' is connected to logic 1 or logic 0. (LINT-32)
   Pin 'A[2]' is connected to logic 0. 
Warning: In design 'add_58_mydesign_2', a pin on submodule 'GEN_CLA8[7].CLA8_1' is connected to logic 1 or logic 0. (LINT-32)
   Pin 'B[7]' is connected to logic 0. 
Warning: In design 'add_58_mydesign_2', a pin on submodule 'GEN_CLA8[7].CLA8_1' is connected to logic 1 or logic 0. (LINT-32)
   Pin 'B[6]' is connected to logic 0. 
Warning: In design 'add_58_mydesign_2', a pin on submodule 'GEN_CLA8[7].CLA8_1' is connected to logic 1 or logic 0. (LINT-32)
   Pin 'B[5]' is connected to logic 0. 
Warning: In design 'add_58_mydesign_2', a pin on submodule 'GEN_CLA8[7].CLA8_1' is connected to logic 1 or logic 0. (LINT-32)
   Pin 'B[4]' is connected to logic 0. 
Warning: In design 'add_58_mydesign_2', a pin on submodule 'GEN_CLA8[7].CLA8_1' is connected to logic 1 or logic 0. (LINT-32)
   Pin 'B[3]' is connected to logic 0. 
Warning: In design 'add_58_mydesign_2', a pin on submodule 'GEN_CLA8[7].CLA8_1' is connected to logic 1 or logic 0. (LINT-32)
   Pin 'B[2]' is connected to logic 0. 
Warning: In design 'add_58_mydesign_3', a pin on submodule 'CLA8_zero' is connected to logic 1 or logic 0. (LINT-32)
   Pin 'Cin' is connected to logic 0. 
Warning: In design 'add_58_mydesign_3', a pin on submodule 'GEN_CLA8[1].CLA8_0' is connected to logic 1 or logic 0. (LINT-32)
   Pin 'Cin' is connected to logic 0. 
Warning: In design 'add_58_mydesign_3', a pin on submodule 'GEN_CLA8[1].CLA8_1' is connected to logic 1 or logic 0. (LINT-32)
   Pin 'Cin' is connected to logic 1. 
Warning: In design 'add_58_mydesign_3', a pin on submodule 'GEN_CLA8[2].CLA8_0' is connected to logic 1 or logic 0. (LINT-32)
   Pin 'Cin' is connected to logic 0. 
Warning: In design 'add_58_mydesign_3', a pin on submodule 'GEN_CLA8[2].CLA8_1' is connected to logic 1 or logic 0. (LINT-32)
   Pin 'Cin' is connected to logic 1. 
Warning: In design 'add_58_mydesign_3', a pin on submodule 'GEN_CLA8[3].CLA8_0' is connected to logic 1 or logic 0. (LINT-32)
   Pin 'Cin' is connected to logic 0. 
Warning: In design 'add_58_mydesign_3', a pin on submodule 'GEN_CLA8[3].CLA8_1' is connected to logic 1 or logic 0. (LINT-32)
   Pin 'Cin' is connected to logic 1. 
Warning: In design 'add_58_mydesign_3', a pin on submodule 'GEN_CLA8[4].CLA8_0' is connected to logic 1 or logic 0. (LINT-32)
   Pin 'Cin' is connected to logic 0. 
Warning: In design 'add_58_mydesign_3', a pin on submodule 'GEN_CLA8[4].CLA8_1' is connected to logic 1 or logic 0. (LINT-32)
   Pin 'Cin' is connected to logic 1. 
Warning: In design 'add_58_mydesign_3', a pin on submodule 'GEN_CLA8[5].CLA8_0' is connected to logic 1 or logic 0. (LINT-32)
   Pin 'Cin' is connected to logic 0. 
Warning: In design 'add_58_mydesign_3', a pin on submodule 'GEN_CLA8[5].CLA8_1' is connected to logic 1 or logic 0. (LINT-32)
   Pin 'Cin' is connected to logic 1. 
Warning: In design 'add_58_mydesign_3', a pin on submodule 'GEN_CLA8[6].CLA8_0' is connected to logic 1 or logic 0. (LINT-32)
   Pin 'Cin' is connected to logic 0. 
Warning: In design 'add_58_mydesign_3', a pin on submodule 'GEN_CLA8[6].CLA8_1' is connected to logic 1 or logic 0. (LINT-32)
   Pin 'Cin' is connected to logic 1. 
Warning: In design 'add_58_mydesign_3', a pin on submodule 'GEN_CLA8[7].CLA8_0' is connected to logic 1 or logic 0. (LINT-32)
   Pin 'Cin' is connected to logic 0. 
Warning: In design 'add_58_mydesign_3', a pin on submodule 'GEN_CLA8[7].CLA8_0' is connected to logic 1 or logic 0. (LINT-32)
   Pin 'A[7]' is connected to logic 0. 
Warning: In design 'add_58_mydesign_3', a pin on submodule 'GEN_CLA8[7].CLA8_0' is connected to logic 1 or logic 0. (LINT-32)
   Pin 'A[6]' is connected to logic 0. 
Warning: In design 'add_58_mydesign_3', a pin on submodule 'GEN_CLA8[7].CLA8_0' is connected to logic 1 or logic 0. (LINT-32)
   Pin 'A[5]' is connected to logic 0. 
Warning: In design 'add_58_mydesign_3', a pin on submodule 'GEN_CLA8[7].CLA8_0' is connected to logic 1 or logic 0. (LINT-32)
   Pin 'A[4]' is connected to logic 0. 
Warning: In design 'add_58_mydesign_3', a pin on submodule 'GEN_CLA8[7].CLA8_0' is connected to logic 1 or logic 0. (LINT-32)
   Pin 'A[3]' is connected to logic 0. 
Warning: In design 'add_58_mydesign_3', a pin on submodule 'GEN_CLA8[7].CLA8_0' is connected to logic 1 or logic 0. (LINT-32)
   Pin 'A[2]' is connected to logic 0. 
Warning: In design 'add_58_mydesign_3', a pin on submodule 'GEN_CLA8[7].CLA8_0' is connected to logic 1 or logic 0. (LINT-32)
   Pin 'B[7]' is connected to logic 0. 
Warning: In design 'add_58_mydesign_3', a pin on submodule 'GEN_CLA8[7].CLA8_0' is connected to logic 1 or logic 0. (LINT-32)
   Pin 'B[6]' is connected to logic 0. 
Warning: In design 'add_58_mydesign_3', a pin on submodule 'GEN_CLA8[7].CLA8_0' is connected to logic 1 or logic 0. (LINT-32)
   Pin 'B[5]' is connected to logic 0. 
Warning: In design 'add_58_mydesign_3', a pin on submodule 'GEN_CLA8[7].CLA8_0' is connected to logic 1 or logic 0. (LINT-32)
   Pin 'B[4]' is connected to logic 0. 
Warning: In design 'add_58_mydesign_3', a pin on submodule 'GEN_CLA8[7].CLA8_0' is connected to logic 1 or logic 0. (LINT-32)
   Pin 'B[3]' is connected to logic 0. 
Warning: In design 'add_58_mydesign_3', a pin on submodule 'GEN_CLA8[7].CLA8_0' is connected to logic 1 or logic 0. (LINT-32)
   Pin 'B[2]' is connected to logic 0. 
Warning: In design 'add_58_mydesign_3', a pin on submodule 'GEN_CLA8[7].CLA8_1' is connected to logic 1 or logic 0. (LINT-32)
   Pin 'Cin' is connected to logic 1. 
Warning: In design 'add_58_mydesign_3', a pin on submodule 'GEN_CLA8[7].CLA8_1' is connected to logic 1 or logic 0. (LINT-32)
   Pin 'A[7]' is connected to logic 0. 
Warning: In design 'add_58_mydesign_3', a pin on submodule 'GEN_CLA8[7].CLA8_1' is connected to logic 1 or logic 0. (LINT-32)
   Pin 'A[6]' is connected to logic 0. 
Warning: In design 'add_58_mydesign_3', a pin on submodule 'GEN_CLA8[7].CLA8_1' is connected to logic 1 or logic 0. (LINT-32)
   Pin 'A[5]' is connected to logic 0. 
Warning: In design 'add_58_mydesign_3', a pin on submodule 'GEN_CLA8[7].CLA8_1' is connected to logic 1 or logic 0. (LINT-32)
   Pin 'A[4]' is connected to logic 0. 
Warning: In design 'add_58_mydesign_3', a pin on submodule 'GEN_CLA8[7].CLA8_1' is connected to logic 1 or logic 0. (LINT-32)
   Pin 'A[3]' is connected to logic 0. 
Warning: In design 'add_58_mydesign_3', a pin on submodule 'GEN_CLA8[7].CLA8_1' is connected to logic 1 or logic 0. (LINT-32)
   Pin 'A[2]' is connected to logic 0. 
Warning: In design 'add_58_mydesign_3', a pin on submodule 'GEN_CLA8[7].CLA8_1' is connected to logic 1 or logic 0. (LINT-32)
   Pin 'B[7]' is connected to logic 0. 
Warning: In design 'add_58_mydesign_3', a pin on submodule 'GEN_CLA8[7].CLA8_1' is connected to logic 1 or logic 0. (LINT-32)
   Pin 'B[6]' is connected to logic 0. 
Warning: In design 'add_58_mydesign_3', a pin on submodule 'GEN_CLA8[7].CLA8_1' is connected to logic 1 or logic 0. (LINT-32)
   Pin 'B[5]' is connected to logic 0. 
Warning: In design 'add_58_mydesign_3', a pin on submodule 'GEN_CLA8[7].CLA8_1' is connected to logic 1 or logic 0. (LINT-32)
   Pin 'B[4]' is connected to logic 0. 
Warning: In design 'add_58_mydesign_3', a pin on submodule 'GEN_CLA8[7].CLA8_1' is connected to logic 1 or logic 0. (LINT-32)
   Pin 'B[3]' is connected to logic 0. 
Warning: In design 'add_58_mydesign_3', a pin on submodule 'GEN_CLA8[7].CLA8_1' is connected to logic 1 or logic 0. (LINT-32)
   Pin 'B[2]' is connected to logic 0. 
Warning: In design 'sub_58_mydesign_0', a pin on submodule 'CLA8_zero' is connected to logic 1 or logic 0. (LINT-32)
   Pin 'Cin' is connected to logic 1. 
Warning: In design 'sub_58_mydesign_0', a pin on submodule 'GEN_CLA8[1].CLA8_0' is connected to logic 1 or logic 0. (LINT-32)
   Pin 'Cin' is connected to logic 0. 
Warning: In design 'sub_58_mydesign_0', a pin on submodule 'GEN_CLA8[1].CLA8_1' is connected to logic 1 or logic 0. (LINT-32)
   Pin 'Cin' is connected to logic 1. 
Warning: In design 'sub_58_mydesign_0', a pin on submodule 'GEN_CLA8[2].CLA8_0' is connected to logic 1 or logic 0. (LINT-32)
   Pin 'Cin' is connected to logic 0. 
Warning: In design 'sub_58_mydesign_0', a pin on submodule 'GEN_CLA8[2].CLA8_1' is connected to logic 1 or logic 0. (LINT-32)
   Pin 'Cin' is connected to logic 1. 
Warning: In design 'sub_58_mydesign_0', a pin on submodule 'GEN_CLA8[3].CLA8_0' is connected to logic 1 or logic 0. (LINT-32)
   Pin 'Cin' is connected to logic 0. 
Warning: In design 'sub_58_mydesign_0', a pin on submodule 'GEN_CLA8[3].CLA8_1' is connected to logic 1 or logic 0. (LINT-32)
   Pin 'Cin' is connected to logic 1. 
Warning: In design 'sub_58_mydesign_0', a pin on submodule 'GEN_CLA8[4].CLA8_0' is connected to logic 1 or logic 0. (LINT-32)
   Pin 'Cin' is connected to logic 0. 
Warning: In design 'sub_58_mydesign_0', a pin on submodule 'GEN_CLA8[4].CLA8_1' is connected to logic 1 or logic 0. (LINT-32)
   Pin 'Cin' is connected to logic 1. 
Warning: In design 'sub_58_mydesign_0', a pin on submodule 'GEN_CLA8[5].CLA8_0' is connected to logic 1 or logic 0. (LINT-32)
   Pin 'Cin' is connected to logic 0. 
Warning: In design 'sub_58_mydesign_0', a pin on submodule 'GEN_CLA8[5].CLA8_1' is connected to logic 1 or logic 0. (LINT-32)
   Pin 'Cin' is connected to logic 1. 
Warning: In design 'sub_58_mydesign_0', a pin on submodule 'GEN_CLA8[6].CLA8_0' is connected to logic 1 or logic 0. (LINT-32)
   Pin 'Cin' is connected to logic 0. 
Warning: In design 'sub_58_mydesign_0', a pin on submodule 'GEN_CLA8[6].CLA8_1' is connected to logic 1 or logic 0. (LINT-32)
   Pin 'Cin' is connected to logic 1. 
Warning: In design 'sub_58_mydesign_0', a pin on submodule 'GEN_CLA8[7].CLA8_0' is connected to logic 1 or logic 0. (LINT-32)
   Pin 'Cin' is connected to logic 0. 
Warning: In design 'sub_58_mydesign_0', a pin on submodule 'GEN_CLA8[7].CLA8_0' is connected to logic 1 or logic 0. (LINT-32)
   Pin 'A[7]' is connected to logic 0. 
Warning: In design 'sub_58_mydesign_0', a pin on submodule 'GEN_CLA8[7].CLA8_0' is connected to logic 1 or logic 0. (LINT-32)
   Pin 'A[6]' is connected to logic 0. 
Warning: In design 'sub_58_mydesign_0', a pin on submodule 'GEN_CLA8[7].CLA8_0' is connected to logic 1 or logic 0. (LINT-32)
   Pin 'A[5]' is connected to logic 0. 
Warning: In design 'sub_58_mydesign_0', a pin on submodule 'GEN_CLA8[7].CLA8_0' is connected to logic 1 or logic 0. (LINT-32)
   Pin 'A[4]' is connected to logic 0. 
Warning: In design 'sub_58_mydesign_0', a pin on submodule 'GEN_CLA8[7].CLA8_0' is connected to logic 1 or logic 0. (LINT-32)
   Pin 'A[3]' is connected to logic 0. 
Warning: In design 'sub_58_mydesign_0', a pin on submodule 'GEN_CLA8[7].CLA8_0' is connected to logic 1 or logic 0. (LINT-32)
   Pin 'A[2]' is connected to logic 0. 
Warning: In design 'sub_58_mydesign_0', a pin on submodule 'GEN_CLA8[7].CLA8_0' is connected to logic 1 or logic 0. (LINT-32)
   Pin 'B[7]' is connected to logic 0. 
Warning: In design 'sub_58_mydesign_0', a pin on submodule 'GEN_CLA8[7].CLA8_0' is connected to logic 1 or logic 0. (LINT-32)
   Pin 'B[6]' is connected to logic 0. 
Warning: In design 'sub_58_mydesign_0', a pin on submodule 'GEN_CLA8[7].CLA8_0' is connected to logic 1 or logic 0. (LINT-32)
   Pin 'B[5]' is connected to logic 0. 
Warning: In design 'sub_58_mydesign_0', a pin on submodule 'GEN_CLA8[7].CLA8_0' is connected to logic 1 or logic 0. (LINT-32)
   Pin 'B[4]' is connected to logic 0. 
Warning: In design 'sub_58_mydesign_0', a pin on submodule 'GEN_CLA8[7].CLA8_0' is connected to logic 1 or logic 0. (LINT-32)
   Pin 'B[3]' is connected to logic 0. 
Warning: In design 'sub_58_mydesign_0', a pin on submodule 'GEN_CLA8[7].CLA8_0' is connected to logic 1 or logic 0. (LINT-32)
   Pin 'B[2]' is connected to logic 0. 
Warning: In design 'sub_58_mydesign_0', a pin on submodule 'GEN_CLA8[7].CLA8_1' is connected to logic 1 or logic 0. (LINT-32)
   Pin 'Cin' is connected to logic 1. 
Warning: In design 'sub_58_mydesign_0', a pin on submodule 'GEN_CLA8[7].CLA8_1' is connected to logic 1 or logic 0. (LINT-32)
   Pin 'A[7]' is connected to logic 0. 
Warning: In design 'sub_58_mydesign_0', a pin on submodule 'GEN_CLA8[7].CLA8_1' is connected to logic 1 or logic 0. (LINT-32)
   Pin 'A[6]' is connected to logic 0. 
Warning: In design 'sub_58_mydesign_0', a pin on submodule 'GEN_CLA8[7].CLA8_1' is connected to logic 1 or logic 0. (LINT-32)
   Pin 'A[5]' is connected to logic 0. 
Warning: In design 'sub_58_mydesign_0', a pin on submodule 'GEN_CLA8[7].CLA8_1' is connected to logic 1 or logic 0. (LINT-32)
   Pin 'A[4]' is connected to logic 0. 
Warning: In design 'sub_58_mydesign_0', a pin on submodule 'GEN_CLA8[7].CLA8_1' is connected to logic 1 or logic 0. (LINT-32)
   Pin 'A[3]' is connected to logic 0. 
Warning: In design 'sub_58_mydesign_0', a pin on submodule 'GEN_CLA8[7].CLA8_1' is connected to logic 1 or logic 0. (LINT-32)
   Pin 'A[2]' is connected to logic 0. 
Warning: In design 'sub_58_mydesign_0', a pin on submodule 'GEN_CLA8[7].CLA8_1' is connected to logic 1 or logic 0. (LINT-32)
   Pin 'B[7]' is connected to logic 0. 
Warning: In design 'sub_58_mydesign_0', a pin on submodule 'GEN_CLA8[7].CLA8_1' is connected to logic 1 or logic 0. (LINT-32)
   Pin 'B[6]' is connected to logic 0. 
Warning: In design 'sub_58_mydesign_0', a pin on submodule 'GEN_CLA8[7].CLA8_1' is connected to logic 1 or logic 0. (LINT-32)
   Pin 'B[5]' is connected to logic 0. 
Warning: In design 'sub_58_mydesign_0', a pin on submodule 'GEN_CLA8[7].CLA8_1' is connected to logic 1 or logic 0. (LINT-32)
   Pin 'B[4]' is connected to logic 0. 
Warning: In design 'sub_58_mydesign_0', a pin on submodule 'GEN_CLA8[7].CLA8_1' is connected to logic 1 or logic 0. (LINT-32)
   Pin 'B[3]' is connected to logic 0. 
Warning: In design 'sub_58_mydesign_0', a pin on submodule 'GEN_CLA8[7].CLA8_1' is connected to logic 1 or logic 0. (LINT-32)
   Pin 'B[2]' is connected to logic 0. 
Warning: In design 'sub_58_mydesign_1', a pin on submodule 'CLA8_zero' is connected to logic 1 or logic 0. (LINT-32)
   Pin 'Cin' is connected to logic 1. 
Warning: In design 'sub_58_mydesign_1', a pin on submodule 'GEN_CLA8[1].CLA8_0' is connected to logic 1 or logic 0. (LINT-32)
   Pin 'Cin' is connected to logic 0. 
Warning: In design 'sub_58_mydesign_1', a pin on submodule 'GEN_CLA8[1].CLA8_1' is connected to logic 1 or logic 0. (LINT-32)
   Pin 'Cin' is connected to logic 1. 
Warning: In design 'sub_58_mydesign_1', a pin on submodule 'GEN_CLA8[2].CLA8_0' is connected to logic 1 or logic 0. (LINT-32)
   Pin 'Cin' is connected to logic 0. 
Warning: In design 'sub_58_mydesign_1', a pin on submodule 'GEN_CLA8[2].CLA8_1' is connected to logic 1 or logic 0. (LINT-32)
   Pin 'Cin' is connected to logic 1. 
Warning: In design 'sub_58_mydesign_1', a pin on submodule 'GEN_CLA8[3].CLA8_0' is connected to logic 1 or logic 0. (LINT-32)
   Pin 'Cin' is connected to logic 0. 
Warning: In design 'sub_58_mydesign_1', a pin on submodule 'GEN_CLA8[3].CLA8_1' is connected to logic 1 or logic 0. (LINT-32)
   Pin 'Cin' is connected to logic 1. 
Warning: In design 'sub_58_mydesign_1', a pin on submodule 'GEN_CLA8[4].CLA8_0' is connected to logic 1 or logic 0. (LINT-32)
   Pin 'Cin' is connected to logic 0. 
Warning: In design 'sub_58_mydesign_1', a pin on submodule 'GEN_CLA8[4].CLA8_1' is connected to logic 1 or logic 0. (LINT-32)
   Pin 'Cin' is connected to logic 1. 
Warning: In design 'sub_58_mydesign_1', a pin on submodule 'GEN_CLA8[5].CLA8_0' is connected to logic 1 or logic 0. (LINT-32)
   Pin 'Cin' is connected to logic 0. 
Warning: In design 'sub_58_mydesign_1', a pin on submodule 'GEN_CLA8[5].CLA8_1' is connected to logic 1 or logic 0. (LINT-32)
   Pin 'Cin' is connected to logic 1. 
Warning: In design 'sub_58_mydesign_1', a pin on submodule 'GEN_CLA8[6].CLA8_0' is connected to logic 1 or logic 0. (LINT-32)
   Pin 'Cin' is connected to logic 0. 
Warning: In design 'sub_58_mydesign_1', a pin on submodule 'GEN_CLA8[6].CLA8_1' is connected to logic 1 or logic 0. (LINT-32)
   Pin 'Cin' is connected to logic 1. 
Warning: In design 'sub_58_mydesign_1', a pin on submodule 'GEN_CLA8[7].CLA8_0' is connected to logic 1 or logic 0. (LINT-32)
   Pin 'Cin' is connected to logic 0. 
Warning: In design 'sub_58_mydesign_1', a pin on submodule 'GEN_CLA8[7].CLA8_0' is connected to logic 1 or logic 0. (LINT-32)
   Pin 'A[7]' is connected to logic 0. 
Warning: In design 'sub_58_mydesign_1', a pin on submodule 'GEN_CLA8[7].CLA8_0' is connected to logic 1 or logic 0. (LINT-32)
   Pin 'A[6]' is connected to logic 0. 
Warning: In design 'sub_58_mydesign_1', a pin on submodule 'GEN_CLA8[7].CLA8_0' is connected to logic 1 or logic 0. (LINT-32)
   Pin 'A[5]' is connected to logic 0. 
Warning: In design 'sub_58_mydesign_1', a pin on submodule 'GEN_CLA8[7].CLA8_0' is connected to logic 1 or logic 0. (LINT-32)
   Pin 'A[4]' is connected to logic 0. 
Warning: In design 'sub_58_mydesign_1', a pin on submodule 'GEN_CLA8[7].CLA8_0' is connected to logic 1 or logic 0. (LINT-32)
   Pin 'A[3]' is connected to logic 0. 
Warning: In design 'sub_58_mydesign_1', a pin on submodule 'GEN_CLA8[7].CLA8_0' is connected to logic 1 or logic 0. (LINT-32)
   Pin 'A[2]' is connected to logic 0. 
Warning: In design 'sub_58_mydesign_1', a pin on submodule 'GEN_CLA8[7].CLA8_0' is connected to logic 1 or logic 0. (LINT-32)
   Pin 'B[7]' is connected to logic 0. 
Warning: In design 'sub_58_mydesign_1', a pin on submodule 'GEN_CLA8[7].CLA8_0' is connected to logic 1 or logic 0. (LINT-32)
   Pin 'B[6]' is connected to logic 0. 
Warning: In design 'sub_58_mydesign_1', a pin on submodule 'GEN_CLA8[7].CLA8_0' is connected to logic 1 or logic 0. (LINT-32)
   Pin 'B[5]' is connected to logic 0. 
Warning: In design 'sub_58_mydesign_1', a pin on submodule 'GEN_CLA8[7].CLA8_0' is connected to logic 1 or logic 0. (LINT-32)
   Pin 'B[4]' is connected to logic 0. 
Warning: In design 'sub_58_mydesign_1', a pin on submodule 'GEN_CLA8[7].CLA8_0' is connected to logic 1 or logic 0. (LINT-32)
   Pin 'B[3]' is connected to logic 0. 
Warning: In design 'sub_58_mydesign_1', a pin on submodule 'GEN_CLA8[7].CLA8_0' is connected to logic 1 or logic 0. (LINT-32)
   Pin 'B[2]' is connected to logic 0. 
Warning: In design 'sub_58_mydesign_1', a pin on submodule 'GEN_CLA8[7].CLA8_1' is connected to logic 1 or logic 0. (LINT-32)
   Pin 'Cin' is connected to logic 1. 
Warning: In design 'sub_58_mydesign_1', a pin on submodule 'GEN_CLA8[7].CLA8_1' is connected to logic 1 or logic 0. (LINT-32)
   Pin 'A[7]' is connected to logic 0. 
Warning: In design 'sub_58_mydesign_1', a pin on submodule 'GEN_CLA8[7].CLA8_1' is connected to logic 1 or logic 0. (LINT-32)
   Pin 'A[6]' is connected to logic 0. 
Warning: In design 'sub_58_mydesign_1', a pin on submodule 'GEN_CLA8[7].CLA8_1' is connected to logic 1 or logic 0. (LINT-32)
   Pin 'A[5]' is connected to logic 0. 
Warning: In design 'sub_58_mydesign_1', a pin on submodule 'GEN_CLA8[7].CLA8_1' is connected to logic 1 or logic 0. (LINT-32)
   Pin 'A[4]' is connected to logic 0. 
Warning: In design 'sub_58_mydesign_1', a pin on submodule 'GEN_CLA8[7].CLA8_1' is connected to logic 1 or logic 0. (LINT-32)
   Pin 'A[3]' is connected to logic 0. 
Warning: In design 'sub_58_mydesign_1', a pin on submodule 'GEN_CLA8[7].CLA8_1' is connected to logic 1 or logic 0. (LINT-32)
   Pin 'A[2]' is connected to logic 0. 
Warning: In design 'sub_58_mydesign_1', a pin on submodule 'GEN_CLA8[7].CLA8_1' is connected to logic 1 or logic 0. (LINT-32)
   Pin 'B[7]' is connected to logic 0. 
Warning: In design 'sub_58_mydesign_1', a pin on submodule 'GEN_CLA8[7].CLA8_1' is connected to logic 1 or logic 0. (LINT-32)
   Pin 'B[6]' is connected to logic 0. 
Warning: In design 'sub_58_mydesign_1', a pin on submodule 'GEN_CLA8[7].CLA8_1' is connected to logic 1 or logic 0. (LINT-32)
   Pin 'B[5]' is connected to logic 0. 
Warning: In design 'sub_58_mydesign_1', a pin on submodule 'GEN_CLA8[7].CLA8_1' is connected to logic 1 or logic 0. (LINT-32)
   Pin 'B[4]' is connected to logic 0. 
Warning: In design 'sub_58_mydesign_1', a pin on submodule 'GEN_CLA8[7].CLA8_1' is connected to logic 1 or logic 0. (LINT-32)
   Pin 'B[3]' is connected to logic 0. 
Warning: In design 'sub_58_mydesign_1', a pin on submodule 'GEN_CLA8[7].CLA8_1' is connected to logic 1 or logic 0. (LINT-32)
   Pin 'B[2]' is connected to logic 0. 
Warning: In design 'sub_58_mydesign_2', a pin on submodule 'CLA8_zero' is connected to logic 1 or logic 0. (LINT-32)
   Pin 'Cin' is connected to logic 1. 
Warning: In design 'sub_58_mydesign_2', a pin on submodule 'GEN_CLA8[1].CLA8_0' is connected to logic 1 or logic 0. (LINT-32)
   Pin 'Cin' is connected to logic 0. 
Warning: In design 'sub_58_mydesign_2', a pin on submodule 'GEN_CLA8[1].CLA8_1' is connected to logic 1 or logic 0. (LINT-32)
   Pin 'Cin' is connected to logic 1. 
Warning: In design 'sub_58_mydesign_2', a pin on submodule 'GEN_CLA8[2].CLA8_0' is connected to logic 1 or logic 0. (LINT-32)
   Pin 'Cin' is connected to logic 0. 
Warning: In design 'sub_58_mydesign_2', a pin on submodule 'GEN_CLA8[2].CLA8_1' is connected to logic 1 or logic 0. (LINT-32)
   Pin 'Cin' is connected to logic 1. 
Warning: In design 'sub_58_mydesign_2', a pin on submodule 'GEN_CLA8[3].CLA8_0' is connected to logic 1 or logic 0. (LINT-32)
   Pin 'Cin' is connected to logic 0. 
Warning: In design 'sub_58_mydesign_2', a pin on submodule 'GEN_CLA8[3].CLA8_1' is connected to logic 1 or logic 0. (LINT-32)
   Pin 'Cin' is connected to logic 1. 
Warning: In design 'sub_58_mydesign_2', a pin on submodule 'GEN_CLA8[4].CLA8_0' is connected to logic 1 or logic 0. (LINT-32)
   Pin 'Cin' is connected to logic 0. 
Warning: In design 'sub_58_mydesign_2', a pin on submodule 'GEN_CLA8[4].CLA8_1' is connected to logic 1 or logic 0. (LINT-32)
   Pin 'Cin' is connected to logic 1. 
Warning: In design 'sub_58_mydesign_2', a pin on submodule 'GEN_CLA8[5].CLA8_0' is connected to logic 1 or logic 0. (LINT-32)
   Pin 'Cin' is connected to logic 0. 
Warning: In design 'sub_58_mydesign_2', a pin on submodule 'GEN_CLA8[5].CLA8_1' is connected to logic 1 or logic 0. (LINT-32)
   Pin 'Cin' is connected to logic 1. 
Warning: In design 'sub_58_mydesign_2', a pin on submodule 'GEN_CLA8[6].CLA8_0' is connected to logic 1 or logic 0. (LINT-32)
   Pin 'Cin' is connected to logic 0. 
Warning: In design 'sub_58_mydesign_2', a pin on submodule 'GEN_CLA8[6].CLA8_1' is connected to logic 1 or logic 0. (LINT-32)
   Pin 'Cin' is connected to logic 1. 
Warning: In design 'sub_58_mydesign_2', a pin on submodule 'GEN_CLA8[7].CLA8_0' is connected to logic 1 or logic 0. (LINT-32)
   Pin 'Cin' is connected to logic 0. 
Warning: In design 'sub_58_mydesign_2', a pin on submodule 'GEN_CLA8[7].CLA8_0' is connected to logic 1 or logic 0. (LINT-32)
   Pin 'A[7]' is connected to logic 0. 
Warning: In design 'sub_58_mydesign_2', a pin on submodule 'GEN_CLA8[7].CLA8_0' is connected to logic 1 or logic 0. (LINT-32)
   Pin 'A[6]' is connected to logic 0. 
Warning: In design 'sub_58_mydesign_2', a pin on submodule 'GEN_CLA8[7].CLA8_0' is connected to logic 1 or logic 0. (LINT-32)
   Pin 'A[5]' is connected to logic 0. 
Warning: In design 'sub_58_mydesign_2', a pin on submodule 'GEN_CLA8[7].CLA8_0' is connected to logic 1 or logic 0. (LINT-32)
   Pin 'A[4]' is connected to logic 0. 
Warning: In design 'sub_58_mydesign_2', a pin on submodule 'GEN_CLA8[7].CLA8_0' is connected to logic 1 or logic 0. (LINT-32)
   Pin 'A[3]' is connected to logic 0. 
Warning: In design 'sub_58_mydesign_2', a pin on submodule 'GEN_CLA8[7].CLA8_0' is connected to logic 1 or logic 0. (LINT-32)
   Pin 'A[2]' is connected to logic 0. 
Warning: In design 'sub_58_mydesign_2', a pin on submodule 'GEN_CLA8[7].CLA8_0' is connected to logic 1 or logic 0. (LINT-32)
   Pin 'B[7]' is connected to logic 0. 
Warning: In design 'sub_58_mydesign_2', a pin on submodule 'GEN_CLA8[7].CLA8_0' is connected to logic 1 or logic 0. (LINT-32)
   Pin 'B[6]' is connected to logic 0. 
Warning: In design 'sub_58_mydesign_2', a pin on submodule 'GEN_CLA8[7].CLA8_0' is connected to logic 1 or logic 0. (LINT-32)
   Pin 'B[5]' is connected to logic 0. 
Warning: In design 'sub_58_mydesign_2', a pin on submodule 'GEN_CLA8[7].CLA8_0' is connected to logic 1 or logic 0. (LINT-32)
   Pin 'B[4]' is connected to logic 0. 
Warning: In design 'sub_58_mydesign_2', a pin on submodule 'GEN_CLA8[7].CLA8_0' is connected to logic 1 or logic 0. (LINT-32)
   Pin 'B[3]' is connected to logic 0. 
Warning: In design 'sub_58_mydesign_2', a pin on submodule 'GEN_CLA8[7].CLA8_0' is connected to logic 1 or logic 0. (LINT-32)
   Pin 'B[2]' is connected to logic 0. 
Warning: In design 'sub_58_mydesign_2', a pin on submodule 'GEN_CLA8[7].CLA8_1' is connected to logic 1 or logic 0. (LINT-32)
   Pin 'Cin' is connected to logic 1. 
Warning: In design 'sub_58_mydesign_2', a pin on submodule 'GEN_CLA8[7].CLA8_1' is connected to logic 1 or logic 0. (LINT-32)
   Pin 'A[7]' is connected to logic 0. 
Warning: In design 'sub_58_mydesign_2', a pin on submodule 'GEN_CLA8[7].CLA8_1' is connected to logic 1 or logic 0. (LINT-32)
   Pin 'A[6]' is connected to logic 0. 
Warning: In design 'sub_58_mydesign_2', a pin on submodule 'GEN_CLA8[7].CLA8_1' is connected to logic 1 or logic 0. (LINT-32)
   Pin 'A[5]' is connected to logic 0. 
Warning: In design 'sub_58_mydesign_2', a pin on submodule 'GEN_CLA8[7].CLA8_1' is connected to logic 1 or logic 0. (LINT-32)
   Pin 'A[4]' is connected to logic 0. 
Warning: In design 'sub_58_mydesign_2', a pin on submodule 'GEN_CLA8[7].CLA8_1' is connected to logic 1 or logic 0. (LINT-32)
   Pin 'A[3]' is connected to logic 0. 
Warning: In design 'sub_58_mydesign_2', a pin on submodule 'GEN_CLA8[7].CLA8_1' is connected to logic 1 or logic 0. (LINT-32)
   Pin 'A[2]' is connected to logic 0. 
Warning: In design 'sub_58_mydesign_2', a pin on submodule 'GEN_CLA8[7].CLA8_1' is connected to logic 1 or logic 0. (LINT-32)
   Pin 'B[7]' is connected to logic 0. 
Warning: In design 'sub_58_mydesign_2', a pin on submodule 'GEN_CLA8[7].CLA8_1' is connected to logic 1 or logic 0. (LINT-32)
   Pin 'B[6]' is connected to logic 0. 
Warning: In design 'sub_58_mydesign_2', a pin on submodule 'GEN_CLA8[7].CLA8_1' is connected to logic 1 or logic 0. (LINT-32)
   Pin 'B[5]' is connected to logic 0. 
Warning: In design 'sub_58_mydesign_2', a pin on submodule 'GEN_CLA8[7].CLA8_1' is connected to logic 1 or logic 0. (LINT-32)
   Pin 'B[4]' is connected to logic 0. 
Warning: In design 'sub_58_mydesign_2', a pin on submodule 'GEN_CLA8[7].CLA8_1' is connected to logic 1 or logic 0. (LINT-32)
   Pin 'B[3]' is connected to logic 0. 
Warning: In design 'sub_58_mydesign_2', a pin on submodule 'GEN_CLA8[7].CLA8_1' is connected to logic 1 or logic 0. (LINT-32)
   Pin 'B[2]' is connected to logic 0. 
Warning: In design 'sub_58_mydesign_3', a pin on submodule 'CLA8_zero' is connected to logic 1 or logic 0. (LINT-32)
   Pin 'Cin' is connected to logic 1. 
Warning: In design 'sub_58_mydesign_3', a pin on submodule 'GEN_CLA8[1].CLA8_0' is connected to logic 1 or logic 0. (LINT-32)
   Pin 'Cin' is connected to logic 0. 
Warning: In design 'sub_58_mydesign_3', a pin on submodule 'GEN_CLA8[1].CLA8_1' is connected to logic 1 or logic 0. (LINT-32)
   Pin 'Cin' is connected to logic 1. 
Warning: In design 'sub_58_mydesign_3', a pin on submodule 'GEN_CLA8[2].CLA8_0' is connected to logic 1 or logic 0. (LINT-32)
   Pin 'Cin' is connected to logic 0. 
Warning: In design 'sub_58_mydesign_3', a pin on submodule 'GEN_CLA8[2].CLA8_1' is connected to logic 1 or logic 0. (LINT-32)
   Pin 'Cin' is connected to logic 1. 
Warning: In design 'sub_58_mydesign_3', a pin on submodule 'GEN_CLA8[3].CLA8_0' is connected to logic 1 or logic 0. (LINT-32)
   Pin 'Cin' is connected to logic 0. 
Warning: In design 'sub_58_mydesign_3', a pin on submodule 'GEN_CLA8[3].CLA8_1' is connected to logic 1 or logic 0. (LINT-32)
   Pin 'Cin' is connected to logic 1. 
Warning: In design 'sub_58_mydesign_3', a pin on submodule 'GEN_CLA8[4].CLA8_0' is connected to logic 1 or logic 0. (LINT-32)
   Pin 'Cin' is connected to logic 0. 
Warning: In design 'sub_58_mydesign_3', a pin on submodule 'GEN_CLA8[4].CLA8_1' is connected to logic 1 or logic 0. (LINT-32)
   Pin 'Cin' is connected to logic 1. 
Warning: In design 'sub_58_mydesign_3', a pin on submodule 'GEN_CLA8[5].CLA8_0' is connected to logic 1 or logic 0. (LINT-32)
   Pin 'Cin' is connected to logic 0. 
Warning: In design 'sub_58_mydesign_3', a pin on submodule 'GEN_CLA8[5].CLA8_1' is connected to logic 1 or logic 0. (LINT-32)
   Pin 'Cin' is connected to logic 1. 
Warning: In design 'sub_58_mydesign_3', a pin on submodule 'GEN_CLA8[6].CLA8_0' is connected to logic 1 or logic 0. (LINT-32)
   Pin 'Cin' is connected to logic 0. 
Warning: In design 'sub_58_mydesign_3', a pin on submodule 'GEN_CLA8[6].CLA8_1' is connected to logic 1 or logic 0. (LINT-32)
   Pin 'Cin' is connected to logic 1. 
Warning: In design 'sub_58_mydesign_3', a pin on submodule 'GEN_CLA8[7].CLA8_0' is connected to logic 1 or logic 0. (LINT-32)
   Pin 'Cin' is connected to logic 0. 
Warning: In design 'sub_58_mydesign_3', a pin on submodule 'GEN_CLA8[7].CLA8_0' is connected to logic 1 or logic 0. (LINT-32)
   Pin 'A[7]' is connected to logic 0. 
Warning: In design 'sub_58_mydesign_3', a pin on submodule 'GEN_CLA8[7].CLA8_0' is connected to logic 1 or logic 0. (LINT-32)
   Pin 'A[6]' is connected to logic 0. 
Warning: In design 'sub_58_mydesign_3', a pin on submodule 'GEN_CLA8[7].CLA8_0' is connected to logic 1 or logic 0. (LINT-32)
   Pin 'A[5]' is connected to logic 0. 
Warning: In design 'sub_58_mydesign_3', a pin on submodule 'GEN_CLA8[7].CLA8_0' is connected to logic 1 or logic 0. (LINT-32)
   Pin 'A[4]' is connected to logic 0. 
Warning: In design 'sub_58_mydesign_3', a pin on submodule 'GEN_CLA8[7].CLA8_0' is connected to logic 1 or logic 0. (LINT-32)
   Pin 'A[3]' is connected to logic 0. 
Warning: In design 'sub_58_mydesign_3', a pin on submodule 'GEN_CLA8[7].CLA8_0' is connected to logic 1 or logic 0. (LINT-32)
   Pin 'A[2]' is connected to logic 0. 
Warning: In design 'sub_58_mydesign_3', a pin on submodule 'GEN_CLA8[7].CLA8_0' is connected to logic 1 or logic 0. (LINT-32)
   Pin 'B[7]' is connected to logic 0. 
Warning: In design 'sub_58_mydesign_3', a pin on submodule 'GEN_CLA8[7].CLA8_0' is connected to logic 1 or logic 0. (LINT-32)
   Pin 'B[6]' is connected to logic 0. 
Warning: In design 'sub_58_mydesign_3', a pin on submodule 'GEN_CLA8[7].CLA8_0' is connected to logic 1 or logic 0. (LINT-32)
   Pin 'B[5]' is connected to logic 0. 
Warning: In design 'sub_58_mydesign_3', a pin on submodule 'GEN_CLA8[7].CLA8_0' is connected to logic 1 or logic 0. (LINT-32)
   Pin 'B[4]' is connected to logic 0. 
Warning: In design 'sub_58_mydesign_3', a pin on submodule 'GEN_CLA8[7].CLA8_0' is connected to logic 1 or logic 0. (LINT-32)
   Pin 'B[3]' is connected to logic 0. 
Warning: In design 'sub_58_mydesign_3', a pin on submodule 'GEN_CLA8[7].CLA8_0' is connected to logic 1 or logic 0. (LINT-32)
   Pin 'B[2]' is connected to logic 0. 
Warning: In design 'sub_58_mydesign_3', a pin on submodule 'GEN_CLA8[7].CLA8_1' is connected to logic 1 or logic 0. (LINT-32)
   Pin 'Cin' is connected to logic 1. 
Warning: In design 'sub_58_mydesign_3', a pin on submodule 'GEN_CLA8[7].CLA8_1' is connected to logic 1 or logic 0. (LINT-32)
   Pin 'A[7]' is connected to logic 0. 
Warning: In design 'sub_58_mydesign_3', a pin on submodule 'GEN_CLA8[7].CLA8_1' is connected to logic 1 or logic 0. (LINT-32)
   Pin 'A[6]' is connected to logic 0. 
Warning: In design 'sub_58_mydesign_3', a pin on submodule 'GEN_CLA8[7].CLA8_1' is connected to logic 1 or logic 0. (LINT-32)
   Pin 'A[5]' is connected to logic 0. 
Warning: In design 'sub_58_mydesign_3', a pin on submodule 'GEN_CLA8[7].CLA8_1' is connected to logic 1 or logic 0. (LINT-32)
   Pin 'A[4]' is connected to logic 0. 
Warning: In design 'sub_58_mydesign_3', a pin on submodule 'GEN_CLA8[7].CLA8_1' is connected to logic 1 or logic 0. (LINT-32)
   Pin 'A[3]' is connected to logic 0. 
Warning: In design 'sub_58_mydesign_3', a pin on submodule 'GEN_CLA8[7].CLA8_1' is connected to logic 1 or logic 0. (LINT-32)
   Pin 'A[2]' is connected to logic 0. 
Warning: In design 'sub_58_mydesign_3', a pin on submodule 'GEN_CLA8[7].CLA8_1' is connected to logic 1 or logic 0. (LINT-32)
   Pin 'B[7]' is connected to logic 0. 
Warning: In design 'sub_58_mydesign_3', a pin on submodule 'GEN_CLA8[7].CLA8_1' is connected to logic 1 or logic 0. (LINT-32)
   Pin 'B[6]' is connected to logic 0. 
Warning: In design 'sub_58_mydesign_3', a pin on submodule 'GEN_CLA8[7].CLA8_1' is connected to logic 1 or logic 0. (LINT-32)
   Pin 'B[5]' is connected to logic 0. 
Warning: In design 'sub_58_mydesign_3', a pin on submodule 'GEN_CLA8[7].CLA8_1' is connected to logic 1 or logic 0. (LINT-32)
   Pin 'B[4]' is connected to logic 0. 
Warning: In design 'sub_58_mydesign_3', a pin on submodule 'GEN_CLA8[7].CLA8_1' is connected to logic 1 or logic 0. (LINT-32)
   Pin 'B[3]' is connected to logic 0. 
Warning: In design 'sub_58_mydesign_3', a pin on submodule 'GEN_CLA8[7].CLA8_1' is connected to logic 1 or logic 0. (LINT-32)
   Pin 'B[2]' is connected to logic 0. 
Warning: In design 'add_11_overflow_mydesign_0', a pin on submodule 'CLA8_zero' is connected to logic 1 or logic 0. (LINT-32)
   Pin 'Cin' is connected to logic 0. 
Warning: In design 'add_11_overflow_mydesign_0', a pin on submodule 'GEN_CLA8[1].CLA8_0' is connected to logic 1 or logic 0. (LINT-32)
   Pin 'Cin' is connected to logic 0. 
Warning: In design 'add_11_overflow_mydesign_0', a pin on submodule 'GEN_CLA8[1].CLA8_0' is connected to logic 1 or logic 0. (LINT-32)
   Pin 'A[7]' is connected to logic 0. 
Warning: In design 'add_11_overflow_mydesign_0', a pin on submodule 'GEN_CLA8[1].CLA8_0' is connected to logic 1 or logic 0. (LINT-32)
   Pin 'A[6]' is connected to logic 0. 
Warning: In design 'add_11_overflow_mydesign_0', a pin on submodule 'GEN_CLA8[1].CLA8_0' is connected to logic 1 or logic 0. (LINT-32)
   Pin 'A[5]' is connected to logic 0. 
Warning: In design 'add_11_overflow_mydesign_0', a pin on submodule 'GEN_CLA8[1].CLA8_0' is connected to logic 1 or logic 0. (LINT-32)
   Pin 'A[4]' is connected to logic 0. 
Warning: In design 'add_11_overflow_mydesign_0', a pin on submodule 'GEN_CLA8[1].CLA8_0' is connected to logic 1 or logic 0. (LINT-32)
   Pin 'A[3]' is connected to logic 0. 
Warning: In design 'add_11_overflow_mydesign_0', a pin on submodule 'GEN_CLA8[1].CLA8_0' is connected to logic 1 or logic 0. (LINT-32)
   Pin 'B[7]' is connected to logic 0. 
Warning: In design 'add_11_overflow_mydesign_0', a pin on submodule 'GEN_CLA8[1].CLA8_0' is connected to logic 1 or logic 0. (LINT-32)
   Pin 'B[6]' is connected to logic 0. 
Warning: In design 'add_11_overflow_mydesign_0', a pin on submodule 'GEN_CLA8[1].CLA8_0' is connected to logic 1 or logic 0. (LINT-32)
   Pin 'B[5]' is connected to logic 0. 
Warning: In design 'add_11_overflow_mydesign_0', a pin on submodule 'GEN_CLA8[1].CLA8_0' is connected to logic 1 or logic 0. (LINT-32)
   Pin 'B[4]' is connected to logic 0. 
Warning: In design 'add_11_overflow_mydesign_0', a pin on submodule 'GEN_CLA8[1].CLA8_0' is connected to logic 1 or logic 0. (LINT-32)
   Pin 'B[3]' is connected to logic 0. 
Warning: In design 'add_11_overflow_mydesign_0', a pin on submodule 'GEN_CLA8[1].CLA8_1' is connected to logic 1 or logic 0. (LINT-32)
   Pin 'Cin' is connected to logic 1. 
Warning: In design 'add_11_overflow_mydesign_0', a pin on submodule 'GEN_CLA8[1].CLA8_1' is connected to logic 1 or logic 0. (LINT-32)
   Pin 'A[7]' is connected to logic 0. 
Warning: In design 'add_11_overflow_mydesign_0', a pin on submodule 'GEN_CLA8[1].CLA8_1' is connected to logic 1 or logic 0. (LINT-32)
   Pin 'A[6]' is connected to logic 0. 
Warning: In design 'add_11_overflow_mydesign_0', a pin on submodule 'GEN_CLA8[1].CLA8_1' is connected to logic 1 or logic 0. (LINT-32)
   Pin 'A[5]' is connected to logic 0. 
Warning: In design 'add_11_overflow_mydesign_0', a pin on submodule 'GEN_CLA8[1].CLA8_1' is connected to logic 1 or logic 0. (LINT-32)
   Pin 'A[4]' is connected to logic 0. 
Warning: In design 'add_11_overflow_mydesign_0', a pin on submodule 'GEN_CLA8[1].CLA8_1' is connected to logic 1 or logic 0. (LINT-32)
   Pin 'A[3]' is connected to logic 0. 
Warning: In design 'add_11_overflow_mydesign_0', a pin on submodule 'GEN_CLA8[1].CLA8_1' is connected to logic 1 or logic 0. (LINT-32)
   Pin 'B[7]' is connected to logic 0. 
Warning: In design 'add_11_overflow_mydesign_0', a pin on submodule 'GEN_CLA8[1].CLA8_1' is connected to logic 1 or logic 0. (LINT-32)
   Pin 'B[6]' is connected to logic 0. 
Warning: In design 'add_11_overflow_mydesign_0', a pin on submodule 'GEN_CLA8[1].CLA8_1' is connected to logic 1 or logic 0. (LINT-32)
   Pin 'B[5]' is connected to logic 0. 
Warning: In design 'add_11_overflow_mydesign_0', a pin on submodule 'GEN_CLA8[1].CLA8_1' is connected to logic 1 or logic 0. (LINT-32)
   Pin 'B[4]' is connected to logic 0. 
Warning: In design 'add_11_overflow_mydesign_0', a pin on submodule 'GEN_CLA8[1].CLA8_1' is connected to logic 1 or logic 0. (LINT-32)
   Pin 'B[3]' is connected to logic 0. 
Warning: In design 'add_11_overflow_mydesign_1', a pin on submodule 'CLA8_zero' is connected to logic 1 or logic 0. (LINT-32)
   Pin 'Cin' is connected to logic 0. 
Warning: In design 'add_11_overflow_mydesign_1', a pin on submodule 'GEN_CLA8[1].CLA8_0' is connected to logic 1 or logic 0. (LINT-32)
   Pin 'Cin' is connected to logic 0. 
Warning: In design 'add_11_overflow_mydesign_1', a pin on submodule 'GEN_CLA8[1].CLA8_0' is connected to logic 1 or logic 0. (LINT-32)
   Pin 'A[7]' is connected to logic 0. 
Warning: In design 'add_11_overflow_mydesign_1', a pin on submodule 'GEN_CLA8[1].CLA8_0' is connected to logic 1 or logic 0. (LINT-32)
   Pin 'A[6]' is connected to logic 0. 
Warning: In design 'add_11_overflow_mydesign_1', a pin on submodule 'GEN_CLA8[1].CLA8_0' is connected to logic 1 or logic 0. (LINT-32)
   Pin 'A[5]' is connected to logic 0. 
Warning: In design 'add_11_overflow_mydesign_1', a pin on submodule 'GEN_CLA8[1].CLA8_0' is connected to logic 1 or logic 0. (LINT-32)
   Pin 'A[4]' is connected to logic 0. 
Warning: In design 'add_11_overflow_mydesign_1', a pin on submodule 'GEN_CLA8[1].CLA8_0' is connected to logic 1 or logic 0. (LINT-32)
   Pin 'A[3]' is connected to logic 0. 
Warning: In design 'add_11_overflow_mydesign_1', a pin on submodule 'GEN_CLA8[1].CLA8_0' is connected to logic 1 or logic 0. (LINT-32)
   Pin 'B[7]' is connected to logic 0. 
Warning: In design 'add_11_overflow_mydesign_1', a pin on submodule 'GEN_CLA8[1].CLA8_0' is connected to logic 1 or logic 0. (LINT-32)
   Pin 'B[6]' is connected to logic 0. 
Warning: In design 'add_11_overflow_mydesign_1', a pin on submodule 'GEN_CLA8[1].CLA8_0' is connected to logic 1 or logic 0. (LINT-32)
   Pin 'B[5]' is connected to logic 0. 
Warning: In design 'add_11_overflow_mydesign_1', a pin on submodule 'GEN_CLA8[1].CLA8_0' is connected to logic 1 or logic 0. (LINT-32)
   Pin 'B[4]' is connected to logic 0. 
Warning: In design 'add_11_overflow_mydesign_1', a pin on submodule 'GEN_CLA8[1].CLA8_0' is connected to logic 1 or logic 0. (LINT-32)
   Pin 'B[3]' is connected to logic 0. 
Warning: In design 'add_11_overflow_mydesign_1', a pin on submodule 'GEN_CLA8[1].CLA8_1' is connected to logic 1 or logic 0. (LINT-32)
   Pin 'Cin' is connected to logic 1. 
Warning: In design 'add_11_overflow_mydesign_1', a pin on submodule 'GEN_CLA8[1].CLA8_1' is connected to logic 1 or logic 0. (LINT-32)
   Pin 'A[7]' is connected to logic 0. 
Warning: In design 'add_11_overflow_mydesign_1', a pin on submodule 'GEN_CLA8[1].CLA8_1' is connected to logic 1 or logic 0. (LINT-32)
   Pin 'A[6]' is connected to logic 0. 
Warning: In design 'add_11_overflow_mydesign_1', a pin on submodule 'GEN_CLA8[1].CLA8_1' is connected to logic 1 or logic 0. (LINT-32)
   Pin 'A[5]' is connected to logic 0. 
Warning: In design 'add_11_overflow_mydesign_1', a pin on submodule 'GEN_CLA8[1].CLA8_1' is connected to logic 1 or logic 0. (LINT-32)
   Pin 'A[4]' is connected to logic 0. 
Warning: In design 'add_11_overflow_mydesign_1', a pin on submodule 'GEN_CLA8[1].CLA8_1' is connected to logic 1 or logic 0. (LINT-32)
   Pin 'A[3]' is connected to logic 0. 
Warning: In design 'add_11_overflow_mydesign_1', a pin on submodule 'GEN_CLA8[1].CLA8_1' is connected to logic 1 or logic 0. (LINT-32)
   Pin 'B[7]' is connected to logic 0. 
Warning: In design 'add_11_overflow_mydesign_1', a pin on submodule 'GEN_CLA8[1].CLA8_1' is connected to logic 1 or logic 0. (LINT-32)
   Pin 'B[6]' is connected to logic 0. 
Warning: In design 'add_11_overflow_mydesign_1', a pin on submodule 'GEN_CLA8[1].CLA8_1' is connected to logic 1 or logic 0. (LINT-32)
   Pin 'B[5]' is connected to logic 0. 
Warning: In design 'add_11_overflow_mydesign_1', a pin on submodule 'GEN_CLA8[1].CLA8_1' is connected to logic 1 or logic 0. (LINT-32)
   Pin 'B[4]' is connected to logic 0. 
Warning: In design 'add_11_overflow_mydesign_1', a pin on submodule 'GEN_CLA8[1].CLA8_1' is connected to logic 1 or logic 0. (LINT-32)
   Pin 'B[3]' is connected to logic 0. 
Warning: In design 'add_11_overflow_mydesign_2', a pin on submodule 'CLA8_zero' is connected to logic 1 or logic 0. (LINT-32)
   Pin 'Cin' is connected to logic 0. 
Warning: In design 'add_11_overflow_mydesign_2', a pin on submodule 'GEN_CLA8[1].CLA8_0' is connected to logic 1 or logic 0. (LINT-32)
   Pin 'Cin' is connected to logic 0. 
Warning: In design 'add_11_overflow_mydesign_2', a pin on submodule 'GEN_CLA8[1].CLA8_0' is connected to logic 1 or logic 0. (LINT-32)
   Pin 'A[7]' is connected to logic 0. 
Warning: In design 'add_11_overflow_mydesign_2', a pin on submodule 'GEN_CLA8[1].CLA8_0' is connected to logic 1 or logic 0. (LINT-32)
   Pin 'A[6]' is connected to logic 0. 
Warning: In design 'add_11_overflow_mydesign_2', a pin on submodule 'GEN_CLA8[1].CLA8_0' is connected to logic 1 or logic 0. (LINT-32)
   Pin 'A[5]' is connected to logic 0. 
Warning: In design 'add_11_overflow_mydesign_2', a pin on submodule 'GEN_CLA8[1].CLA8_0' is connected to logic 1 or logic 0. (LINT-32)
   Pin 'A[4]' is connected to logic 0. 
Warning: In design 'add_11_overflow_mydesign_2', a pin on submodule 'GEN_CLA8[1].CLA8_0' is connected to logic 1 or logic 0. (LINT-32)
   Pin 'A[3]' is connected to logic 0. 
Warning: In design 'add_11_overflow_mydesign_2', a pin on submodule 'GEN_CLA8[1].CLA8_0' is connected to logic 1 or logic 0. (LINT-32)
   Pin 'B[7]' is connected to logic 0. 
Warning: In design 'add_11_overflow_mydesign_2', a pin on submodule 'GEN_CLA8[1].CLA8_0' is connected to logic 1 or logic 0. (LINT-32)
   Pin 'B[6]' is connected to logic 0. 
Warning: In design 'add_11_overflow_mydesign_2', a pin on submodule 'GEN_CLA8[1].CLA8_0' is connected to logic 1 or logic 0. (LINT-32)
   Pin 'B[5]' is connected to logic 0. 
Warning: In design 'add_11_overflow_mydesign_2', a pin on submodule 'GEN_CLA8[1].CLA8_0' is connected to logic 1 or logic 0. (LINT-32)
   Pin 'B[4]' is connected to logic 0. 
Warning: In design 'add_11_overflow_mydesign_2', a pin on submodule 'GEN_CLA8[1].CLA8_0' is connected to logic 1 or logic 0. (LINT-32)
   Pin 'B[3]' is connected to logic 0. 
Warning: In design 'add_11_overflow_mydesign_2', a pin on submodule 'GEN_CLA8[1].CLA8_1' is connected to logic 1 or logic 0. (LINT-32)
   Pin 'Cin' is connected to logic 1. 
Warning: In design 'add_11_overflow_mydesign_2', a pin on submodule 'GEN_CLA8[1].CLA8_1' is connected to logic 1 or logic 0. (LINT-32)
   Pin 'A[7]' is connected to logic 0. 
Warning: In design 'add_11_overflow_mydesign_2', a pin on submodule 'GEN_CLA8[1].CLA8_1' is connected to logic 1 or logic 0. (LINT-32)
   Pin 'A[6]' is connected to logic 0. 
Warning: In design 'add_11_overflow_mydesign_2', a pin on submodule 'GEN_CLA8[1].CLA8_1' is connected to logic 1 or logic 0. (LINT-32)
   Pin 'A[5]' is connected to logic 0. 
Warning: In design 'add_11_overflow_mydesign_2', a pin on submodule 'GEN_CLA8[1].CLA8_1' is connected to logic 1 or logic 0. (LINT-32)
   Pin 'A[4]' is connected to logic 0. 
Warning: In design 'add_11_overflow_mydesign_2', a pin on submodule 'GEN_CLA8[1].CLA8_1' is connected to logic 1 or logic 0. (LINT-32)
   Pin 'A[3]' is connected to logic 0. 
Warning: In design 'add_11_overflow_mydesign_2', a pin on submodule 'GEN_CLA8[1].CLA8_1' is connected to logic 1 or logic 0. (LINT-32)
   Pin 'B[7]' is connected to logic 0. 
Warning: In design 'add_11_overflow_mydesign_2', a pin on submodule 'GEN_CLA8[1].CLA8_1' is connected to logic 1 or logic 0. (LINT-32)
   Pin 'B[6]' is connected to logic 0. 
Warning: In design 'add_11_overflow_mydesign_2', a pin on submodule 'GEN_CLA8[1].CLA8_1' is connected to logic 1 or logic 0. (LINT-32)
   Pin 'B[5]' is connected to logic 0. 
Warning: In design 'add_11_overflow_mydesign_2', a pin on submodule 'GEN_CLA8[1].CLA8_1' is connected to logic 1 or logic 0. (LINT-32)
   Pin 'B[4]' is connected to logic 0. 
Warning: In design 'add_11_overflow_mydesign_2', a pin on submodule 'GEN_CLA8[1].CLA8_1' is connected to logic 1 or logic 0. (LINT-32)
   Pin 'B[3]' is connected to logic 0. 
Warning: In design 'add_11_overflow_mydesign_3', a pin on submodule 'CLA8_zero' is connected to logic 1 or logic 0. (LINT-32)
   Pin 'Cin' is connected to logic 0. 
Warning: In design 'add_11_overflow_mydesign_3', a pin on submodule 'GEN_CLA8[1].CLA8_0' is connected to logic 1 or logic 0. (LINT-32)
   Pin 'Cin' is connected to logic 0. 
Warning: In design 'add_11_overflow_mydesign_3', a pin on submodule 'GEN_CLA8[1].CLA8_0' is connected to logic 1 or logic 0. (LINT-32)
   Pin 'A[7]' is connected to logic 0. 
Warning: In design 'add_11_overflow_mydesign_3', a pin on submodule 'GEN_CLA8[1].CLA8_0' is connected to logic 1 or logic 0. (LINT-32)
   Pin 'A[6]' is connected to logic 0. 
Warning: In design 'add_11_overflow_mydesign_3', a pin on submodule 'GEN_CLA8[1].CLA8_0' is connected to logic 1 or logic 0. (LINT-32)
   Pin 'A[5]' is connected to logic 0. 
Warning: In design 'add_11_overflow_mydesign_3', a pin on submodule 'GEN_CLA8[1].CLA8_0' is connected to logic 1 or logic 0. (LINT-32)
   Pin 'A[4]' is connected to logic 0. 
Warning: In design 'add_11_overflow_mydesign_3', a pin on submodule 'GEN_CLA8[1].CLA8_0' is connected to logic 1 or logic 0. (LINT-32)
   Pin 'A[3]' is connected to logic 0. 
Warning: In design 'add_11_overflow_mydesign_3', a pin on submodule 'GEN_CLA8[1].CLA8_0' is connected to logic 1 or logic 0. (LINT-32)
   Pin 'B[7]' is connected to logic 0. 
Warning: In design 'add_11_overflow_mydesign_3', a pin on submodule 'GEN_CLA8[1].CLA8_0' is connected to logic 1 or logic 0. (LINT-32)
   Pin 'B[6]' is connected to logic 0. 
Warning: In design 'add_11_overflow_mydesign_3', a pin on submodule 'GEN_CLA8[1].CLA8_0' is connected to logic 1 or logic 0. (LINT-32)
   Pin 'B[5]' is connected to logic 0. 
Warning: In design 'add_11_overflow_mydesign_3', a pin on submodule 'GEN_CLA8[1].CLA8_0' is connected to logic 1 or logic 0. (LINT-32)
   Pin 'B[4]' is connected to logic 0. 
Warning: In design 'add_11_overflow_mydesign_3', a pin on submodule 'GEN_CLA8[1].CLA8_0' is connected to logic 1 or logic 0. (LINT-32)
   Pin 'B[3]' is connected to logic 0. 
Warning: In design 'add_11_overflow_mydesign_3', a pin on submodule 'GEN_CLA8[1].CLA8_1' is connected to logic 1 or logic 0. (LINT-32)
   Pin 'Cin' is connected to logic 1. 
Warning: In design 'add_11_overflow_mydesign_3', a pin on submodule 'GEN_CLA8[1].CLA8_1' is connected to logic 1 or logic 0. (LINT-32)
   Pin 'A[7]' is connected to logic 0. 
Warning: In design 'add_11_overflow_mydesign_3', a pin on submodule 'GEN_CLA8[1].CLA8_1' is connected to logic 1 or logic 0. (LINT-32)
   Pin 'A[6]' is connected to logic 0. 
Warning: In design 'add_11_overflow_mydesign_3', a pin on submodule 'GEN_CLA8[1].CLA8_1' is connected to logic 1 or logic 0. (LINT-32)
   Pin 'A[5]' is connected to logic 0. 
Warning: In design 'add_11_overflow_mydesign_3', a pin on submodule 'GEN_CLA8[1].CLA8_1' is connected to logic 1 or logic 0. (LINT-32)
   Pin 'A[4]' is connected to logic 0. 
Warning: In design 'add_11_overflow_mydesign_3', a pin on submodule 'GEN_CLA8[1].CLA8_1' is connected to logic 1 or logic 0. (LINT-32)
   Pin 'A[3]' is connected to logic 0. 
Warning: In design 'add_11_overflow_mydesign_3', a pin on submodule 'GEN_CLA8[1].CLA8_1' is connected to logic 1 or logic 0. (LINT-32)
   Pin 'B[7]' is connected to logic 0. 
Warning: In design 'add_11_overflow_mydesign_3', a pin on submodule 'GEN_CLA8[1].CLA8_1' is connected to logic 1 or logic 0. (LINT-32)
   Pin 'B[6]' is connected to logic 0. 
Warning: In design 'add_11_overflow_mydesign_3', a pin on submodule 'GEN_CLA8[1].CLA8_1' is connected to logic 1 or logic 0. (LINT-32)
   Pin 'B[5]' is connected to logic 0. 
Warning: In design 'add_11_overflow_mydesign_3', a pin on submodule 'GEN_CLA8[1].CLA8_1' is connected to logic 1 or logic 0. (LINT-32)
   Pin 'B[4]' is connected to logic 0. 
Warning: In design 'add_11_overflow_mydesign_3', a pin on submodule 'GEN_CLA8[1].CLA8_1' is connected to logic 1 or logic 0. (LINT-32)
   Pin 'B[3]' is connected to logic 0. 
Warning: In design 'add_11_overflow_mydesign_4', a pin on submodule 'CLA8_zero' is connected to logic 1 or logic 0. (LINT-32)
   Pin 'Cin' is connected to logic 0. 
Warning: In design 'add_11_overflow_mydesign_4', a pin on submodule 'GEN_CLA8[1].CLA8_0' is connected to logic 1 or logic 0. (LINT-32)
   Pin 'Cin' is connected to logic 0. 
Warning: In design 'add_11_overflow_mydesign_4', a pin on submodule 'GEN_CLA8[1].CLA8_0' is connected to logic 1 or logic 0. (LINT-32)
   Pin 'A[7]' is connected to logic 0. 
Warning: In design 'add_11_overflow_mydesign_4', a pin on submodule 'GEN_CLA8[1].CLA8_0' is connected to logic 1 or logic 0. (LINT-32)
   Pin 'A[6]' is connected to logic 0. 
Warning: In design 'add_11_overflow_mydesign_4', a pin on submodule 'GEN_CLA8[1].CLA8_0' is connected to logic 1 or logic 0. (LINT-32)
   Pin 'A[5]' is connected to logic 0. 
Warning: In design 'add_11_overflow_mydesign_4', a pin on submodule 'GEN_CLA8[1].CLA8_0' is connected to logic 1 or logic 0. (LINT-32)
   Pin 'A[4]' is connected to logic 0. 
Warning: In design 'add_11_overflow_mydesign_4', a pin on submodule 'GEN_CLA8[1].CLA8_0' is connected to logic 1 or logic 0. (LINT-32)
   Pin 'A[3]' is connected to logic 0. 
Warning: In design 'add_11_overflow_mydesign_4', a pin on submodule 'GEN_CLA8[1].CLA8_0' is connected to logic 1 or logic 0. (LINT-32)
   Pin 'B[7]' is connected to logic 0. 
Warning: In design 'add_11_overflow_mydesign_4', a pin on submodule 'GEN_CLA8[1].CLA8_0' is connected to logic 1 or logic 0. (LINT-32)
   Pin 'B[6]' is connected to logic 0. 
Warning: In design 'add_11_overflow_mydesign_4', a pin on submodule 'GEN_CLA8[1].CLA8_0' is connected to logic 1 or logic 0. (LINT-32)
   Pin 'B[5]' is connected to logic 0. 
Warning: In design 'add_11_overflow_mydesign_4', a pin on submodule 'GEN_CLA8[1].CLA8_0' is connected to logic 1 or logic 0. (LINT-32)
   Pin 'B[4]' is connected to logic 0. 
Warning: In design 'add_11_overflow_mydesign_4', a pin on submodule 'GEN_CLA8[1].CLA8_0' is connected to logic 1 or logic 0. (LINT-32)
   Pin 'B[3]' is connected to logic 0. 
Warning: In design 'add_11_overflow_mydesign_4', a pin on submodule 'GEN_CLA8[1].CLA8_1' is connected to logic 1 or logic 0. (LINT-32)
   Pin 'Cin' is connected to logic 1. 
Warning: In design 'add_11_overflow_mydesign_4', a pin on submodule 'GEN_CLA8[1].CLA8_1' is connected to logic 1 or logic 0. (LINT-32)
   Pin 'A[7]' is connected to logic 0. 
Warning: In design 'add_11_overflow_mydesign_4', a pin on submodule 'GEN_CLA8[1].CLA8_1' is connected to logic 1 or logic 0. (LINT-32)
   Pin 'A[6]' is connected to logic 0. 
Warning: In design 'add_11_overflow_mydesign_4', a pin on submodule 'GEN_CLA8[1].CLA8_1' is connected to logic 1 or logic 0. (LINT-32)
   Pin 'A[5]' is connected to logic 0. 
Warning: In design 'add_11_overflow_mydesign_4', a pin on submodule 'GEN_CLA8[1].CLA8_1' is connected to logic 1 or logic 0. (LINT-32)
   Pin 'A[4]' is connected to logic 0. 
Warning: In design 'add_11_overflow_mydesign_4', a pin on submodule 'GEN_CLA8[1].CLA8_1' is connected to logic 1 or logic 0. (LINT-32)
   Pin 'A[3]' is connected to logic 0. 
Warning: In design 'add_11_overflow_mydesign_4', a pin on submodule 'GEN_CLA8[1].CLA8_1' is connected to logic 1 or logic 0. (LINT-32)
   Pin 'B[7]' is connected to logic 0. 
Warning: In design 'add_11_overflow_mydesign_4', a pin on submodule 'GEN_CLA8[1].CLA8_1' is connected to logic 1 or logic 0. (LINT-32)
   Pin 'B[6]' is connected to logic 0. 
Warning: In design 'add_11_overflow_mydesign_4', a pin on submodule 'GEN_CLA8[1].CLA8_1' is connected to logic 1 or logic 0. (LINT-32)
   Pin 'B[5]' is connected to logic 0. 
Warning: In design 'add_11_overflow_mydesign_4', a pin on submodule 'GEN_CLA8[1].CLA8_1' is connected to logic 1 or logic 0. (LINT-32)
   Pin 'B[4]' is connected to logic 0. 
Warning: In design 'add_11_overflow_mydesign_4', a pin on submodule 'GEN_CLA8[1].CLA8_1' is connected to logic 1 or logic 0. (LINT-32)
   Pin 'B[3]' is connected to logic 0. 
Warning: In design 'add_11_overflow_mydesign_5', a pin on submodule 'CLA8_zero' is connected to logic 1 or logic 0. (LINT-32)
   Pin 'Cin' is connected to logic 0. 
Warning: In design 'add_11_overflow_mydesign_5', a pin on submodule 'GEN_CLA8[1].CLA8_0' is connected to logic 1 or logic 0. (LINT-32)
   Pin 'Cin' is connected to logic 0. 
Warning: In design 'add_11_overflow_mydesign_5', a pin on submodule 'GEN_CLA8[1].CLA8_0' is connected to logic 1 or logic 0. (LINT-32)
   Pin 'A[7]' is connected to logic 0. 
Warning: In design 'add_11_overflow_mydesign_5', a pin on submodule 'GEN_CLA8[1].CLA8_0' is connected to logic 1 or logic 0. (LINT-32)
   Pin 'A[6]' is connected to logic 0. 
Warning: In design 'add_11_overflow_mydesign_5', a pin on submodule 'GEN_CLA8[1].CLA8_0' is connected to logic 1 or logic 0. (LINT-32)
   Pin 'A[5]' is connected to logic 0. 
Warning: In design 'add_11_overflow_mydesign_5', a pin on submodule 'GEN_CLA8[1].CLA8_0' is connected to logic 1 or logic 0. (LINT-32)
   Pin 'A[4]' is connected to logic 0. 
Warning: In design 'add_11_overflow_mydesign_5', a pin on submodule 'GEN_CLA8[1].CLA8_0' is connected to logic 1 or logic 0. (LINT-32)
   Pin 'A[3]' is connected to logic 0. 
Warning: In design 'add_11_overflow_mydesign_5', a pin on submodule 'GEN_CLA8[1].CLA8_0' is connected to logic 1 or logic 0. (LINT-32)
   Pin 'B[7]' is connected to logic 0. 
Warning: In design 'add_11_overflow_mydesign_5', a pin on submodule 'GEN_CLA8[1].CLA8_0' is connected to logic 1 or logic 0. (LINT-32)
   Pin 'B[6]' is connected to logic 0. 
Warning: In design 'add_11_overflow_mydesign_5', a pin on submodule 'GEN_CLA8[1].CLA8_0' is connected to logic 1 or logic 0. (LINT-32)
   Pin 'B[5]' is connected to logic 0. 
Warning: In design 'add_11_overflow_mydesign_5', a pin on submodule 'GEN_CLA8[1].CLA8_0' is connected to logic 1 or logic 0. (LINT-32)
   Pin 'B[4]' is connected to logic 0. 
Warning: In design 'add_11_overflow_mydesign_5', a pin on submodule 'GEN_CLA8[1].CLA8_0' is connected to logic 1 or logic 0. (LINT-32)
   Pin 'B[3]' is connected to logic 0. 
Warning: In design 'add_11_overflow_mydesign_5', a pin on submodule 'GEN_CLA8[1].CLA8_1' is connected to logic 1 or logic 0. (LINT-32)
   Pin 'Cin' is connected to logic 1. 
Warning: In design 'add_11_overflow_mydesign_5', a pin on submodule 'GEN_CLA8[1].CLA8_1' is connected to logic 1 or logic 0. (LINT-32)
   Pin 'A[7]' is connected to logic 0. 
Warning: In design 'add_11_overflow_mydesign_5', a pin on submodule 'GEN_CLA8[1].CLA8_1' is connected to logic 1 or logic 0. (LINT-32)
   Pin 'A[6]' is connected to logic 0. 
Warning: In design 'add_11_overflow_mydesign_5', a pin on submodule 'GEN_CLA8[1].CLA8_1' is connected to logic 1 or logic 0. (LINT-32)
   Pin 'A[5]' is connected to logic 0. 
Warning: In design 'add_11_overflow_mydesign_5', a pin on submodule 'GEN_CLA8[1].CLA8_1' is connected to logic 1 or logic 0. (LINT-32)
   Pin 'A[4]' is connected to logic 0. 
Warning: In design 'add_11_overflow_mydesign_5', a pin on submodule 'GEN_CLA8[1].CLA8_1' is connected to logic 1 or logic 0. (LINT-32)
   Pin 'A[3]' is connected to logic 0. 
Warning: In design 'add_11_overflow_mydesign_5', a pin on submodule 'GEN_CLA8[1].CLA8_1' is connected to logic 1 or logic 0. (LINT-32)
   Pin 'B[7]' is connected to logic 0. 
Warning: In design 'add_11_overflow_mydesign_5', a pin on submodule 'GEN_CLA8[1].CLA8_1' is connected to logic 1 or logic 0. (LINT-32)
   Pin 'B[6]' is connected to logic 0. 
Warning: In design 'add_11_overflow_mydesign_5', a pin on submodule 'GEN_CLA8[1].CLA8_1' is connected to logic 1 or logic 0. (LINT-32)
   Pin 'B[5]' is connected to logic 0. 
Warning: In design 'add_11_overflow_mydesign_5', a pin on submodule 'GEN_CLA8[1].CLA8_1' is connected to logic 1 or logic 0. (LINT-32)
   Pin 'B[4]' is connected to logic 0. 
Warning: In design 'add_11_overflow_mydesign_5', a pin on submodule 'GEN_CLA8[1].CLA8_1' is connected to logic 1 or logic 0. (LINT-32)
   Pin 'B[3]' is connected to logic 0. 
Warning: In design 'add_11_overflow_mydesign_6', a pin on submodule 'CLA8_zero' is connected to logic 1 or logic 0. (LINT-32)
   Pin 'Cin' is connected to logic 0. 
Warning: In design 'add_11_overflow_mydesign_6', a pin on submodule 'GEN_CLA8[1].CLA8_0' is connected to logic 1 or logic 0. (LINT-32)
   Pin 'Cin' is connected to logic 0. 
Warning: In design 'add_11_overflow_mydesign_6', a pin on submodule 'GEN_CLA8[1].CLA8_0' is connected to logic 1 or logic 0. (LINT-32)
   Pin 'A[7]' is connected to logic 0. 
Warning: In design 'add_11_overflow_mydesign_6', a pin on submodule 'GEN_CLA8[1].CLA8_0' is connected to logic 1 or logic 0. (LINT-32)
   Pin 'A[6]' is connected to logic 0. 
Warning: In design 'add_11_overflow_mydesign_6', a pin on submodule 'GEN_CLA8[1].CLA8_0' is connected to logic 1 or logic 0. (LINT-32)
   Pin 'A[5]' is connected to logic 0. 
Warning: In design 'add_11_overflow_mydesign_6', a pin on submodule 'GEN_CLA8[1].CLA8_0' is connected to logic 1 or logic 0. (LINT-32)
   Pin 'A[4]' is connected to logic 0. 
Warning: In design 'add_11_overflow_mydesign_6', a pin on submodule 'GEN_CLA8[1].CLA8_0' is connected to logic 1 or logic 0. (LINT-32)
   Pin 'A[3]' is connected to logic 0. 
Warning: In design 'add_11_overflow_mydesign_6', a pin on submodule 'GEN_CLA8[1].CLA8_0' is connected to logic 1 or logic 0. (LINT-32)
   Pin 'B[7]' is connected to logic 0. 
Warning: In design 'add_11_overflow_mydesign_6', a pin on submodule 'GEN_CLA8[1].CLA8_0' is connected to logic 1 or logic 0. (LINT-32)
   Pin 'B[6]' is connected to logic 0. 
Warning: In design 'add_11_overflow_mydesign_6', a pin on submodule 'GEN_CLA8[1].CLA8_0' is connected to logic 1 or logic 0. (LINT-32)
   Pin 'B[5]' is connected to logic 0. 
Warning: In design 'add_11_overflow_mydesign_6', a pin on submodule 'GEN_CLA8[1].CLA8_0' is connected to logic 1 or logic 0. (LINT-32)
   Pin 'B[4]' is connected to logic 0. 
Warning: In design 'add_11_overflow_mydesign_6', a pin on submodule 'GEN_CLA8[1].CLA8_0' is connected to logic 1 or logic 0. (LINT-32)
   Pin 'B[3]' is connected to logic 0. 
Warning: In design 'add_11_overflow_mydesign_6', a pin on submodule 'GEN_CLA8[1].CLA8_1' is connected to logic 1 or logic 0. (LINT-32)
   Pin 'Cin' is connected to logic 1. 
Warning: In design 'add_11_overflow_mydesign_6', a pin on submodule 'GEN_CLA8[1].CLA8_1' is connected to logic 1 or logic 0. (LINT-32)
   Pin 'A[7]' is connected to logic 0. 
Warning: In design 'add_11_overflow_mydesign_6', a pin on submodule 'GEN_CLA8[1].CLA8_1' is connected to logic 1 or logic 0. (LINT-32)
   Pin 'A[6]' is connected to logic 0. 
Warning: In design 'add_11_overflow_mydesign_6', a pin on submodule 'GEN_CLA8[1].CLA8_1' is connected to logic 1 or logic 0. (LINT-32)
   Pin 'A[5]' is connected to logic 0. 
Warning: In design 'add_11_overflow_mydesign_6', a pin on submodule 'GEN_CLA8[1].CLA8_1' is connected to logic 1 or logic 0. (LINT-32)
   Pin 'A[4]' is connected to logic 0. 
Warning: In design 'add_11_overflow_mydesign_6', a pin on submodule 'GEN_CLA8[1].CLA8_1' is connected to logic 1 or logic 0. (LINT-32)
   Pin 'A[3]' is connected to logic 0. 
Warning: In design 'add_11_overflow_mydesign_6', a pin on submodule 'GEN_CLA8[1].CLA8_1' is connected to logic 1 or logic 0. (LINT-32)
   Pin 'B[7]' is connected to logic 0. 
Warning: In design 'add_11_overflow_mydesign_6', a pin on submodule 'GEN_CLA8[1].CLA8_1' is connected to logic 1 or logic 0. (LINT-32)
   Pin 'B[6]' is connected to logic 0. 
Warning: In design 'add_11_overflow_mydesign_6', a pin on submodule 'GEN_CLA8[1].CLA8_1' is connected to logic 1 or logic 0. (LINT-32)
   Pin 'B[5]' is connected to logic 0. 
Warning: In design 'add_11_overflow_mydesign_6', a pin on submodule 'GEN_CLA8[1].CLA8_1' is connected to logic 1 or logic 0. (LINT-32)
   Pin 'B[4]' is connected to logic 0. 
Warning: In design 'add_11_overflow_mydesign_6', a pin on submodule 'GEN_CLA8[1].CLA8_1' is connected to logic 1 or logic 0. (LINT-32)
   Pin 'B[3]' is connected to logic 0. 
Warning: In design 'add_11_overflow_mydesign_7', a pin on submodule 'CLA8_zero' is connected to logic 1 or logic 0. (LINT-32)
   Pin 'Cin' is connected to logic 0. 
Warning: In design 'add_11_overflow_mydesign_7', a pin on submodule 'GEN_CLA8[1].CLA8_0' is connected to logic 1 or logic 0. (LINT-32)
   Pin 'Cin' is connected to logic 0. 
Warning: In design 'add_11_overflow_mydesign_7', a pin on submodule 'GEN_CLA8[1].CLA8_0' is connected to logic 1 or logic 0. (LINT-32)
   Pin 'A[7]' is connected to logic 0. 
Warning: In design 'add_11_overflow_mydesign_7', a pin on submodule 'GEN_CLA8[1].CLA8_0' is connected to logic 1 or logic 0. (LINT-32)
   Pin 'A[6]' is connected to logic 0. 
Warning: In design 'add_11_overflow_mydesign_7', a pin on submodule 'GEN_CLA8[1].CLA8_0' is connected to logic 1 or logic 0. (LINT-32)
   Pin 'A[5]' is connected to logic 0. 
Warning: In design 'add_11_overflow_mydesign_7', a pin on submodule 'GEN_CLA8[1].CLA8_0' is connected to logic 1 or logic 0. (LINT-32)
   Pin 'A[4]' is connected to logic 0. 
Warning: In design 'add_11_overflow_mydesign_7', a pin on submodule 'GEN_CLA8[1].CLA8_0' is connected to logic 1 or logic 0. (LINT-32)
   Pin 'A[3]' is connected to logic 0. 
Warning: In design 'add_11_overflow_mydesign_7', a pin on submodule 'GEN_CLA8[1].CLA8_0' is connected to logic 1 or logic 0. (LINT-32)
   Pin 'B[7]' is connected to logic 0. 
Warning: In design 'add_11_overflow_mydesign_7', a pin on submodule 'GEN_CLA8[1].CLA8_0' is connected to logic 1 or logic 0. (LINT-32)
   Pin 'B[6]' is connected to logic 0. 
Warning: In design 'add_11_overflow_mydesign_7', a pin on submodule 'GEN_CLA8[1].CLA8_0' is connected to logic 1 or logic 0. (LINT-32)
   Pin 'B[5]' is connected to logic 0. 
Warning: In design 'add_11_overflow_mydesign_7', a pin on submodule 'GEN_CLA8[1].CLA8_0' is connected to logic 1 or logic 0. (LINT-32)
   Pin 'B[4]' is connected to logic 0. 
Warning: In design 'add_11_overflow_mydesign_7', a pin on submodule 'GEN_CLA8[1].CLA8_0' is connected to logic 1 or logic 0. (LINT-32)
   Pin 'B[3]' is connected to logic 0. 
Warning: In design 'add_11_overflow_mydesign_7', a pin on submodule 'GEN_CLA8[1].CLA8_1' is connected to logic 1 or logic 0. (LINT-32)
   Pin 'Cin' is connected to logic 1. 
Warning: In design 'add_11_overflow_mydesign_7', a pin on submodule 'GEN_CLA8[1].CLA8_1' is connected to logic 1 or logic 0. (LINT-32)
   Pin 'A[7]' is connected to logic 0. 
Warning: In design 'add_11_overflow_mydesign_7', a pin on submodule 'GEN_CLA8[1].CLA8_1' is connected to logic 1 or logic 0. (LINT-32)
   Pin 'A[6]' is connected to logic 0. 
Warning: In design 'add_11_overflow_mydesign_7', a pin on submodule 'GEN_CLA8[1].CLA8_1' is connected to logic 1 or logic 0. (LINT-32)
   Pin 'A[5]' is connected to logic 0. 
Warning: In design 'add_11_overflow_mydesign_7', a pin on submodule 'GEN_CLA8[1].CLA8_1' is connected to logic 1 or logic 0. (LINT-32)
   Pin 'A[4]' is connected to logic 0. 
Warning: In design 'add_11_overflow_mydesign_7', a pin on submodule 'GEN_CLA8[1].CLA8_1' is connected to logic 1 or logic 0. (LINT-32)
   Pin 'A[3]' is connected to logic 0. 
Warning: In design 'add_11_overflow_mydesign_7', a pin on submodule 'GEN_CLA8[1].CLA8_1' is connected to logic 1 or logic 0. (LINT-32)
   Pin 'B[7]' is connected to logic 0. 
Warning: In design 'add_11_overflow_mydesign_7', a pin on submodule 'GEN_CLA8[1].CLA8_1' is connected to logic 1 or logic 0. (LINT-32)
   Pin 'B[6]' is connected to logic 0. 
Warning: In design 'add_11_overflow_mydesign_7', a pin on submodule 'GEN_CLA8[1].CLA8_1' is connected to logic 1 or logic 0. (LINT-32)
   Pin 'B[5]' is connected to logic 0. 
Warning: In design 'add_11_overflow_mydesign_7', a pin on submodule 'GEN_CLA8[1].CLA8_1' is connected to logic 1 or logic 0. (LINT-32)
   Pin 'B[4]' is connected to logic 0. 
Warning: In design 'add_11_overflow_mydesign_7', a pin on submodule 'GEN_CLA8[1].CLA8_1' is connected to logic 1 or logic 0. (LINT-32)
   Pin 'B[3]' is connected to logic 0. 
Warning: In design 'add_11_overflow_mydesign_8', a pin on submodule 'CLA8_zero' is connected to logic 1 or logic 0. (LINT-32)
   Pin 'Cin' is connected to logic 0. 
Warning: In design 'add_11_overflow_mydesign_8', a pin on submodule 'GEN_CLA8[1].CLA8_0' is connected to logic 1 or logic 0. (LINT-32)
   Pin 'Cin' is connected to logic 0. 
Warning: In design 'add_11_overflow_mydesign_8', a pin on submodule 'GEN_CLA8[1].CLA8_0' is connected to logic 1 or logic 0. (LINT-32)
   Pin 'A[7]' is connected to logic 0. 
Warning: In design 'add_11_overflow_mydesign_8', a pin on submodule 'GEN_CLA8[1].CLA8_0' is connected to logic 1 or logic 0. (LINT-32)
   Pin 'A[6]' is connected to logic 0. 
Warning: In design 'add_11_overflow_mydesign_8', a pin on submodule 'GEN_CLA8[1].CLA8_0' is connected to logic 1 or logic 0. (LINT-32)
   Pin 'A[5]' is connected to logic 0. 
Warning: In design 'add_11_overflow_mydesign_8', a pin on submodule 'GEN_CLA8[1].CLA8_0' is connected to logic 1 or logic 0. (LINT-32)
   Pin 'A[4]' is connected to logic 0. 
Warning: In design 'add_11_overflow_mydesign_8', a pin on submodule 'GEN_CLA8[1].CLA8_0' is connected to logic 1 or logic 0. (LINT-32)
   Pin 'A[3]' is connected to logic 0. 
Warning: In design 'add_11_overflow_mydesign_8', a pin on submodule 'GEN_CLA8[1].CLA8_0' is connected to logic 1 or logic 0. (LINT-32)
   Pin 'B[7]' is connected to logic 0. 
Warning: In design 'add_11_overflow_mydesign_8', a pin on submodule 'GEN_CLA8[1].CLA8_0' is connected to logic 1 or logic 0. (LINT-32)
   Pin 'B[6]' is connected to logic 0. 
Warning: In design 'add_11_overflow_mydesign_8', a pin on submodule 'GEN_CLA8[1].CLA8_0' is connected to logic 1 or logic 0. (LINT-32)
   Pin 'B[5]' is connected to logic 0. 
Warning: In design 'add_11_overflow_mydesign_8', a pin on submodule 'GEN_CLA8[1].CLA8_0' is connected to logic 1 or logic 0. (LINT-32)
   Pin 'B[4]' is connected to logic 0. 
Warning: In design 'add_11_overflow_mydesign_8', a pin on submodule 'GEN_CLA8[1].CLA8_0' is connected to logic 1 or logic 0. (LINT-32)
   Pin 'B[3]' is connected to logic 0. 
Warning: In design 'add_11_overflow_mydesign_8', a pin on submodule 'GEN_CLA8[1].CLA8_1' is connected to logic 1 or logic 0. (LINT-32)
   Pin 'Cin' is connected to logic 1. 
Warning: In design 'add_11_overflow_mydesign_8', a pin on submodule 'GEN_CLA8[1].CLA8_1' is connected to logic 1 or logic 0. (LINT-32)
   Pin 'A[7]' is connected to logic 0. 
Warning: In design 'add_11_overflow_mydesign_8', a pin on submodule 'GEN_CLA8[1].CLA8_1' is connected to logic 1 or logic 0. (LINT-32)
   Pin 'A[6]' is connected to logic 0. 
Warning: In design 'add_11_overflow_mydesign_8', a pin on submodule 'GEN_CLA8[1].CLA8_1' is connected to logic 1 or logic 0. (LINT-32)
   Pin 'A[5]' is connected to logic 0. 
Warning: In design 'add_11_overflow_mydesign_8', a pin on submodule 'GEN_CLA8[1].CLA8_1' is connected to logic 1 or logic 0. (LINT-32)
   Pin 'A[4]' is connected to logic 0. 
Warning: In design 'add_11_overflow_mydesign_8', a pin on submodule 'GEN_CLA8[1].CLA8_1' is connected to logic 1 or logic 0. (LINT-32)
   Pin 'A[3]' is connected to logic 0. 
Warning: In design 'add_11_overflow_mydesign_8', a pin on submodule 'GEN_CLA8[1].CLA8_1' is connected to logic 1 or logic 0. (LINT-32)
   Pin 'B[7]' is connected to logic 0. 
Warning: In design 'add_11_overflow_mydesign_8', a pin on submodule 'GEN_CLA8[1].CLA8_1' is connected to logic 1 or logic 0. (LINT-32)
   Pin 'B[6]' is connected to logic 0. 
Warning: In design 'add_11_overflow_mydesign_8', a pin on submodule 'GEN_CLA8[1].CLA8_1' is connected to logic 1 or logic 0. (LINT-32)
   Pin 'B[5]' is connected to logic 0. 
Warning: In design 'add_11_overflow_mydesign_8', a pin on submodule 'GEN_CLA8[1].CLA8_1' is connected to logic 1 or logic 0. (LINT-32)
   Pin 'B[4]' is connected to logic 0. 
Warning: In design 'add_11_overflow_mydesign_8', a pin on submodule 'GEN_CLA8[1].CLA8_1' is connected to logic 1 or logic 0. (LINT-32)
   Pin 'B[3]' is connected to logic 0. 
Warning: In design 'add_11_overflow_mydesign_9', a pin on submodule 'CLA8_zero' is connected to logic 1 or logic 0. (LINT-32)
   Pin 'Cin' is connected to logic 0. 
Warning: In design 'add_11_overflow_mydesign_9', a pin on submodule 'GEN_CLA8[1].CLA8_0' is connected to logic 1 or logic 0. (LINT-32)
   Pin 'Cin' is connected to logic 0. 
Warning: In design 'add_11_overflow_mydesign_9', a pin on submodule 'GEN_CLA8[1].CLA8_0' is connected to logic 1 or logic 0. (LINT-32)
   Pin 'A[7]' is connected to logic 0. 
Warning: In design 'add_11_overflow_mydesign_9', a pin on submodule 'GEN_CLA8[1].CLA8_0' is connected to logic 1 or logic 0. (LINT-32)
   Pin 'A[6]' is connected to logic 0. 
Warning: In design 'add_11_overflow_mydesign_9', a pin on submodule 'GEN_CLA8[1].CLA8_0' is connected to logic 1 or logic 0. (LINT-32)
   Pin 'A[5]' is connected to logic 0. 
Warning: In design 'add_11_overflow_mydesign_9', a pin on submodule 'GEN_CLA8[1].CLA8_0' is connected to logic 1 or logic 0. (LINT-32)
   Pin 'A[4]' is connected to logic 0. 
Warning: In design 'add_11_overflow_mydesign_9', a pin on submodule 'GEN_CLA8[1].CLA8_0' is connected to logic 1 or logic 0. (LINT-32)
   Pin 'A[3]' is connected to logic 0. 
Warning: In design 'add_11_overflow_mydesign_9', a pin on submodule 'GEN_CLA8[1].CLA8_0' is connected to logic 1 or logic 0. (LINT-32)
   Pin 'B[7]' is connected to logic 0. 
Warning: In design 'add_11_overflow_mydesign_9', a pin on submodule 'GEN_CLA8[1].CLA8_0' is connected to logic 1 or logic 0. (LINT-32)
   Pin 'B[6]' is connected to logic 0. 
Warning: In design 'add_11_overflow_mydesign_9', a pin on submodule 'GEN_CLA8[1].CLA8_0' is connected to logic 1 or logic 0. (LINT-32)
   Pin 'B[5]' is connected to logic 0. 
Warning: In design 'add_11_overflow_mydesign_9', a pin on submodule 'GEN_CLA8[1].CLA8_0' is connected to logic 1 or logic 0. (LINT-32)
   Pin 'B[4]' is connected to logic 0. 
Warning: In design 'add_11_overflow_mydesign_9', a pin on submodule 'GEN_CLA8[1].CLA8_0' is connected to logic 1 or logic 0. (LINT-32)
   Pin 'B[3]' is connected to logic 0. 
Warning: In design 'add_11_overflow_mydesign_9', a pin on submodule 'GEN_CLA8[1].CLA8_1' is connected to logic 1 or logic 0. (LINT-32)
   Pin 'Cin' is connected to logic 1. 
Warning: In design 'add_11_overflow_mydesign_9', a pin on submodule 'GEN_CLA8[1].CLA8_1' is connected to logic 1 or logic 0. (LINT-32)
   Pin 'A[7]' is connected to logic 0. 
Warning: In design 'add_11_overflow_mydesign_9', a pin on submodule 'GEN_CLA8[1].CLA8_1' is connected to logic 1 or logic 0. (LINT-32)
   Pin 'A[6]' is connected to logic 0. 
Warning: In design 'add_11_overflow_mydesign_9', a pin on submodule 'GEN_CLA8[1].CLA8_1' is connected to logic 1 or logic 0. (LINT-32)
   Pin 'A[5]' is connected to logic 0. 
Warning: In design 'add_11_overflow_mydesign_9', a pin on submodule 'GEN_CLA8[1].CLA8_1' is connected to logic 1 or logic 0. (LINT-32)
   Pin 'A[4]' is connected to logic 0. 
Warning: In design 'add_11_overflow_mydesign_9', a pin on submodule 'GEN_CLA8[1].CLA8_1' is connected to logic 1 or logic 0. (LINT-32)
   Pin 'A[3]' is connected to logic 0. 
Warning: In design 'add_11_overflow_mydesign_9', a pin on submodule 'GEN_CLA8[1].CLA8_1' is connected to logic 1 or logic 0. (LINT-32)
   Pin 'B[7]' is connected to logic 0. 
Warning: In design 'add_11_overflow_mydesign_9', a pin on submodule 'GEN_CLA8[1].CLA8_1' is connected to logic 1 or logic 0. (LINT-32)
   Pin 'B[6]' is connected to logic 0. 
Warning: In design 'add_11_overflow_mydesign_9', a pin on submodule 'GEN_CLA8[1].CLA8_1' is connected to logic 1 or logic 0. (LINT-32)
   Pin 'B[5]' is connected to logic 0. 
Warning: In design 'add_11_overflow_mydesign_9', a pin on submodule 'GEN_CLA8[1].CLA8_1' is connected to logic 1 or logic 0. (LINT-32)
   Pin 'B[4]' is connected to logic 0. 
Warning: In design 'add_11_overflow_mydesign_9', a pin on submodule 'GEN_CLA8[1].CLA8_1' is connected to logic 1 or logic 0. (LINT-32)
   Pin 'B[3]' is connected to logic 0. 
Warning: In design 'add_11_overflow_mydesign_10', a pin on submodule 'CLA8_zero' is connected to logic 1 or logic 0. (LINT-32)
   Pin 'Cin' is connected to logic 0. 
Warning: In design 'add_11_overflow_mydesign_10', a pin on submodule 'GEN_CLA8[1].CLA8_0' is connected to logic 1 or logic 0. (LINT-32)
   Pin 'Cin' is connected to logic 0. 
Warning: In design 'add_11_overflow_mydesign_10', a pin on submodule 'GEN_CLA8[1].CLA8_0' is connected to logic 1 or logic 0. (LINT-32)
   Pin 'A[7]' is connected to logic 0. 
Warning: In design 'add_11_overflow_mydesign_10', a pin on submodule 'GEN_CLA8[1].CLA8_0' is connected to logic 1 or logic 0. (LINT-32)
   Pin 'A[6]' is connected to logic 0. 
Warning: In design 'add_11_overflow_mydesign_10', a pin on submodule 'GEN_CLA8[1].CLA8_0' is connected to logic 1 or logic 0. (LINT-32)
   Pin 'A[5]' is connected to logic 0. 
Warning: In design 'add_11_overflow_mydesign_10', a pin on submodule 'GEN_CLA8[1].CLA8_0' is connected to logic 1 or logic 0. (LINT-32)
   Pin 'A[4]' is connected to logic 0. 
Warning: In design 'add_11_overflow_mydesign_10', a pin on submodule 'GEN_CLA8[1].CLA8_0' is connected to logic 1 or logic 0. (LINT-32)
   Pin 'A[3]' is connected to logic 0. 
Warning: In design 'add_11_overflow_mydesign_10', a pin on submodule 'GEN_CLA8[1].CLA8_0' is connected to logic 1 or logic 0. (LINT-32)
   Pin 'B[7]' is connected to logic 0. 
Warning: In design 'add_11_overflow_mydesign_10', a pin on submodule 'GEN_CLA8[1].CLA8_0' is connected to logic 1 or logic 0. (LINT-32)
   Pin 'B[6]' is connected to logic 0. 
Warning: In design 'add_11_overflow_mydesign_10', a pin on submodule 'GEN_CLA8[1].CLA8_0' is connected to logic 1 or logic 0. (LINT-32)
   Pin 'B[5]' is connected to logic 0. 
Warning: In design 'add_11_overflow_mydesign_10', a pin on submodule 'GEN_CLA8[1].CLA8_0' is connected to logic 1 or logic 0. (LINT-32)
   Pin 'B[4]' is connected to logic 0. 
Warning: In design 'add_11_overflow_mydesign_10', a pin on submodule 'GEN_CLA8[1].CLA8_0' is connected to logic 1 or logic 0. (LINT-32)
   Pin 'B[3]' is connected to logic 0. 
Warning: In design 'add_11_overflow_mydesign_10', a pin on submodule 'GEN_CLA8[1].CLA8_1' is connected to logic 1 or logic 0. (LINT-32)
   Pin 'Cin' is connected to logic 1. 
Warning: In design 'add_11_overflow_mydesign_10', a pin on submodule 'GEN_CLA8[1].CLA8_1' is connected to logic 1 or logic 0. (LINT-32)
   Pin 'A[7]' is connected to logic 0. 
Warning: In design 'add_11_overflow_mydesign_10', a pin on submodule 'GEN_CLA8[1].CLA8_1' is connected to logic 1 or logic 0. (LINT-32)
   Pin 'A[6]' is connected to logic 0. 
Warning: In design 'add_11_overflow_mydesign_10', a pin on submodule 'GEN_CLA8[1].CLA8_1' is connected to logic 1 or logic 0. (LINT-32)
   Pin 'A[5]' is connected to logic 0. 
Warning: In design 'add_11_overflow_mydesign_10', a pin on submodule 'GEN_CLA8[1].CLA8_1' is connected to logic 1 or logic 0. (LINT-32)
   Pin 'A[4]' is connected to logic 0. 
Warning: In design 'add_11_overflow_mydesign_10', a pin on submodule 'GEN_CLA8[1].CLA8_1' is connected to logic 1 or logic 0. (LINT-32)
   Pin 'A[3]' is connected to logic 0. 
Warning: In design 'add_11_overflow_mydesign_10', a pin on submodule 'GEN_CLA8[1].CLA8_1' is connected to logic 1 or logic 0. (LINT-32)
   Pin 'B[7]' is connected to logic 0. 
Warning: In design 'add_11_overflow_mydesign_10', a pin on submodule 'GEN_CLA8[1].CLA8_1' is connected to logic 1 or logic 0. (LINT-32)
   Pin 'B[6]' is connected to logic 0. 
Warning: In design 'add_11_overflow_mydesign_10', a pin on submodule 'GEN_CLA8[1].CLA8_1' is connected to logic 1 or logic 0. (LINT-32)
   Pin 'B[5]' is connected to logic 0. 
Warning: In design 'add_11_overflow_mydesign_10', a pin on submodule 'GEN_CLA8[1].CLA8_1' is connected to logic 1 or logic 0. (LINT-32)
   Pin 'B[4]' is connected to logic 0. 
Warning: In design 'add_11_overflow_mydesign_10', a pin on submodule 'GEN_CLA8[1].CLA8_1' is connected to logic 1 or logic 0. (LINT-32)
   Pin 'B[3]' is connected to logic 0. 
Warning: In design 'add_11_overflow_mydesign_11', a pin on submodule 'CLA8_zero' is connected to logic 1 or logic 0. (LINT-32)
   Pin 'Cin' is connected to logic 0. 
Warning: In design 'add_11_overflow_mydesign_11', a pin on submodule 'GEN_CLA8[1].CLA8_0' is connected to logic 1 or logic 0. (LINT-32)
   Pin 'Cin' is connected to logic 0. 
Warning: In design 'add_11_overflow_mydesign_11', a pin on submodule 'GEN_CLA8[1].CLA8_0' is connected to logic 1 or logic 0. (LINT-32)
   Pin 'A[7]' is connected to logic 0. 
Warning: In design 'add_11_overflow_mydesign_11', a pin on submodule 'GEN_CLA8[1].CLA8_0' is connected to logic 1 or logic 0. (LINT-32)
   Pin 'A[6]' is connected to logic 0. 
Warning: In design 'add_11_overflow_mydesign_11', a pin on submodule 'GEN_CLA8[1].CLA8_0' is connected to logic 1 or logic 0. (LINT-32)
   Pin 'A[5]' is connected to logic 0. 
Warning: In design 'add_11_overflow_mydesign_11', a pin on submodule 'GEN_CLA8[1].CLA8_0' is connected to logic 1 or logic 0. (LINT-32)
   Pin 'A[4]' is connected to logic 0. 
Warning: In design 'add_11_overflow_mydesign_11', a pin on submodule 'GEN_CLA8[1].CLA8_0' is connected to logic 1 or logic 0. (LINT-32)
   Pin 'A[3]' is connected to logic 0. 
Warning: In design 'add_11_overflow_mydesign_11', a pin on submodule 'GEN_CLA8[1].CLA8_0' is connected to logic 1 or logic 0. (LINT-32)
   Pin 'B[7]' is connected to logic 0. 
Warning: In design 'add_11_overflow_mydesign_11', a pin on submodule 'GEN_CLA8[1].CLA8_0' is connected to logic 1 or logic 0. (LINT-32)
   Pin 'B[6]' is connected to logic 0. 
Warning: In design 'add_11_overflow_mydesign_11', a pin on submodule 'GEN_CLA8[1].CLA8_0' is connected to logic 1 or logic 0. (LINT-32)
   Pin 'B[5]' is connected to logic 0. 
Warning: In design 'add_11_overflow_mydesign_11', a pin on submodule 'GEN_CLA8[1].CLA8_0' is connected to logic 1 or logic 0. (LINT-32)
   Pin 'B[4]' is connected to logic 0. 
Warning: In design 'add_11_overflow_mydesign_11', a pin on submodule 'GEN_CLA8[1].CLA8_0' is connected to logic 1 or logic 0. (LINT-32)
   Pin 'B[3]' is connected to logic 0. 
Warning: In design 'add_11_overflow_mydesign_11', a pin on submodule 'GEN_CLA8[1].CLA8_1' is connected to logic 1 or logic 0. (LINT-32)
   Pin 'Cin' is connected to logic 1. 
Warning: In design 'add_11_overflow_mydesign_11', a pin on submodule 'GEN_CLA8[1].CLA8_1' is connected to logic 1 or logic 0. (LINT-32)
   Pin 'A[7]' is connected to logic 0. 
Warning: In design 'add_11_overflow_mydesign_11', a pin on submodule 'GEN_CLA8[1].CLA8_1' is connected to logic 1 or logic 0. (LINT-32)
   Pin 'A[6]' is connected to logic 0. 
Warning: In design 'add_11_overflow_mydesign_11', a pin on submodule 'GEN_CLA8[1].CLA8_1' is connected to logic 1 or logic 0. (LINT-32)
   Pin 'A[5]' is connected to logic 0. 
Warning: In design 'add_11_overflow_mydesign_11', a pin on submodule 'GEN_CLA8[1].CLA8_1' is connected to logic 1 or logic 0. (LINT-32)
   Pin 'A[4]' is connected to logic 0. 
Warning: In design 'add_11_overflow_mydesign_11', a pin on submodule 'GEN_CLA8[1].CLA8_1' is connected to logic 1 or logic 0. (LINT-32)
   Pin 'A[3]' is connected to logic 0. 
Warning: In design 'add_11_overflow_mydesign_11', a pin on submodule 'GEN_CLA8[1].CLA8_1' is connected to logic 1 or logic 0. (LINT-32)
   Pin 'B[7]' is connected to logic 0. 
Warning: In design 'add_11_overflow_mydesign_11', a pin on submodule 'GEN_CLA8[1].CLA8_1' is connected to logic 1 or logic 0. (LINT-32)
   Pin 'B[6]' is connected to logic 0. 
Warning: In design 'add_11_overflow_mydesign_11', a pin on submodule 'GEN_CLA8[1].CLA8_1' is connected to logic 1 or logic 0. (LINT-32)
   Pin 'B[5]' is connected to logic 0. 
Warning: In design 'add_11_overflow_mydesign_11', a pin on submodule 'GEN_CLA8[1].CLA8_1' is connected to logic 1 or logic 0. (LINT-32)
   Pin 'B[4]' is connected to logic 0. 
Warning: In design 'add_11_overflow_mydesign_11', a pin on submodule 'GEN_CLA8[1].CLA8_1' is connected to logic 1 or logic 0. (LINT-32)
   Pin 'B[3]' is connected to logic 0. 
Warning: In design 'add_53_overflow_mydesign_0', a pin on submodule 'CLA8_zero' is connected to logic 1 or logic 0. (LINT-32)
   Pin 'Cin' is connected to logic 0. 
Warning: In design 'add_53_overflow_mydesign_0', a pin on submodule 'GEN_CLA8[1].CLA8_0' is connected to logic 1 or logic 0. (LINT-32)
   Pin 'Cin' is connected to logic 0. 
Warning: In design 'add_53_overflow_mydesign_0', a pin on submodule 'GEN_CLA8[1].CLA8_1' is connected to logic 1 or logic 0. (LINT-32)
   Pin 'Cin' is connected to logic 1. 
Warning: In design 'add_53_overflow_mydesign_0', a pin on submodule 'GEN_CLA8[2].CLA8_0' is connected to logic 1 or logic 0. (LINT-32)
   Pin 'Cin' is connected to logic 0. 
Warning: In design 'add_53_overflow_mydesign_0', a pin on submodule 'GEN_CLA8[2].CLA8_1' is connected to logic 1 or logic 0. (LINT-32)
   Pin 'Cin' is connected to logic 1. 
Warning: In design 'add_53_overflow_mydesign_0', a pin on submodule 'GEN_CLA8[3].CLA8_0' is connected to logic 1 or logic 0. (LINT-32)
   Pin 'Cin' is connected to logic 0. 
Warning: In design 'add_53_overflow_mydesign_0', a pin on submodule 'GEN_CLA8[3].CLA8_1' is connected to logic 1 or logic 0. (LINT-32)
   Pin 'Cin' is connected to logic 1. 
Warning: In design 'add_53_overflow_mydesign_0', a pin on submodule 'GEN_CLA8[4].CLA8_0' is connected to logic 1 or logic 0. (LINT-32)
   Pin 'Cin' is connected to logic 0. 
Warning: In design 'add_53_overflow_mydesign_0', a pin on submodule 'GEN_CLA8[4].CLA8_1' is connected to logic 1 or logic 0. (LINT-32)
   Pin 'Cin' is connected to logic 1. 
Warning: In design 'add_53_overflow_mydesign_0', a pin on submodule 'GEN_CLA8[5].CLA8_0' is connected to logic 1 or logic 0. (LINT-32)
   Pin 'Cin' is connected to logic 0. 
Warning: In design 'add_53_overflow_mydesign_0', a pin on submodule 'GEN_CLA8[5].CLA8_1' is connected to logic 1 or logic 0. (LINT-32)
   Pin 'Cin' is connected to logic 1. 
Warning: In design 'add_53_overflow_mydesign_0', a pin on submodule 'GEN_CLA8[6].CLA8_0' is connected to logic 1 or logic 0. (LINT-32)
   Pin 'Cin' is connected to logic 0. 
Warning: In design 'add_53_overflow_mydesign_0', a pin on submodule 'GEN_CLA8[6].CLA8_0' is connected to logic 1 or logic 0. (LINT-32)
   Pin 'A[7]' is connected to logic 0. 
Warning: In design 'add_53_overflow_mydesign_0', a pin on submodule 'GEN_CLA8[6].CLA8_0' is connected to logic 1 or logic 0. (LINT-32)
   Pin 'A[6]' is connected to logic 0. 
Warning: In design 'add_53_overflow_mydesign_0', a pin on submodule 'GEN_CLA8[6].CLA8_0' is connected to logic 1 or logic 0. (LINT-32)
   Pin 'A[5]' is connected to logic 0. 
Warning: In design 'add_53_overflow_mydesign_0', a pin on submodule 'GEN_CLA8[6].CLA8_0' is connected to logic 1 or logic 0. (LINT-32)
   Pin 'B[7]' is connected to logic 0. 
Warning: In design 'add_53_overflow_mydesign_0', a pin on submodule 'GEN_CLA8[6].CLA8_0' is connected to logic 1 or logic 0. (LINT-32)
   Pin 'B[6]' is connected to logic 0. 
Warning: In design 'add_53_overflow_mydesign_0', a pin on submodule 'GEN_CLA8[6].CLA8_0' is connected to logic 1 or logic 0. (LINT-32)
   Pin 'B[5]' is connected to logic 0. 
Warning: In design 'add_53_overflow_mydesign_0', a pin on submodule 'GEN_CLA8[6].CLA8_1' is connected to logic 1 or logic 0. (LINT-32)
   Pin 'Cin' is connected to logic 1. 
Warning: In design 'add_53_overflow_mydesign_0', a pin on submodule 'GEN_CLA8[6].CLA8_1' is connected to logic 1 or logic 0. (LINT-32)
   Pin 'A[7]' is connected to logic 0. 
Warning: In design 'add_53_overflow_mydesign_0', a pin on submodule 'GEN_CLA8[6].CLA8_1' is connected to logic 1 or logic 0. (LINT-32)
   Pin 'A[6]' is connected to logic 0. 
Warning: In design 'add_53_overflow_mydesign_0', a pin on submodule 'GEN_CLA8[6].CLA8_1' is connected to logic 1 or logic 0. (LINT-32)
   Pin 'A[5]' is connected to logic 0. 
Warning: In design 'add_53_overflow_mydesign_0', a pin on submodule 'GEN_CLA8[6].CLA8_1' is connected to logic 1 or logic 0. (LINT-32)
   Pin 'B[7]' is connected to logic 0. 
Warning: In design 'add_53_overflow_mydesign_0', a pin on submodule 'GEN_CLA8[6].CLA8_1' is connected to logic 1 or logic 0. (LINT-32)
   Pin 'B[6]' is connected to logic 0. 
Warning: In design 'add_53_overflow_mydesign_0', a pin on submodule 'GEN_CLA8[6].CLA8_1' is connected to logic 1 or logic 0. (LINT-32)
   Pin 'B[5]' is connected to logic 0. 
Warning: In design 'add_53_overflow_mydesign_1', a pin on submodule 'CLA8_zero' is connected to logic 1 or logic 0. (LINT-32)
   Pin 'Cin' is connected to logic 0. 
Warning: In design 'add_53_overflow_mydesign_1', a pin on submodule 'GEN_CLA8[1].CLA8_0' is connected to logic 1 or logic 0. (LINT-32)
   Pin 'Cin' is connected to logic 0. 
Warning: In design 'add_53_overflow_mydesign_1', a pin on submodule 'GEN_CLA8[1].CLA8_1' is connected to logic 1 or logic 0. (LINT-32)
   Pin 'Cin' is connected to logic 1. 
Warning: In design 'add_53_overflow_mydesign_1', a pin on submodule 'GEN_CLA8[2].CLA8_0' is connected to logic 1 or logic 0. (LINT-32)
   Pin 'Cin' is connected to logic 0. 
Warning: In design 'add_53_overflow_mydesign_1', a pin on submodule 'GEN_CLA8[2].CLA8_1' is connected to logic 1 or logic 0. (LINT-32)
   Pin 'Cin' is connected to logic 1. 
Warning: In design 'add_53_overflow_mydesign_1', a pin on submodule 'GEN_CLA8[3].CLA8_0' is connected to logic 1 or logic 0. (LINT-32)
   Pin 'Cin' is connected to logic 0. 
Warning: In design 'add_53_overflow_mydesign_1', a pin on submodule 'GEN_CLA8[3].CLA8_1' is connected to logic 1 or logic 0. (LINT-32)
   Pin 'Cin' is connected to logic 1. 
Warning: In design 'add_53_overflow_mydesign_1', a pin on submodule 'GEN_CLA8[4].CLA8_0' is connected to logic 1 or logic 0. (LINT-32)
   Pin 'Cin' is connected to logic 0. 
Warning: In design 'add_53_overflow_mydesign_1', a pin on submodule 'GEN_CLA8[4].CLA8_1' is connected to logic 1 or logic 0. (LINT-32)
   Pin 'Cin' is connected to logic 1. 
Warning: In design 'add_53_overflow_mydesign_1', a pin on submodule 'GEN_CLA8[5].CLA8_0' is connected to logic 1 or logic 0. (LINT-32)
   Pin 'Cin' is connected to logic 0. 
Warning: In design 'add_53_overflow_mydesign_1', a pin on submodule 'GEN_CLA8[5].CLA8_1' is connected to logic 1 or logic 0. (LINT-32)
   Pin 'Cin' is connected to logic 1. 
Warning: In design 'add_53_overflow_mydesign_1', a pin on submodule 'GEN_CLA8[6].CLA8_0' is connected to logic 1 or logic 0. (LINT-32)
   Pin 'Cin' is connected to logic 0. 
Warning: In design 'add_53_overflow_mydesign_1', a pin on submodule 'GEN_CLA8[6].CLA8_0' is connected to logic 1 or logic 0. (LINT-32)
   Pin 'A[7]' is connected to logic 0. 
Warning: In design 'add_53_overflow_mydesign_1', a pin on submodule 'GEN_CLA8[6].CLA8_0' is connected to logic 1 or logic 0. (LINT-32)
   Pin 'A[6]' is connected to logic 0. 
Warning: In design 'add_53_overflow_mydesign_1', a pin on submodule 'GEN_CLA8[6].CLA8_0' is connected to logic 1 or logic 0. (LINT-32)
   Pin 'A[5]' is connected to logic 0. 
Warning: In design 'add_53_overflow_mydesign_1', a pin on submodule 'GEN_CLA8[6].CLA8_0' is connected to logic 1 or logic 0. (LINT-32)
   Pin 'B[7]' is connected to logic 0. 
Warning: In design 'add_53_overflow_mydesign_1', a pin on submodule 'GEN_CLA8[6].CLA8_0' is connected to logic 1 or logic 0. (LINT-32)
   Pin 'B[6]' is connected to logic 0. 
Warning: In design 'add_53_overflow_mydesign_1', a pin on submodule 'GEN_CLA8[6].CLA8_0' is connected to logic 1 or logic 0. (LINT-32)
   Pin 'B[5]' is connected to logic 0. 
Warning: In design 'add_53_overflow_mydesign_1', a pin on submodule 'GEN_CLA8[6].CLA8_1' is connected to logic 1 or logic 0. (LINT-32)
   Pin 'Cin' is connected to logic 1. 
Warning: In design 'add_53_overflow_mydesign_1', a pin on submodule 'GEN_CLA8[6].CLA8_1' is connected to logic 1 or logic 0. (LINT-32)
   Pin 'A[7]' is connected to logic 0. 
Warning: In design 'add_53_overflow_mydesign_1', a pin on submodule 'GEN_CLA8[6].CLA8_1' is connected to logic 1 or logic 0. (LINT-32)
   Pin 'A[6]' is connected to logic 0. 
Warning: In design 'add_53_overflow_mydesign_1', a pin on submodule 'GEN_CLA8[6].CLA8_1' is connected to logic 1 or logic 0. (LINT-32)
   Pin 'A[5]' is connected to logic 0. 
Warning: In design 'add_53_overflow_mydesign_1', a pin on submodule 'GEN_CLA8[6].CLA8_1' is connected to logic 1 or logic 0. (LINT-32)
   Pin 'B[7]' is connected to logic 0. 
Warning: In design 'add_53_overflow_mydesign_1', a pin on submodule 'GEN_CLA8[6].CLA8_1' is connected to logic 1 or logic 0. (LINT-32)
   Pin 'B[6]' is connected to logic 0. 
Warning: In design 'add_53_overflow_mydesign_1', a pin on submodule 'GEN_CLA8[6].CLA8_1' is connected to logic 1 or logic 0. (LINT-32)
   Pin 'B[5]' is connected to logic 0. 
Warning: In design 'add_53_overflow_mydesign_2', a pin on submodule 'CLA8_zero' is connected to logic 1 or logic 0. (LINT-32)
   Pin 'Cin' is connected to logic 0. 
Warning: In design 'add_53_overflow_mydesign_2', a pin on submodule 'GEN_CLA8[1].CLA8_0' is connected to logic 1 or logic 0. (LINT-32)
   Pin 'Cin' is connected to logic 0. 
Warning: In design 'add_53_overflow_mydesign_2', a pin on submodule 'GEN_CLA8[1].CLA8_1' is connected to logic 1 or logic 0. (LINT-32)
   Pin 'Cin' is connected to logic 1. 
Warning: In design 'add_53_overflow_mydesign_2', a pin on submodule 'GEN_CLA8[2].CLA8_0' is connected to logic 1 or logic 0. (LINT-32)
   Pin 'Cin' is connected to logic 0. 
Warning: In design 'add_53_overflow_mydesign_2', a pin on submodule 'GEN_CLA8[2].CLA8_1' is connected to logic 1 or logic 0. (LINT-32)
   Pin 'Cin' is connected to logic 1. 
Warning: In design 'add_53_overflow_mydesign_2', a pin on submodule 'GEN_CLA8[3].CLA8_0' is connected to logic 1 or logic 0. (LINT-32)
   Pin 'Cin' is connected to logic 0. 
Warning: In design 'add_53_overflow_mydesign_2', a pin on submodule 'GEN_CLA8[3].CLA8_1' is connected to logic 1 or logic 0. (LINT-32)
   Pin 'Cin' is connected to logic 1. 
Warning: In design 'add_53_overflow_mydesign_2', a pin on submodule 'GEN_CLA8[4].CLA8_0' is connected to logic 1 or logic 0. (LINT-32)
   Pin 'Cin' is connected to logic 0. 
Warning: In design 'add_53_overflow_mydesign_2', a pin on submodule 'GEN_CLA8[4].CLA8_1' is connected to logic 1 or logic 0. (LINT-32)
   Pin 'Cin' is connected to logic 1. 
Warning: In design 'add_53_overflow_mydesign_2', a pin on submodule 'GEN_CLA8[5].CLA8_0' is connected to logic 1 or logic 0. (LINT-32)
   Pin 'Cin' is connected to logic 0. 
Warning: In design 'add_53_overflow_mydesign_2', a pin on submodule 'GEN_CLA8[5].CLA8_1' is connected to logic 1 or logic 0. (LINT-32)
   Pin 'Cin' is connected to logic 1. 
Warning: In design 'add_53_overflow_mydesign_2', a pin on submodule 'GEN_CLA8[6].CLA8_0' is connected to logic 1 or logic 0. (LINT-32)
   Pin 'Cin' is connected to logic 0. 
Warning: In design 'add_53_overflow_mydesign_2', a pin on submodule 'GEN_CLA8[6].CLA8_0' is connected to logic 1 or logic 0. (LINT-32)
   Pin 'A[7]' is connected to logic 0. 
Warning: In design 'add_53_overflow_mydesign_2', a pin on submodule 'GEN_CLA8[6].CLA8_0' is connected to logic 1 or logic 0. (LINT-32)
   Pin 'A[6]' is connected to logic 0. 
Warning: In design 'add_53_overflow_mydesign_2', a pin on submodule 'GEN_CLA8[6].CLA8_0' is connected to logic 1 or logic 0. (LINT-32)
   Pin 'A[5]' is connected to logic 0. 
Warning: In design 'add_53_overflow_mydesign_2', a pin on submodule 'GEN_CLA8[6].CLA8_0' is connected to logic 1 or logic 0. (LINT-32)
   Pin 'B[7]' is connected to logic 0. 
Warning: In design 'add_53_overflow_mydesign_2', a pin on submodule 'GEN_CLA8[6].CLA8_0' is connected to logic 1 or logic 0. (LINT-32)
   Pin 'B[6]' is connected to logic 0. 
Warning: In design 'add_53_overflow_mydesign_2', a pin on submodule 'GEN_CLA8[6].CLA8_0' is connected to logic 1 or logic 0. (LINT-32)
   Pin 'B[5]' is connected to logic 0. 
Warning: In design 'add_53_overflow_mydesign_2', a pin on submodule 'GEN_CLA8[6].CLA8_1' is connected to logic 1 or logic 0. (LINT-32)
   Pin 'Cin' is connected to logic 1. 
Warning: In design 'add_53_overflow_mydesign_2', a pin on submodule 'GEN_CLA8[6].CLA8_1' is connected to logic 1 or logic 0. (LINT-32)
   Pin 'A[7]' is connected to logic 0. 
Warning: In design 'add_53_overflow_mydesign_2', a pin on submodule 'GEN_CLA8[6].CLA8_1' is connected to logic 1 or logic 0. (LINT-32)
   Pin 'A[6]' is connected to logic 0. 
Warning: In design 'add_53_overflow_mydesign_2', a pin on submodule 'GEN_CLA8[6].CLA8_1' is connected to logic 1 or logic 0. (LINT-32)
   Pin 'A[5]' is connected to logic 0. 
Warning: In design 'add_53_overflow_mydesign_2', a pin on submodule 'GEN_CLA8[6].CLA8_1' is connected to logic 1 or logic 0. (LINT-32)
   Pin 'B[7]' is connected to logic 0. 
Warning: In design 'add_53_overflow_mydesign_2', a pin on submodule 'GEN_CLA8[6].CLA8_1' is connected to logic 1 or logic 0. (LINT-32)
   Pin 'B[6]' is connected to logic 0. 
Warning: In design 'add_53_overflow_mydesign_2', a pin on submodule 'GEN_CLA8[6].CLA8_1' is connected to logic 1 or logic 0. (LINT-32)
   Pin 'B[5]' is connected to logic 0. 
Warning: In design 'add_53_overflow_mydesign_3', a pin on submodule 'CLA8_zero' is connected to logic 1 or logic 0. (LINT-32)
   Pin 'Cin' is connected to logic 0. 
Warning: In design 'add_53_overflow_mydesign_3', a pin on submodule 'GEN_CLA8[1].CLA8_0' is connected to logic 1 or logic 0. (LINT-32)
   Pin 'Cin' is connected to logic 0. 
Warning: In design 'add_53_overflow_mydesign_3', a pin on submodule 'GEN_CLA8[1].CLA8_1' is connected to logic 1 or logic 0. (LINT-32)
   Pin 'Cin' is connected to logic 1. 
Warning: In design 'add_53_overflow_mydesign_3', a pin on submodule 'GEN_CLA8[2].CLA8_0' is connected to logic 1 or logic 0. (LINT-32)
   Pin 'Cin' is connected to logic 0. 
Warning: In design 'add_53_overflow_mydesign_3', a pin on submodule 'GEN_CLA8[2].CLA8_1' is connected to logic 1 or logic 0. (LINT-32)
   Pin 'Cin' is connected to logic 1. 
Warning: In design 'add_53_overflow_mydesign_3', a pin on submodule 'GEN_CLA8[3].CLA8_0' is connected to logic 1 or logic 0. (LINT-32)
   Pin 'Cin' is connected to logic 0. 
Warning: In design 'add_53_overflow_mydesign_3', a pin on submodule 'GEN_CLA8[3].CLA8_1' is connected to logic 1 or logic 0. (LINT-32)
   Pin 'Cin' is connected to logic 1. 
Warning: In design 'add_53_overflow_mydesign_3', a pin on submodule 'GEN_CLA8[4].CLA8_0' is connected to logic 1 or logic 0. (LINT-32)
   Pin 'Cin' is connected to logic 0. 
Warning: In design 'add_53_overflow_mydesign_3', a pin on submodule 'GEN_CLA8[4].CLA8_1' is connected to logic 1 or logic 0. (LINT-32)
   Pin 'Cin' is connected to logic 1. 
Warning: In design 'add_53_overflow_mydesign_3', a pin on submodule 'GEN_CLA8[5].CLA8_0' is connected to logic 1 or logic 0. (LINT-32)
   Pin 'Cin' is connected to logic 0. 
Warning: In design 'add_53_overflow_mydesign_3', a pin on submodule 'GEN_CLA8[5].CLA8_1' is connected to logic 1 or logic 0. (LINT-32)
   Pin 'Cin' is connected to logic 1. 
Warning: In design 'add_53_overflow_mydesign_3', a pin on submodule 'GEN_CLA8[6].CLA8_0' is connected to logic 1 or logic 0. (LINT-32)
   Pin 'Cin' is connected to logic 0. 
Warning: In design 'add_53_overflow_mydesign_3', a pin on submodule 'GEN_CLA8[6].CLA8_0' is connected to logic 1 or logic 0. (LINT-32)
   Pin 'A[7]' is connected to logic 0. 
Warning: In design 'add_53_overflow_mydesign_3', a pin on submodule 'GEN_CLA8[6].CLA8_0' is connected to logic 1 or logic 0. (LINT-32)
   Pin 'A[6]' is connected to logic 0. 
Warning: In design 'add_53_overflow_mydesign_3', a pin on submodule 'GEN_CLA8[6].CLA8_0' is connected to logic 1 or logic 0. (LINT-32)
   Pin 'A[5]' is connected to logic 0. 
Warning: In design 'add_53_overflow_mydesign_3', a pin on submodule 'GEN_CLA8[6].CLA8_0' is connected to logic 1 or logic 0. (LINT-32)
   Pin 'B[7]' is connected to logic 0. 
Warning: In design 'add_53_overflow_mydesign_3', a pin on submodule 'GEN_CLA8[6].CLA8_0' is connected to logic 1 or logic 0. (LINT-32)
   Pin 'B[6]' is connected to logic 0. 
Warning: In design 'add_53_overflow_mydesign_3', a pin on submodule 'GEN_CLA8[6].CLA8_0' is connected to logic 1 or logic 0. (LINT-32)
   Pin 'B[5]' is connected to logic 0. 
Warning: In design 'add_53_overflow_mydesign_3', a pin on submodule 'GEN_CLA8[6].CLA8_1' is connected to logic 1 or logic 0. (LINT-32)
   Pin 'Cin' is connected to logic 1. 
Warning: In design 'add_53_overflow_mydesign_3', a pin on submodule 'GEN_CLA8[6].CLA8_1' is connected to logic 1 or logic 0. (LINT-32)
   Pin 'A[7]' is connected to logic 0. 
Warning: In design 'add_53_overflow_mydesign_3', a pin on submodule 'GEN_CLA8[6].CLA8_1' is connected to logic 1 or logic 0. (LINT-32)
   Pin 'A[6]' is connected to logic 0. 
Warning: In design 'add_53_overflow_mydesign_3', a pin on submodule 'GEN_CLA8[6].CLA8_1' is connected to logic 1 or logic 0. (LINT-32)
   Pin 'A[5]' is connected to logic 0. 
Warning: In design 'add_53_overflow_mydesign_3', a pin on submodule 'GEN_CLA8[6].CLA8_1' is connected to logic 1 or logic 0. (LINT-32)
   Pin 'B[7]' is connected to logic 0. 
Warning: In design 'add_53_overflow_mydesign_3', a pin on submodule 'GEN_CLA8[6].CLA8_1' is connected to logic 1 or logic 0. (LINT-32)
   Pin 'B[6]' is connected to logic 0. 
Warning: In design 'add_53_overflow_mydesign_3', a pin on submodule 'GEN_CLA8[6].CLA8_1' is connected to logic 1 or logic 0. (LINT-32)
   Pin 'B[5]' is connected to logic 0. 
Warning: In design 'add_53_overflow_mydesign_4', a pin on submodule 'CLA8_zero' is connected to logic 1 or logic 0. (LINT-32)
   Pin 'Cin' is connected to logic 0. 
Warning: In design 'add_53_overflow_mydesign_4', a pin on submodule 'GEN_CLA8[1].CLA8_0' is connected to logic 1 or logic 0. (LINT-32)
   Pin 'Cin' is connected to logic 0. 
Warning: In design 'add_53_overflow_mydesign_4', a pin on submodule 'GEN_CLA8[1].CLA8_1' is connected to logic 1 or logic 0. (LINT-32)
   Pin 'Cin' is connected to logic 1. 
Warning: In design 'add_53_overflow_mydesign_4', a pin on submodule 'GEN_CLA8[2].CLA8_0' is connected to logic 1 or logic 0. (LINT-32)
   Pin 'Cin' is connected to logic 0. 
Warning: In design 'add_53_overflow_mydesign_4', a pin on submodule 'GEN_CLA8[2].CLA8_1' is connected to logic 1 or logic 0. (LINT-32)
   Pin 'Cin' is connected to logic 1. 
Warning: In design 'add_53_overflow_mydesign_4', a pin on submodule 'GEN_CLA8[3].CLA8_0' is connected to logic 1 or logic 0. (LINT-32)
   Pin 'Cin' is connected to logic 0. 
Warning: In design 'add_53_overflow_mydesign_4', a pin on submodule 'GEN_CLA8[3].CLA8_1' is connected to logic 1 or logic 0. (LINT-32)
   Pin 'Cin' is connected to logic 1. 
Warning: In design 'add_53_overflow_mydesign_4', a pin on submodule 'GEN_CLA8[4].CLA8_0' is connected to logic 1 or logic 0. (LINT-32)
   Pin 'Cin' is connected to logic 0. 
Warning: In design 'add_53_overflow_mydesign_4', a pin on submodule 'GEN_CLA8[4].CLA8_1' is connected to logic 1 or logic 0. (LINT-32)
   Pin 'Cin' is connected to logic 1. 
Warning: In design 'add_53_overflow_mydesign_4', a pin on submodule 'GEN_CLA8[5].CLA8_0' is connected to logic 1 or logic 0. (LINT-32)
   Pin 'Cin' is connected to logic 0. 
Warning: In design 'add_53_overflow_mydesign_4', a pin on submodule 'GEN_CLA8[5].CLA8_1' is connected to logic 1 or logic 0. (LINT-32)
   Pin 'Cin' is connected to logic 1. 
Warning: In design 'add_53_overflow_mydesign_4', a pin on submodule 'GEN_CLA8[6].CLA8_0' is connected to logic 1 or logic 0. (LINT-32)
   Pin 'Cin' is connected to logic 0. 
Warning: In design 'add_53_overflow_mydesign_4', a pin on submodule 'GEN_CLA8[6].CLA8_0' is connected to logic 1 or logic 0. (LINT-32)
   Pin 'A[7]' is connected to logic 0. 
Warning: In design 'add_53_overflow_mydesign_4', a pin on submodule 'GEN_CLA8[6].CLA8_0' is connected to logic 1 or logic 0. (LINT-32)
   Pin 'A[6]' is connected to logic 0. 
Warning: In design 'add_53_overflow_mydesign_4', a pin on submodule 'GEN_CLA8[6].CLA8_0' is connected to logic 1 or logic 0. (LINT-32)
   Pin 'A[5]' is connected to logic 0. 
Warning: In design 'add_53_overflow_mydesign_4', a pin on submodule 'GEN_CLA8[6].CLA8_0' is connected to logic 1 or logic 0. (LINT-32)
   Pin 'B[7]' is connected to logic 0. 
Warning: In design 'add_53_overflow_mydesign_4', a pin on submodule 'GEN_CLA8[6].CLA8_0' is connected to logic 1 or logic 0. (LINT-32)
   Pin 'B[6]' is connected to logic 0. 
Warning: In design 'add_53_overflow_mydesign_4', a pin on submodule 'GEN_CLA8[6].CLA8_0' is connected to logic 1 or logic 0. (LINT-32)
   Pin 'B[5]' is connected to logic 0. 
Warning: In design 'add_53_overflow_mydesign_4', a pin on submodule 'GEN_CLA8[6].CLA8_1' is connected to logic 1 or logic 0. (LINT-32)
   Pin 'Cin' is connected to logic 1. 
Warning: In design 'add_53_overflow_mydesign_4', a pin on submodule 'GEN_CLA8[6].CLA8_1' is connected to logic 1 or logic 0. (LINT-32)
   Pin 'A[7]' is connected to logic 0. 
Warning: In design 'add_53_overflow_mydesign_4', a pin on submodule 'GEN_CLA8[6].CLA8_1' is connected to logic 1 or logic 0. (LINT-32)
   Pin 'A[6]' is connected to logic 0. 
Warning: In design 'add_53_overflow_mydesign_4', a pin on submodule 'GEN_CLA8[6].CLA8_1' is connected to logic 1 or logic 0. (LINT-32)
   Pin 'A[5]' is connected to logic 0. 
Warning: In design 'add_53_overflow_mydesign_4', a pin on submodule 'GEN_CLA8[6].CLA8_1' is connected to logic 1 or logic 0. (LINT-32)
   Pin 'B[7]' is connected to logic 0. 
Warning: In design 'add_53_overflow_mydesign_4', a pin on submodule 'GEN_CLA8[6].CLA8_1' is connected to logic 1 or logic 0. (LINT-32)
   Pin 'B[6]' is connected to logic 0. 
Warning: In design 'add_53_overflow_mydesign_4', a pin on submodule 'GEN_CLA8[6].CLA8_1' is connected to logic 1 or logic 0. (LINT-32)
   Pin 'B[5]' is connected to logic 0. 
Warning: In design 'add_53_overflow_mydesign_5', a pin on submodule 'CLA8_zero' is connected to logic 1 or logic 0. (LINT-32)
   Pin 'Cin' is connected to logic 0. 
Warning: In design 'add_53_overflow_mydesign_5', a pin on submodule 'GEN_CLA8[1].CLA8_0' is connected to logic 1 or logic 0. (LINT-32)
   Pin 'Cin' is connected to logic 0. 
Warning: In design 'add_53_overflow_mydesign_5', a pin on submodule 'GEN_CLA8[1].CLA8_1' is connected to logic 1 or logic 0. (LINT-32)
   Pin 'Cin' is connected to logic 1. 
Warning: In design 'add_53_overflow_mydesign_5', a pin on submodule 'GEN_CLA8[2].CLA8_0' is connected to logic 1 or logic 0. (LINT-32)
   Pin 'Cin' is connected to logic 0. 
Warning: In design 'add_53_overflow_mydesign_5', a pin on submodule 'GEN_CLA8[2].CLA8_1' is connected to logic 1 or logic 0. (LINT-32)
   Pin 'Cin' is connected to logic 1. 
Warning: In design 'add_53_overflow_mydesign_5', a pin on submodule 'GEN_CLA8[3].CLA8_0' is connected to logic 1 or logic 0. (LINT-32)
   Pin 'Cin' is connected to logic 0. 
Warning: In design 'add_53_overflow_mydesign_5', a pin on submodule 'GEN_CLA8[3].CLA8_1' is connected to logic 1 or logic 0. (LINT-32)
   Pin 'Cin' is connected to logic 1. 
Warning: In design 'add_53_overflow_mydesign_5', a pin on submodule 'GEN_CLA8[4].CLA8_0' is connected to logic 1 or logic 0. (LINT-32)
   Pin 'Cin' is connected to logic 0. 
Warning: In design 'add_53_overflow_mydesign_5', a pin on submodule 'GEN_CLA8[4].CLA8_1' is connected to logic 1 or logic 0. (LINT-32)
   Pin 'Cin' is connected to logic 1. 
Warning: In design 'add_53_overflow_mydesign_5', a pin on submodule 'GEN_CLA8[5].CLA8_0' is connected to logic 1 or logic 0. (LINT-32)
   Pin 'Cin' is connected to logic 0. 
Warning: In design 'add_53_overflow_mydesign_5', a pin on submodule 'GEN_CLA8[5].CLA8_1' is connected to logic 1 or logic 0. (LINT-32)
   Pin 'Cin' is connected to logic 1. 
Warning: In design 'add_53_overflow_mydesign_5', a pin on submodule 'GEN_CLA8[6].CLA8_0' is connected to logic 1 or logic 0. (LINT-32)
   Pin 'Cin' is connected to logic 0. 
Warning: In design 'add_53_overflow_mydesign_5', a pin on submodule 'GEN_CLA8[6].CLA8_0' is connected to logic 1 or logic 0. (LINT-32)
   Pin 'A[7]' is connected to logic 0. 
Warning: In design 'add_53_overflow_mydesign_5', a pin on submodule 'GEN_CLA8[6].CLA8_0' is connected to logic 1 or logic 0. (LINT-32)
   Pin 'A[6]' is connected to logic 0. 
Warning: In design 'add_53_overflow_mydesign_5', a pin on submodule 'GEN_CLA8[6].CLA8_0' is connected to logic 1 or logic 0. (LINT-32)
   Pin 'A[5]' is connected to logic 0. 
Warning: In design 'add_53_overflow_mydesign_5', a pin on submodule 'GEN_CLA8[6].CLA8_0' is connected to logic 1 or logic 0. (LINT-32)
   Pin 'B[7]' is connected to logic 0. 
Warning: In design 'add_53_overflow_mydesign_5', a pin on submodule 'GEN_CLA8[6].CLA8_0' is connected to logic 1 or logic 0. (LINT-32)
   Pin 'B[6]' is connected to logic 0. 
Warning: In design 'add_53_overflow_mydesign_5', a pin on submodule 'GEN_CLA8[6].CLA8_0' is connected to logic 1 or logic 0. (LINT-32)
   Pin 'B[5]' is connected to logic 0. 
Warning: In design 'add_53_overflow_mydesign_5', a pin on submodule 'GEN_CLA8[6].CLA8_1' is connected to logic 1 or logic 0. (LINT-32)
   Pin 'Cin' is connected to logic 1. 
Warning: In design 'add_53_overflow_mydesign_5', a pin on submodule 'GEN_CLA8[6].CLA8_1' is connected to logic 1 or logic 0. (LINT-32)
   Pin 'A[7]' is connected to logic 0. 
Warning: In design 'add_53_overflow_mydesign_5', a pin on submodule 'GEN_CLA8[6].CLA8_1' is connected to logic 1 or logic 0. (LINT-32)
   Pin 'A[6]' is connected to logic 0. 
Warning: In design 'add_53_overflow_mydesign_5', a pin on submodule 'GEN_CLA8[6].CLA8_1' is connected to logic 1 or logic 0. (LINT-32)
   Pin 'A[5]' is connected to logic 0. 
Warning: In design 'add_53_overflow_mydesign_5', a pin on submodule 'GEN_CLA8[6].CLA8_1' is connected to logic 1 or logic 0. (LINT-32)
   Pin 'B[7]' is connected to logic 0. 
Warning: In design 'add_53_overflow_mydesign_5', a pin on submodule 'GEN_CLA8[6].CLA8_1' is connected to logic 1 or logic 0. (LINT-32)
   Pin 'B[6]' is connected to logic 0. 
Warning: In design 'add_53_overflow_mydesign_5', a pin on submodule 'GEN_CLA8[6].CLA8_1' is connected to logic 1 or logic 0. (LINT-32)
   Pin 'B[5]' is connected to logic 0. 
Warning: In design 'add_53_overflow_mydesign_6', a pin on submodule 'CLA8_zero' is connected to logic 1 or logic 0. (LINT-32)
   Pin 'Cin' is connected to logic 0. 
Warning: In design 'add_53_overflow_mydesign_6', a pin on submodule 'GEN_CLA8[1].CLA8_0' is connected to logic 1 or logic 0. (LINT-32)
   Pin 'Cin' is connected to logic 0. 
Warning: In design 'add_53_overflow_mydesign_6', a pin on submodule 'GEN_CLA8[1].CLA8_1' is connected to logic 1 or logic 0. (LINT-32)
   Pin 'Cin' is connected to logic 1. 
Warning: In design 'add_53_overflow_mydesign_6', a pin on submodule 'GEN_CLA8[2].CLA8_0' is connected to logic 1 or logic 0. (LINT-32)
   Pin 'Cin' is connected to logic 0. 
Warning: In design 'add_53_overflow_mydesign_6', a pin on submodule 'GEN_CLA8[2].CLA8_1' is connected to logic 1 or logic 0. (LINT-32)
   Pin 'Cin' is connected to logic 1. 
Warning: In design 'add_53_overflow_mydesign_6', a pin on submodule 'GEN_CLA8[3].CLA8_0' is connected to logic 1 or logic 0. (LINT-32)
   Pin 'Cin' is connected to logic 0. 
Warning: In design 'add_53_overflow_mydesign_6', a pin on submodule 'GEN_CLA8[3].CLA8_1' is connected to logic 1 or logic 0. (LINT-32)
   Pin 'Cin' is connected to logic 1. 
Warning: In design 'add_53_overflow_mydesign_6', a pin on submodule 'GEN_CLA8[4].CLA8_0' is connected to logic 1 or logic 0. (LINT-32)
   Pin 'Cin' is connected to logic 0. 
Warning: In design 'add_53_overflow_mydesign_6', a pin on submodule 'GEN_CLA8[4].CLA8_1' is connected to logic 1 or logic 0. (LINT-32)
   Pin 'Cin' is connected to logic 1. 
Warning: In design 'add_53_overflow_mydesign_6', a pin on submodule 'GEN_CLA8[5].CLA8_0' is connected to logic 1 or logic 0. (LINT-32)
   Pin 'Cin' is connected to logic 0. 
Warning: In design 'add_53_overflow_mydesign_6', a pin on submodule 'GEN_CLA8[5].CLA8_1' is connected to logic 1 or logic 0. (LINT-32)
   Pin 'Cin' is connected to logic 1. 
Warning: In design 'add_53_overflow_mydesign_6', a pin on submodule 'GEN_CLA8[6].CLA8_0' is connected to logic 1 or logic 0. (LINT-32)
   Pin 'Cin' is connected to logic 0. 
Warning: In design 'add_53_overflow_mydesign_6', a pin on submodule 'GEN_CLA8[6].CLA8_0' is connected to logic 1 or logic 0. (LINT-32)
   Pin 'A[7]' is connected to logic 0. 
Warning: In design 'add_53_overflow_mydesign_6', a pin on submodule 'GEN_CLA8[6].CLA8_0' is connected to logic 1 or logic 0. (LINT-32)
   Pin 'A[6]' is connected to logic 0. 
Warning: In design 'add_53_overflow_mydesign_6', a pin on submodule 'GEN_CLA8[6].CLA8_0' is connected to logic 1 or logic 0. (LINT-32)
   Pin 'A[5]' is connected to logic 0. 
Warning: In design 'add_53_overflow_mydesign_6', a pin on submodule 'GEN_CLA8[6].CLA8_0' is connected to logic 1 or logic 0. (LINT-32)
   Pin 'B[7]' is connected to logic 0. 
Warning: In design 'add_53_overflow_mydesign_6', a pin on submodule 'GEN_CLA8[6].CLA8_0' is connected to logic 1 or logic 0. (LINT-32)
   Pin 'B[6]' is connected to logic 0. 
Warning: In design 'add_53_overflow_mydesign_6', a pin on submodule 'GEN_CLA8[6].CLA8_0' is connected to logic 1 or logic 0. (LINT-32)
   Pin 'B[5]' is connected to logic 0. 
Warning: In design 'add_53_overflow_mydesign_6', a pin on submodule 'GEN_CLA8[6].CLA8_1' is connected to logic 1 or logic 0. (LINT-32)
   Pin 'Cin' is connected to logic 1. 
Warning: In design 'add_53_overflow_mydesign_6', a pin on submodule 'GEN_CLA8[6].CLA8_1' is connected to logic 1 or logic 0. (LINT-32)
   Pin 'A[7]' is connected to logic 0. 
Warning: In design 'add_53_overflow_mydesign_6', a pin on submodule 'GEN_CLA8[6].CLA8_1' is connected to logic 1 or logic 0. (LINT-32)
   Pin 'A[6]' is connected to logic 0. 
Warning: In design 'add_53_overflow_mydesign_6', a pin on submodule 'GEN_CLA8[6].CLA8_1' is connected to logic 1 or logic 0. (LINT-32)
   Pin 'A[5]' is connected to logic 0. 
Warning: In design 'add_53_overflow_mydesign_6', a pin on submodule 'GEN_CLA8[6].CLA8_1' is connected to logic 1 or logic 0. (LINT-32)
   Pin 'B[7]' is connected to logic 0. 
Warning: In design 'add_53_overflow_mydesign_6', a pin on submodule 'GEN_CLA8[6].CLA8_1' is connected to logic 1 or logic 0. (LINT-32)
   Pin 'B[6]' is connected to logic 0. 
Warning: In design 'add_53_overflow_mydesign_6', a pin on submodule 'GEN_CLA8[6].CLA8_1' is connected to logic 1 or logic 0. (LINT-32)
   Pin 'B[5]' is connected to logic 0. 
Warning: In design 'mul_16_mydesign_0', a pin on submodule 'CLA1' is connected to logic 1 or logic 0. (LINT-32)
   Pin 'Cin' is connected to logic 0. 
Warning: In design 'mul_16_mydesign_0', a pin on submodule 'CLA2' is connected to logic 1 or logic 0. (LINT-32)
   Pin 'Cin' is connected to logic 0. 
Warning: In design 'mul_16_mydesign_0', a pin on submodule 'CLA3' is connected to logic 1 or logic 0. (LINT-32)
   Pin 'Cin' is connected to logic 1. 
Warning: In design 'mul_16_mydesign_0', a pin on submodule 'CLA4' is connected to logic 1 or logic 0. (LINT-32)
   Pin 'Cin' is connected to logic 0. 
Warning: In design 'mul_16_mydesign_0', a pin on submodule 'CLA5' is connected to logic 1 or logic 0. (LINT-32)
   Pin 'Cin' is connected to logic 1. 
Warning: In design 'mul_16_mydesign_1', a pin on submodule 'CLA1' is connected to logic 1 or logic 0. (LINT-32)
   Pin 'Cin' is connected to logic 0. 
Warning: In design 'mul_16_mydesign_1', a pin on submodule 'CLA2' is connected to logic 1 or logic 0. (LINT-32)
   Pin 'Cin' is connected to logic 0. 
Warning: In design 'mul_16_mydesign_1', a pin on submodule 'CLA3' is connected to logic 1 or logic 0. (LINT-32)
   Pin 'Cin' is connected to logic 1. 
Warning: In design 'mul_16_mydesign_1', a pin on submodule 'CLA4' is connected to logic 1 or logic 0. (LINT-32)
   Pin 'Cin' is connected to logic 0. 
Warning: In design 'mul_16_mydesign_1', a pin on submodule 'CLA5' is connected to logic 1 or logic 0. (LINT-32)
   Pin 'Cin' is connected to logic 1. 
Warning: In design 'mul_16_mydesign_2', a pin on submodule 'CLA1' is connected to logic 1 or logic 0. (LINT-32)
   Pin 'Cin' is connected to logic 0. 
Warning: In design 'mul_16_mydesign_2', a pin on submodule 'CLA2' is connected to logic 1 or logic 0. (LINT-32)
   Pin 'Cin' is connected to logic 0. 
Warning: In design 'mul_16_mydesign_2', a pin on submodule 'CLA3' is connected to logic 1 or logic 0. (LINT-32)
   Pin 'Cin' is connected to logic 1. 
Warning: In design 'mul_16_mydesign_2', a pin on submodule 'CLA4' is connected to logic 1 or logic 0. (LINT-32)
   Pin 'Cin' is connected to logic 0. 
Warning: In design 'mul_16_mydesign_2', a pin on submodule 'CLA5' is connected to logic 1 or logic 0. (LINT-32)
   Pin 'Cin' is connected to logic 1. 
Warning: In design 'mul_16_mydesign_3', a pin on submodule 'CLA1' is connected to logic 1 or logic 0. (LINT-32)
   Pin 'Cin' is connected to logic 0. 
Warning: In design 'mul_16_mydesign_3', a pin on submodule 'CLA2' is connected to logic 1 or logic 0. (LINT-32)
   Pin 'Cin' is connected to logic 0. 
Warning: In design 'mul_16_mydesign_3', a pin on submodule 'CLA3' is connected to logic 1 or logic 0. (LINT-32)
   Pin 'Cin' is connected to logic 1. 
Warning: In design 'mul_16_mydesign_3', a pin on submodule 'CLA4' is connected to logic 1 or logic 0. (LINT-32)
   Pin 'Cin' is connected to logic 0. 
Warning: In design 'mul_16_mydesign_3', a pin on submodule 'CLA5' is connected to logic 1 or logic 0. (LINT-32)
   Pin 'Cin' is connected to logic 1. 
Warning: In design 'mul_16_mydesign_4', a pin on submodule 'CLA1' is connected to logic 1 or logic 0. (LINT-32)
   Pin 'Cin' is connected to logic 0. 
Warning: In design 'mul_16_mydesign_4', a pin on submodule 'CLA2' is connected to logic 1 or logic 0. (LINT-32)
   Pin 'Cin' is connected to logic 0. 
Warning: In design 'mul_16_mydesign_4', a pin on submodule 'CLA3' is connected to logic 1 or logic 0. (LINT-32)
   Pin 'Cin' is connected to logic 1. 
Warning: In design 'mul_16_mydesign_4', a pin on submodule 'CLA4' is connected to logic 1 or logic 0. (LINT-32)
   Pin 'Cin' is connected to logic 0. 
Warning: In design 'mul_16_mydesign_4', a pin on submodule 'CLA5' is connected to logic 1 or logic 0. (LINT-32)
   Pin 'Cin' is connected to logic 1. 
Warning: In design 'mul_16_mydesign_5', a pin on submodule 'CLA1' is connected to logic 1 or logic 0. (LINT-32)
   Pin 'Cin' is connected to logic 0. 
Warning: In design 'mul_16_mydesign_5', a pin on submodule 'CLA2' is connected to logic 1 or logic 0. (LINT-32)
   Pin 'Cin' is connected to logic 0. 
Warning: In design 'mul_16_mydesign_5', a pin on submodule 'CLA3' is connected to logic 1 or logic 0. (LINT-32)
   Pin 'Cin' is connected to logic 1. 
Warning: In design 'mul_16_mydesign_5', a pin on submodule 'CLA4' is connected to logic 1 or logic 0. (LINT-32)
   Pin 'Cin' is connected to logic 0. 
Warning: In design 'mul_16_mydesign_5', a pin on submodule 'CLA5' is connected to logic 1 or logic 0. (LINT-32)
   Pin 'Cin' is connected to logic 1. 
Warning: In design 'mul_16_mydesign_6', a pin on submodule 'CLA1' is connected to logic 1 or logic 0. (LINT-32)
   Pin 'Cin' is connected to logic 0. 
Warning: In design 'mul_16_mydesign_6', a pin on submodule 'CLA2' is connected to logic 1 or logic 0. (LINT-32)
   Pin 'Cin' is connected to logic 0. 
Warning: In design 'mul_16_mydesign_6', a pin on submodule 'CLA3' is connected to logic 1 or logic 0. (LINT-32)
   Pin 'Cin' is connected to logic 1. 
Warning: In design 'mul_16_mydesign_6', a pin on submodule 'CLA4' is connected to logic 1 or logic 0. (LINT-32)
   Pin 'Cin' is connected to logic 0. 
Warning: In design 'mul_16_mydesign_6', a pin on submodule 'CLA5' is connected to logic 1 or logic 0. (LINT-32)
   Pin 'Cin' is connected to logic 1. 
Warning: In design 'mul_16_mydesign_7', a pin on submodule 'CLA1' is connected to logic 1 or logic 0. (LINT-32)
   Pin 'Cin' is connected to logic 0. 
Warning: In design 'mul_16_mydesign_7', a pin on submodule 'CLA2' is connected to logic 1 or logic 0. (LINT-32)
   Pin 'Cin' is connected to logic 0. 
Warning: In design 'mul_16_mydesign_7', a pin on submodule 'CLA3' is connected to logic 1 or logic 0. (LINT-32)
   Pin 'Cin' is connected to logic 1. 
Warning: In design 'mul_16_mydesign_7', a pin on submodule 'CLA4' is connected to logic 1 or logic 0. (LINT-32)
   Pin 'Cin' is connected to logic 0. 
Warning: In design 'mul_16_mydesign_7', a pin on submodule 'CLA5' is connected to logic 1 or logic 0. (LINT-32)
   Pin 'Cin' is connected to logic 1. 
Warning: In design 'mul_16_mydesign_8', a pin on submodule 'CLA1' is connected to logic 1 or logic 0. (LINT-32)
   Pin 'Cin' is connected to logic 0. 
Warning: In design 'mul_16_mydesign_8', a pin on submodule 'CLA2' is connected to logic 1 or logic 0. (LINT-32)
   Pin 'Cin' is connected to logic 0. 
Warning: In design 'mul_16_mydesign_8', a pin on submodule 'CLA3' is connected to logic 1 or logic 0. (LINT-32)
   Pin 'Cin' is connected to logic 1. 
Warning: In design 'mul_16_mydesign_8', a pin on submodule 'CLA4' is connected to logic 1 or logic 0. (LINT-32)
   Pin 'Cin' is connected to logic 0. 
Warning: In design 'mul_16_mydesign_8', a pin on submodule 'CLA5' is connected to logic 1 or logic 0. (LINT-32)
   Pin 'Cin' is connected to logic 1. 
Warning: In design 'mul_16_mydesign_9', a pin on submodule 'CLA1' is connected to logic 1 or logic 0. (LINT-32)
   Pin 'Cin' is connected to logic 0. 
Warning: In design 'mul_16_mydesign_9', a pin on submodule 'CLA2' is connected to logic 1 or logic 0. (LINT-32)
   Pin 'Cin' is connected to logic 0. 
Warning: In design 'mul_16_mydesign_9', a pin on submodule 'CLA3' is connected to logic 1 or logic 0. (LINT-32)
   Pin 'Cin' is connected to logic 1. 
Warning: In design 'mul_16_mydesign_9', a pin on submodule 'CLA4' is connected to logic 1 or logic 0. (LINT-32)
   Pin 'Cin' is connected to logic 0. 
Warning: In design 'mul_16_mydesign_9', a pin on submodule 'CLA5' is connected to logic 1 or logic 0. (LINT-32)
   Pin 'Cin' is connected to logic 1. 
Warning: In design 'mul_16_mydesign_10', a pin on submodule 'CLA1' is connected to logic 1 or logic 0. (LINT-32)
   Pin 'Cin' is connected to logic 0. 
Warning: In design 'mul_16_mydesign_10', a pin on submodule 'CLA2' is connected to logic 1 or logic 0. (LINT-32)
   Pin 'Cin' is connected to logic 0. 
Warning: In design 'mul_16_mydesign_10', a pin on submodule 'CLA3' is connected to logic 1 or logic 0. (LINT-32)
   Pin 'Cin' is connected to logic 1. 
Warning: In design 'mul_16_mydesign_10', a pin on submodule 'CLA4' is connected to logic 1 or logic 0. (LINT-32)
   Pin 'Cin' is connected to logic 0. 
Warning: In design 'mul_16_mydesign_10', a pin on submodule 'CLA5' is connected to logic 1 or logic 0. (LINT-32)
   Pin 'Cin' is connected to logic 1. 
Warning: In design 'mul_16_mydesign_11', a pin on submodule 'CLA1' is connected to logic 1 or logic 0. (LINT-32)
   Pin 'Cin' is connected to logic 0. 
Warning: In design 'mul_16_mydesign_11', a pin on submodule 'CLA2' is connected to logic 1 or logic 0. (LINT-32)
   Pin 'Cin' is connected to logic 0. 
Warning: In design 'mul_16_mydesign_11', a pin on submodule 'CLA3' is connected to logic 1 or logic 0. (LINT-32)
   Pin 'Cin' is connected to logic 1. 
Warning: In design 'mul_16_mydesign_11', a pin on submodule 'CLA4' is connected to logic 1 or logic 0. (LINT-32)
   Pin 'Cin' is connected to logic 0. 
Warning: In design 'mul_16_mydesign_11', a pin on submodule 'CLA5' is connected to logic 1 or logic 0. (LINT-32)
   Pin 'Cin' is connected to logic 1. 
Warning: In design 'mul_16_mydesign_12', a pin on submodule 'CLA1' is connected to logic 1 or logic 0. (LINT-32)
   Pin 'Cin' is connected to logic 0. 
Warning: In design 'mul_16_mydesign_12', a pin on submodule 'CLA2' is connected to logic 1 or logic 0. (LINT-32)
   Pin 'Cin' is connected to logic 0. 
Warning: In design 'mul_16_mydesign_12', a pin on submodule 'CLA3' is connected to logic 1 or logic 0. (LINT-32)
   Pin 'Cin' is connected to logic 1. 
Warning: In design 'mul_16_mydesign_12', a pin on submodule 'CLA4' is connected to logic 1 or logic 0. (LINT-32)
   Pin 'Cin' is connected to logic 0. 
Warning: In design 'mul_16_mydesign_12', a pin on submodule 'CLA5' is connected to logic 1 or logic 0. (LINT-32)
   Pin 'Cin' is connected to logic 1. 
Warning: In design 'mul_16_mydesign_13', a pin on submodule 'CLA1' is connected to logic 1 or logic 0. (LINT-32)
   Pin 'Cin' is connected to logic 0. 
Warning: In design 'mul_16_mydesign_13', a pin on submodule 'CLA2' is connected to logic 1 or logic 0. (LINT-32)
   Pin 'Cin' is connected to logic 0. 
Warning: In design 'mul_16_mydesign_13', a pin on submodule 'CLA3' is connected to logic 1 or logic 0. (LINT-32)
   Pin 'Cin' is connected to logic 1. 
Warning: In design 'mul_16_mydesign_13', a pin on submodule 'CLA4' is connected to logic 1 or logic 0. (LINT-32)
   Pin 'Cin' is connected to logic 0. 
Warning: In design 'mul_16_mydesign_13', a pin on submodule 'CLA5' is connected to logic 1 or logic 0. (LINT-32)
   Pin 'Cin' is connected to logic 1. 
Warning: In design 'mul_16_mydesign_14', a pin on submodule 'CLA1' is connected to logic 1 or logic 0. (LINT-32)
   Pin 'Cin' is connected to logic 0. 
Warning: In design 'mul_16_mydesign_14', a pin on submodule 'CLA2' is connected to logic 1 or logic 0. (LINT-32)
   Pin 'Cin' is connected to logic 0. 
Warning: In design 'mul_16_mydesign_14', a pin on submodule 'CLA3' is connected to logic 1 or logic 0. (LINT-32)
   Pin 'Cin' is connected to logic 1. 
Warning: In design 'mul_16_mydesign_14', a pin on submodule 'CLA4' is connected to logic 1 or logic 0. (LINT-32)
   Pin 'Cin' is connected to logic 0. 
Warning: In design 'mul_16_mydesign_14', a pin on submodule 'CLA5' is connected to logic 1 or logic 0. (LINT-32)
   Pin 'Cin' is connected to logic 1. 
Warning: In design 'mul_16_mydesign_15', a pin on submodule 'CLA1' is connected to logic 1 or logic 0. (LINT-32)
   Pin 'Cin' is connected to logic 0. 
Warning: In design 'mul_16_mydesign_15', a pin on submodule 'CLA2' is connected to logic 1 or logic 0. (LINT-32)
   Pin 'Cin' is connected to logic 0. 
Warning: In design 'mul_16_mydesign_15', a pin on submodule 'CLA3' is connected to logic 1 or logic 0. (LINT-32)
   Pin 'Cin' is connected to logic 1. 
Warning: In design 'mul_16_mydesign_15', a pin on submodule 'CLA4' is connected to logic 1 or logic 0. (LINT-32)
   Pin 'Cin' is connected to logic 0. 
Warning: In design 'mul_16_mydesign_15', a pin on submodule 'CLA5' is connected to logic 1 or logic 0. (LINT-32)
   Pin 'Cin' is connected to logic 1. 
Warning: In design 'mul_16_mydesign_16', a pin on submodule 'CLA1' is connected to logic 1 or logic 0. (LINT-32)
   Pin 'Cin' is connected to logic 0. 
Warning: In design 'mul_16_mydesign_16', a pin on submodule 'CLA2' is connected to logic 1 or logic 0. (LINT-32)
   Pin 'Cin' is connected to logic 0. 
Warning: In design 'mul_16_mydesign_16', a pin on submodule 'CLA3' is connected to logic 1 or logic 0. (LINT-32)
   Pin 'Cin' is connected to logic 1. 
Warning: In design 'mul_16_mydesign_16', a pin on submodule 'CLA4' is connected to logic 1 or logic 0. (LINT-32)
   Pin 'Cin' is connected to logic 0. 
Warning: In design 'mul_16_mydesign_16', a pin on submodule 'CLA5' is connected to logic 1 or logic 0. (LINT-32)
   Pin 'Cin' is connected to logic 1. 
Warning: In design 'mul_16_mydesign_17', a pin on submodule 'CLA1' is connected to logic 1 or logic 0. (LINT-32)
   Pin 'Cin' is connected to logic 0. 
Warning: In design 'mul_16_mydesign_17', a pin on submodule 'CLA2' is connected to logic 1 or logic 0. (LINT-32)
   Pin 'Cin' is connected to logic 0. 
Warning: In design 'mul_16_mydesign_17', a pin on submodule 'CLA3' is connected to logic 1 or logic 0. (LINT-32)
   Pin 'Cin' is connected to logic 1. 
Warning: In design 'mul_16_mydesign_17', a pin on submodule 'CLA4' is connected to logic 1 or logic 0. (LINT-32)
   Pin 'Cin' is connected to logic 0. 
Warning: In design 'mul_16_mydesign_17', a pin on submodule 'CLA5' is connected to logic 1 or logic 0. (LINT-32)
   Pin 'Cin' is connected to logic 1. 
Warning: In design 'mul_16_mydesign_18', a pin on submodule 'CLA1' is connected to logic 1 or logic 0. (LINT-32)
   Pin 'Cin' is connected to logic 0. 
Warning: In design 'mul_16_mydesign_18', a pin on submodule 'CLA2' is connected to logic 1 or logic 0. (LINT-32)
   Pin 'Cin' is connected to logic 0. 
Warning: In design 'mul_16_mydesign_18', a pin on submodule 'CLA3' is connected to logic 1 or logic 0. (LINT-32)
   Pin 'Cin' is connected to logic 1. 
Warning: In design 'mul_16_mydesign_18', a pin on submodule 'CLA4' is connected to logic 1 or logic 0. (LINT-32)
   Pin 'Cin' is connected to logic 0. 
Warning: In design 'mul_16_mydesign_18', a pin on submodule 'CLA5' is connected to logic 1 or logic 0. (LINT-32)
   Pin 'Cin' is connected to logic 1. 
Warning: In design 'mul_16_mydesign_19', a pin on submodule 'CLA1' is connected to logic 1 or logic 0. (LINT-32)
   Pin 'Cin' is connected to logic 0. 
Warning: In design 'mul_16_mydesign_19', a pin on submodule 'CLA2' is connected to logic 1 or logic 0. (LINT-32)
   Pin 'Cin' is connected to logic 0. 
Warning: In design 'mul_16_mydesign_19', a pin on submodule 'CLA3' is connected to logic 1 or logic 0. (LINT-32)
   Pin 'Cin' is connected to logic 1. 
Warning: In design 'mul_16_mydesign_19', a pin on submodule 'CLA4' is connected to logic 1 or logic 0. (LINT-32)
   Pin 'Cin' is connected to logic 0. 
Warning: In design 'mul_16_mydesign_19', a pin on submodule 'CLA5' is connected to logic 1 or logic 0. (LINT-32)
   Pin 'Cin' is connected to logic 1. 
Warning: In design 'mul_16_mydesign_20', a pin on submodule 'CLA1' is connected to logic 1 or logic 0. (LINT-32)
   Pin 'Cin' is connected to logic 0. 
Warning: In design 'mul_16_mydesign_20', a pin on submodule 'CLA2' is connected to logic 1 or logic 0. (LINT-32)
   Pin 'Cin' is connected to logic 0. 
Warning: In design 'mul_16_mydesign_20', a pin on submodule 'CLA3' is connected to logic 1 or logic 0. (LINT-32)
   Pin 'Cin' is connected to logic 1. 
Warning: In design 'mul_16_mydesign_20', a pin on submodule 'CLA4' is connected to logic 1 or logic 0. (LINT-32)
   Pin 'Cin' is connected to logic 0. 
Warning: In design 'mul_16_mydesign_20', a pin on submodule 'CLA5' is connected to logic 1 or logic 0. (LINT-32)
   Pin 'Cin' is connected to logic 1. 
Warning: In design 'mul_16_mydesign_21', a pin on submodule 'CLA1' is connected to logic 1 or logic 0. (LINT-32)
   Pin 'Cin' is connected to logic 0. 
Warning: In design 'mul_16_mydesign_21', a pin on submodule 'CLA2' is connected to logic 1 or logic 0. (LINT-32)
   Pin 'Cin' is connected to logic 0. 
Warning: In design 'mul_16_mydesign_21', a pin on submodule 'CLA3' is connected to logic 1 or logic 0. (LINT-32)
   Pin 'Cin' is connected to logic 1. 
Warning: In design 'mul_16_mydesign_21', a pin on submodule 'CLA4' is connected to logic 1 or logic 0. (LINT-32)
   Pin 'Cin' is connected to logic 0. 
Warning: In design 'mul_16_mydesign_21', a pin on submodule 'CLA5' is connected to logic 1 or logic 0. (LINT-32)
   Pin 'Cin' is connected to logic 1. 
Warning: In design 'mul_16_mydesign_22', a pin on submodule 'CLA1' is connected to logic 1 or logic 0. (LINT-32)
   Pin 'Cin' is connected to logic 0. 
Warning: In design 'mul_16_mydesign_22', a pin on submodule 'CLA2' is connected to logic 1 or logic 0. (LINT-32)
   Pin 'Cin' is connected to logic 0. 
Warning: In design 'mul_16_mydesign_22', a pin on submodule 'CLA3' is connected to logic 1 or logic 0. (LINT-32)
   Pin 'Cin' is connected to logic 1. 
Warning: In design 'mul_16_mydesign_22', a pin on submodule 'CLA4' is connected to logic 1 or logic 0. (LINT-32)
   Pin 'Cin' is connected to logic 0. 
Warning: In design 'mul_16_mydesign_22', a pin on submodule 'CLA5' is connected to logic 1 or logic 0. (LINT-32)
   Pin 'Cin' is connected to logic 1. 
Warning: In design 'mul_16_mydesign_23', a pin on submodule 'CLA1' is connected to logic 1 or logic 0. (LINT-32)
   Pin 'Cin' is connected to logic 0. 
Warning: In design 'mul_16_mydesign_23', a pin on submodule 'CLA2' is connected to logic 1 or logic 0. (LINT-32)
   Pin 'Cin' is connected to logic 0. 
Warning: In design 'mul_16_mydesign_23', a pin on submodule 'CLA3' is connected to logic 1 or logic 0. (LINT-32)
   Pin 'Cin' is connected to logic 1. 
Warning: In design 'mul_16_mydesign_23', a pin on submodule 'CLA4' is connected to logic 1 or logic 0. (LINT-32)
   Pin 'Cin' is connected to logic 0. 
Warning: In design 'mul_16_mydesign_23', a pin on submodule 'CLA5' is connected to logic 1 or logic 0. (LINT-32)
   Pin 'Cin' is connected to logic 1. 
Warning: In design 'mul_16_mydesign_24', a pin on submodule 'CLA1' is connected to logic 1 or logic 0. (LINT-32)
   Pin 'Cin' is connected to logic 0. 
Warning: In design 'mul_16_mydesign_24', a pin on submodule 'CLA2' is connected to logic 1 or logic 0. (LINT-32)
   Pin 'Cin' is connected to logic 0. 
Warning: In design 'mul_16_mydesign_24', a pin on submodule 'CLA3' is connected to logic 1 or logic 0. (LINT-32)
   Pin 'Cin' is connected to logic 1. 
Warning: In design 'mul_16_mydesign_24', a pin on submodule 'CLA4' is connected to logic 1 or logic 0. (LINT-32)
   Pin 'Cin' is connected to logic 0. 
Warning: In design 'mul_16_mydesign_24', a pin on submodule 'CLA5' is connected to logic 1 or logic 0. (LINT-32)
   Pin 'Cin' is connected to logic 1. 
Warning: In design 'mul_16_mydesign_25', a pin on submodule 'CLA1' is connected to logic 1 or logic 0. (LINT-32)
   Pin 'Cin' is connected to logic 0. 
Warning: In design 'mul_16_mydesign_25', a pin on submodule 'CLA2' is connected to logic 1 or logic 0. (LINT-32)
   Pin 'Cin' is connected to logic 0. 
Warning: In design 'mul_16_mydesign_25', a pin on submodule 'CLA3' is connected to logic 1 or logic 0. (LINT-32)
   Pin 'Cin' is connected to logic 1. 
Warning: In design 'mul_16_mydesign_25', a pin on submodule 'CLA4' is connected to logic 1 or logic 0. (LINT-32)
   Pin 'Cin' is connected to logic 0. 
Warning: In design 'mul_16_mydesign_25', a pin on submodule 'CLA5' is connected to logic 1 or logic 0. (LINT-32)
   Pin 'Cin' is connected to logic 1. 
Warning: In design 'mul_16_mydesign_26', a pin on submodule 'CLA1' is connected to logic 1 or logic 0. (LINT-32)
   Pin 'Cin' is connected to logic 0. 
Warning: In design 'mul_16_mydesign_26', a pin on submodule 'CLA2' is connected to logic 1 or logic 0. (LINT-32)
   Pin 'Cin' is connected to logic 0. 
Warning: In design 'mul_16_mydesign_26', a pin on submodule 'CLA3' is connected to logic 1 or logic 0. (LINT-32)
   Pin 'Cin' is connected to logic 1. 
Warning: In design 'mul_16_mydesign_26', a pin on submodule 'CLA4' is connected to logic 1 or logic 0. (LINT-32)
   Pin 'Cin' is connected to logic 0. 
Warning: In design 'mul_16_mydesign_26', a pin on submodule 'CLA5' is connected to logic 1 or logic 0. (LINT-32)
   Pin 'Cin' is connected to logic 1. 
Warning: In design 'mul_16_mydesign_27', a pin on submodule 'CLA1' is connected to logic 1 or logic 0. (LINT-32)
   Pin 'Cin' is connected to logic 0. 
Warning: In design 'mul_16_mydesign_27', a pin on submodule 'CLA2' is connected to logic 1 or logic 0. (LINT-32)
   Pin 'Cin' is connected to logic 0. 
Warning: In design 'mul_16_mydesign_27', a pin on submodule 'CLA3' is connected to logic 1 or logic 0. (LINT-32)
   Pin 'Cin' is connected to logic 1. 
Warning: In design 'mul_16_mydesign_27', a pin on submodule 'CLA4' is connected to logic 1 or logic 0. (LINT-32)
   Pin 'Cin' is connected to logic 0. 
Warning: In design 'mul_16_mydesign_27', a pin on submodule 'CLA5' is connected to logic 1 or logic 0. (LINT-32)
   Pin 'Cin' is connected to logic 1. 
Warning: In design 'mul_16_mydesign_28', a pin on submodule 'CLA1' is connected to logic 1 or logic 0. (LINT-32)
   Pin 'Cin' is connected to logic 0. 
Warning: In design 'mul_16_mydesign_28', a pin on submodule 'CLA2' is connected to logic 1 or logic 0. (LINT-32)
   Pin 'Cin' is connected to logic 0. 
Warning: In design 'mul_16_mydesign_28', a pin on submodule 'CLA3' is connected to logic 1 or logic 0. (LINT-32)
   Pin 'Cin' is connected to logic 1. 
Warning: In design 'mul_16_mydesign_28', a pin on submodule 'CLA4' is connected to logic 1 or logic 0. (LINT-32)
   Pin 'Cin' is connected to logic 0. 
Warning: In design 'mul_16_mydesign_28', a pin on submodule 'CLA5' is connected to logic 1 or logic 0. (LINT-32)
   Pin 'Cin' is connected to logic 1. 
Warning: In design 'mul_16_mydesign_29', a pin on submodule 'CLA1' is connected to logic 1 or logic 0. (LINT-32)
   Pin 'Cin' is connected to logic 0. 
Warning: In design 'mul_16_mydesign_29', a pin on submodule 'CLA2' is connected to logic 1 or logic 0. (LINT-32)
   Pin 'Cin' is connected to logic 0. 
Warning: In design 'mul_16_mydesign_29', a pin on submodule 'CLA3' is connected to logic 1 or logic 0. (LINT-32)
   Pin 'Cin' is connected to logic 1. 
Warning: In design 'mul_16_mydesign_29', a pin on submodule 'CLA4' is connected to logic 1 or logic 0. (LINT-32)
   Pin 'Cin' is connected to logic 0. 
Warning: In design 'mul_16_mydesign_29', a pin on submodule 'CLA5' is connected to logic 1 or logic 0. (LINT-32)
   Pin 'Cin' is connected to logic 1. 
Warning: In design 'mul_16_mydesign_30', a pin on submodule 'CLA1' is connected to logic 1 or logic 0. (LINT-32)
   Pin 'Cin' is connected to logic 0. 
Warning: In design 'mul_16_mydesign_30', a pin on submodule 'CLA2' is connected to logic 1 or logic 0. (LINT-32)
   Pin 'Cin' is connected to logic 0. 
Warning: In design 'mul_16_mydesign_30', a pin on submodule 'CLA3' is connected to logic 1 or logic 0. (LINT-32)
   Pin 'Cin' is connected to logic 1. 
Warning: In design 'mul_16_mydesign_30', a pin on submodule 'CLA4' is connected to logic 1 or logic 0. (LINT-32)
   Pin 'Cin' is connected to logic 0. 
Warning: In design 'mul_16_mydesign_30', a pin on submodule 'CLA5' is connected to logic 1 or logic 0. (LINT-32)
   Pin 'Cin' is connected to logic 1. 
Warning: In design 'mul_16_mydesign_31', a pin on submodule 'CLA1' is connected to logic 1 or logic 0. (LINT-32)
   Pin 'Cin' is connected to logic 0. 
Warning: In design 'mul_16_mydesign_31', a pin on submodule 'CLA2' is connected to logic 1 or logic 0. (LINT-32)
   Pin 'Cin' is connected to logic 0. 
Warning: In design 'mul_16_mydesign_31', a pin on submodule 'CLA3' is connected to logic 1 or logic 0. (LINT-32)
   Pin 'Cin' is connected to logic 1. 
Warning: In design 'mul_16_mydesign_31', a pin on submodule 'CLA4' is connected to logic 1 or logic 0. (LINT-32)
   Pin 'Cin' is connected to logic 0. 
Warning: In design 'mul_16_mydesign_31', a pin on submodule 'CLA5' is connected to logic 1 or logic 0. (LINT-32)
   Pin 'Cin' is connected to logic 1. 
Warning: In design 'mul_16_mydesign_32', a pin on submodule 'CLA1' is connected to logic 1 or logic 0. (LINT-32)
   Pin 'Cin' is connected to logic 0. 
Warning: In design 'mul_16_mydesign_32', a pin on submodule 'CLA2' is connected to logic 1 or logic 0. (LINT-32)
   Pin 'Cin' is connected to logic 0. 
Warning: In design 'mul_16_mydesign_32', a pin on submodule 'CLA3' is connected to logic 1 or logic 0. (LINT-32)
   Pin 'Cin' is connected to logic 1. 
Warning: In design 'mul_16_mydesign_32', a pin on submodule 'CLA4' is connected to logic 1 or logic 0. (LINT-32)
   Pin 'Cin' is connected to logic 0. 
Warning: In design 'mul_16_mydesign_32', a pin on submodule 'CLA5' is connected to logic 1 or logic 0. (LINT-32)
   Pin 'Cin' is connected to logic 1. 
Warning: In design 'mul_16_mydesign_33', a pin on submodule 'CLA1' is connected to logic 1 or logic 0. (LINT-32)
   Pin 'Cin' is connected to logic 0. 
Warning: In design 'mul_16_mydesign_33', a pin on submodule 'CLA2' is connected to logic 1 or logic 0. (LINT-32)
   Pin 'Cin' is connected to logic 0. 
Warning: In design 'mul_16_mydesign_33', a pin on submodule 'CLA3' is connected to logic 1 or logic 0. (LINT-32)
   Pin 'Cin' is connected to logic 1. 
Warning: In design 'mul_16_mydesign_33', a pin on submodule 'CLA4' is connected to logic 1 or logic 0. (LINT-32)
   Pin 'Cin' is connected to logic 0. 
Warning: In design 'mul_16_mydesign_33', a pin on submodule 'CLA5' is connected to logic 1 or logic 0. (LINT-32)
   Pin 'Cin' is connected to logic 1. 
Warning: In design 'mul_16_mydesign_34', a pin on submodule 'CLA1' is connected to logic 1 or logic 0. (LINT-32)
   Pin 'Cin' is connected to logic 0. 
Warning: In design 'mul_16_mydesign_34', a pin on submodule 'CLA2' is connected to logic 1 or logic 0. (LINT-32)
   Pin 'Cin' is connected to logic 0. 
Warning: In design 'mul_16_mydesign_34', a pin on submodule 'CLA3' is connected to logic 1 or logic 0. (LINT-32)
   Pin 'Cin' is connected to logic 1. 
Warning: In design 'mul_16_mydesign_34', a pin on submodule 'CLA4' is connected to logic 1 or logic 0. (LINT-32)
   Pin 'Cin' is connected to logic 0. 
Warning: In design 'mul_16_mydesign_34', a pin on submodule 'CLA5' is connected to logic 1 or logic 0. (LINT-32)
   Pin 'Cin' is connected to logic 1. 
Warning: In design 'mul_16_mydesign_35', a pin on submodule 'CLA1' is connected to logic 1 or logic 0. (LINT-32)
   Pin 'Cin' is connected to logic 0. 
Warning: In design 'mul_16_mydesign_35', a pin on submodule 'CLA2' is connected to logic 1 or logic 0. (LINT-32)
   Pin 'Cin' is connected to logic 0. 
Warning: In design 'mul_16_mydesign_35', a pin on submodule 'CLA3' is connected to logic 1 or logic 0. (LINT-32)
   Pin 'Cin' is connected to logic 1. 
Warning: In design 'mul_16_mydesign_35', a pin on submodule 'CLA4' is connected to logic 1 or logic 0. (LINT-32)
   Pin 'Cin' is connected to logic 0. 
Warning: In design 'mul_16_mydesign_35', a pin on submodule 'CLA5' is connected to logic 1 or logic 0. (LINT-32)
   Pin 'Cin' is connected to logic 1. 
Warning: In design 'mul_16_mydesign_36', a pin on submodule 'CLA1' is connected to logic 1 or logic 0. (LINT-32)
   Pin 'Cin' is connected to logic 0. 
Warning: In design 'mul_16_mydesign_36', a pin on submodule 'CLA2' is connected to logic 1 or logic 0. (LINT-32)
   Pin 'Cin' is connected to logic 0. 
Warning: In design 'mul_16_mydesign_36', a pin on submodule 'CLA3' is connected to logic 1 or logic 0. (LINT-32)
   Pin 'Cin' is connected to logic 1. 
Warning: In design 'mul_16_mydesign_36', a pin on submodule 'CLA4' is connected to logic 1 or logic 0. (LINT-32)
   Pin 'Cin' is connected to logic 0. 
Warning: In design 'mul_16_mydesign_36', a pin on submodule 'CLA5' is connected to logic 1 or logic 0. (LINT-32)
   Pin 'Cin' is connected to logic 1. 
Warning: In design 'mul_16_mydesign_37', a pin on submodule 'CLA1' is connected to logic 1 or logic 0. (LINT-32)
   Pin 'Cin' is connected to logic 0. 
Warning: In design 'mul_16_mydesign_37', a pin on submodule 'CLA2' is connected to logic 1 or logic 0. (LINT-32)
   Pin 'Cin' is connected to logic 0. 
Warning: In design 'mul_16_mydesign_37', a pin on submodule 'CLA3' is connected to logic 1 or logic 0. (LINT-32)
   Pin 'Cin' is connected to logic 1. 
Warning: In design 'mul_16_mydesign_37', a pin on submodule 'CLA4' is connected to logic 1 or logic 0. (LINT-32)
   Pin 'Cin' is connected to logic 0. 
Warning: In design 'mul_16_mydesign_37', a pin on submodule 'CLA5' is connected to logic 1 or logic 0. (LINT-32)
   Pin 'Cin' is connected to logic 1. 
Warning: In design 'mul_16_mydesign_38', a pin on submodule 'CLA1' is connected to logic 1 or logic 0. (LINT-32)
   Pin 'Cin' is connected to logic 0. 
Warning: In design 'mul_16_mydesign_38', a pin on submodule 'CLA2' is connected to logic 1 or logic 0. (LINT-32)
   Pin 'Cin' is connected to logic 0. 
Warning: In design 'mul_16_mydesign_38', a pin on submodule 'CLA3' is connected to logic 1 or logic 0. (LINT-32)
   Pin 'Cin' is connected to logic 1. 
Warning: In design 'mul_16_mydesign_38', a pin on submodule 'CLA4' is connected to logic 1 or logic 0. (LINT-32)
   Pin 'Cin' is connected to logic 0. 
Warning: In design 'mul_16_mydesign_38', a pin on submodule 'CLA5' is connected to logic 1 or logic 0. (LINT-32)
   Pin 'Cin' is connected to logic 1. 
Warning: In design 'mul_16_mydesign_39', a pin on submodule 'CLA1' is connected to logic 1 or logic 0. (LINT-32)
   Pin 'Cin' is connected to logic 0. 
Warning: In design 'mul_16_mydesign_39', a pin on submodule 'CLA2' is connected to logic 1 or logic 0. (LINT-32)
   Pin 'Cin' is connected to logic 0. 
Warning: In design 'mul_16_mydesign_39', a pin on submodule 'CLA3' is connected to logic 1 or logic 0. (LINT-32)
   Pin 'Cin' is connected to logic 1. 
Warning: In design 'mul_16_mydesign_39', a pin on submodule 'CLA4' is connected to logic 1 or logic 0. (LINT-32)
   Pin 'Cin' is connected to logic 0. 
Warning: In design 'mul_16_mydesign_39', a pin on submodule 'CLA5' is connected to logic 1 or logic 0. (LINT-32)
   Pin 'Cin' is connected to logic 1. 
Warning: In design 'mul_16_mydesign_40', a pin on submodule 'CLA1' is connected to logic 1 or logic 0. (LINT-32)
   Pin 'Cin' is connected to logic 0. 
Warning: In design 'mul_16_mydesign_40', a pin on submodule 'CLA2' is connected to logic 1 or logic 0. (LINT-32)
   Pin 'Cin' is connected to logic 0. 
Warning: In design 'mul_16_mydesign_40', a pin on submodule 'CLA3' is connected to logic 1 or logic 0. (LINT-32)
   Pin 'Cin' is connected to logic 1. 
Warning: In design 'mul_16_mydesign_40', a pin on submodule 'CLA4' is connected to logic 1 or logic 0. (LINT-32)
   Pin 'Cin' is connected to logic 0. 
Warning: In design 'mul_16_mydesign_40', a pin on submodule 'CLA5' is connected to logic 1 or logic 0. (LINT-32)
   Pin 'Cin' is connected to logic 1. 
Warning: In design 'mul_16_mydesign_41', a pin on submodule 'CLA1' is connected to logic 1 or logic 0. (LINT-32)
   Pin 'Cin' is connected to logic 0. 
Warning: In design 'mul_16_mydesign_41', a pin on submodule 'CLA2' is connected to logic 1 or logic 0. (LINT-32)
   Pin 'Cin' is connected to logic 0. 
Warning: In design 'mul_16_mydesign_41', a pin on submodule 'CLA3' is connected to logic 1 or logic 0. (LINT-32)
   Pin 'Cin' is connected to logic 1. 
Warning: In design 'mul_16_mydesign_41', a pin on submodule 'CLA4' is connected to logic 1 or logic 0. (LINT-32)
   Pin 'Cin' is connected to logic 0. 
Warning: In design 'mul_16_mydesign_41', a pin on submodule 'CLA5' is connected to logic 1 or logic 0. (LINT-32)
   Pin 'Cin' is connected to logic 1. 
Warning: In design 'mul_16_mydesign_42', a pin on submodule 'CLA1' is connected to logic 1 or logic 0. (LINT-32)
   Pin 'Cin' is connected to logic 0. 
Warning: In design 'mul_16_mydesign_42', a pin on submodule 'CLA2' is connected to logic 1 or logic 0. (LINT-32)
   Pin 'Cin' is connected to logic 0. 
Warning: In design 'mul_16_mydesign_42', a pin on submodule 'CLA3' is connected to logic 1 or logic 0. (LINT-32)
   Pin 'Cin' is connected to logic 1. 
Warning: In design 'mul_16_mydesign_42', a pin on submodule 'CLA4' is connected to logic 1 or logic 0. (LINT-32)
   Pin 'Cin' is connected to logic 0. 
Warning: In design 'mul_16_mydesign_42', a pin on submodule 'CLA5' is connected to logic 1 or logic 0. (LINT-32)
   Pin 'Cin' is connected to logic 1. 
Warning: In design 'mul_16_mydesign_43', a pin on submodule 'CLA1' is connected to logic 1 or logic 0. (LINT-32)
   Pin 'Cin' is connected to logic 0. 
Warning: In design 'mul_16_mydesign_43', a pin on submodule 'CLA2' is connected to logic 1 or logic 0. (LINT-32)
   Pin 'Cin' is connected to logic 0. 
Warning: In design 'mul_16_mydesign_43', a pin on submodule 'CLA3' is connected to logic 1 or logic 0. (LINT-32)
   Pin 'Cin' is connected to logic 1. 
Warning: In design 'mul_16_mydesign_43', a pin on submodule 'CLA4' is connected to logic 1 or logic 0. (LINT-32)
   Pin 'Cin' is connected to logic 0. 
Warning: In design 'mul_16_mydesign_43', a pin on submodule 'CLA5' is connected to logic 1 or logic 0. (LINT-32)
   Pin 'Cin' is connected to logic 1. 
Warning: In design 'mul_16_mydesign_44', a pin on submodule 'CLA1' is connected to logic 1 or logic 0. (LINT-32)
   Pin 'Cin' is connected to logic 0. 
Warning: In design 'mul_16_mydesign_44', a pin on submodule 'CLA2' is connected to logic 1 or logic 0. (LINT-32)
   Pin 'Cin' is connected to logic 0. 
Warning: In design 'mul_16_mydesign_44', a pin on submodule 'CLA3' is connected to logic 1 or logic 0. (LINT-32)
   Pin 'Cin' is connected to logic 1. 
Warning: In design 'mul_16_mydesign_44', a pin on submodule 'CLA4' is connected to logic 1 or logic 0. (LINT-32)
   Pin 'Cin' is connected to logic 0. 
Warning: In design 'mul_16_mydesign_44', a pin on submodule 'CLA5' is connected to logic 1 or logic 0. (LINT-32)
   Pin 'Cin' is connected to logic 1. 
Warning: In design 'mul_16_mydesign_45', a pin on submodule 'CLA1' is connected to logic 1 or logic 0. (LINT-32)
   Pin 'Cin' is connected to logic 0. 
Warning: In design 'mul_16_mydesign_45', a pin on submodule 'CLA2' is connected to logic 1 or logic 0. (LINT-32)
   Pin 'Cin' is connected to logic 0. 
Warning: In design 'mul_16_mydesign_45', a pin on submodule 'CLA3' is connected to logic 1 or logic 0. (LINT-32)
   Pin 'Cin' is connected to logic 1. 
Warning: In design 'mul_16_mydesign_45', a pin on submodule 'CLA4' is connected to logic 1 or logic 0. (LINT-32)
   Pin 'Cin' is connected to logic 0. 
Warning: In design 'mul_16_mydesign_45', a pin on submodule 'CLA5' is connected to logic 1 or logic 0. (LINT-32)
   Pin 'Cin' is connected to logic 1. 
Warning: In design 'mul_16_mydesign_46', a pin on submodule 'CLA1' is connected to logic 1 or logic 0. (LINT-32)
   Pin 'Cin' is connected to logic 0. 
Warning: In design 'mul_16_mydesign_46', a pin on submodule 'CLA2' is connected to logic 1 or logic 0. (LINT-32)
   Pin 'Cin' is connected to logic 0. 
Warning: In design 'mul_16_mydesign_46', a pin on submodule 'CLA3' is connected to logic 1 or logic 0. (LINT-32)
   Pin 'Cin' is connected to logic 1. 
Warning: In design 'mul_16_mydesign_46', a pin on submodule 'CLA4' is connected to logic 1 or logic 0. (LINT-32)
   Pin 'Cin' is connected to logic 0. 
Warning: In design 'mul_16_mydesign_46', a pin on submodule 'CLA5' is connected to logic 1 or logic 0. (LINT-32)
   Pin 'Cin' is connected to logic 1. 
Warning: In design 'add_13_mydesign_0', a pin on submodule 'CLA8_zero' is connected to logic 1 or logic 0. (LINT-32)
   Pin 'Cin' is connected to logic 0. 
Warning: In design 'add_13_mydesign_0', a pin on submodule 'GEN_CLA8[1].CLA8_0' is connected to logic 1 or logic 0. (LINT-32)
   Pin 'Cin' is connected to logic 0. 
Warning: In design 'add_13_mydesign_0', a pin on submodule 'GEN_CLA8[1].CLA8_0' is connected to logic 1 or logic 0. (LINT-32)
   Pin 'A[7]' is connected to logic 0. 
Warning: In design 'add_13_mydesign_0', a pin on submodule 'GEN_CLA8[1].CLA8_0' is connected to logic 1 or logic 0. (LINT-32)
   Pin 'A[6]' is connected to logic 0. 
Warning: In design 'add_13_mydesign_0', a pin on submodule 'GEN_CLA8[1].CLA8_0' is connected to logic 1 or logic 0. (LINT-32)
   Pin 'A[5]' is connected to logic 0. 
Warning: In design 'add_13_mydesign_0', a pin on submodule 'GEN_CLA8[1].CLA8_0' is connected to logic 1 or logic 0. (LINT-32)
   Pin 'B[7]' is connected to logic 0. 
Warning: In design 'add_13_mydesign_0', a pin on submodule 'GEN_CLA8[1].CLA8_0' is connected to logic 1 or logic 0. (LINT-32)
   Pin 'B[6]' is connected to logic 0. 
Warning: In design 'add_13_mydesign_0', a pin on submodule 'GEN_CLA8[1].CLA8_0' is connected to logic 1 or logic 0. (LINT-32)
   Pin 'B[5]' is connected to logic 0. 
Warning: In design 'add_13_mydesign_0', a pin on submodule 'GEN_CLA8[1].CLA8_1' is connected to logic 1 or logic 0. (LINT-32)
   Pin 'Cin' is connected to logic 1. 
Warning: In design 'add_13_mydesign_0', a pin on submodule 'GEN_CLA8[1].CLA8_1' is connected to logic 1 or logic 0. (LINT-32)
   Pin 'A[7]' is connected to logic 0. 
Warning: In design 'add_13_mydesign_0', a pin on submodule 'GEN_CLA8[1].CLA8_1' is connected to logic 1 or logic 0. (LINT-32)
   Pin 'A[6]' is connected to logic 0. 
Warning: In design 'add_13_mydesign_0', a pin on submodule 'GEN_CLA8[1].CLA8_1' is connected to logic 1 or logic 0. (LINT-32)
   Pin 'A[5]' is connected to logic 0. 
Warning: In design 'add_13_mydesign_0', a pin on submodule 'GEN_CLA8[1].CLA8_1' is connected to logic 1 or logic 0. (LINT-32)
   Pin 'B[7]' is connected to logic 0. 
Warning: In design 'add_13_mydesign_0', a pin on submodule 'GEN_CLA8[1].CLA8_1' is connected to logic 1 or logic 0. (LINT-32)
   Pin 'B[6]' is connected to logic 0. 
Warning: In design 'add_13_mydesign_0', a pin on submodule 'GEN_CLA8[1].CLA8_1' is connected to logic 1 or logic 0. (LINT-32)
   Pin 'B[5]' is connected to logic 0. 
Warning: In design 'add_13_mydesign_1', a pin on submodule 'CLA8_zero' is connected to logic 1 or logic 0. (LINT-32)
   Pin 'Cin' is connected to logic 0. 
Warning: In design 'add_13_mydesign_1', a pin on submodule 'GEN_CLA8[1].CLA8_0' is connected to logic 1 or logic 0. (LINT-32)
   Pin 'Cin' is connected to logic 0. 
Warning: In design 'add_13_mydesign_1', a pin on submodule 'GEN_CLA8[1].CLA8_0' is connected to logic 1 or logic 0. (LINT-32)
   Pin 'A[7]' is connected to logic 0. 
Warning: In design 'add_13_mydesign_1', a pin on submodule 'GEN_CLA8[1].CLA8_0' is connected to logic 1 or logic 0. (LINT-32)
   Pin 'A[6]' is connected to logic 0. 
Warning: In design 'add_13_mydesign_1', a pin on submodule 'GEN_CLA8[1].CLA8_0' is connected to logic 1 or logic 0. (LINT-32)
   Pin 'A[5]' is connected to logic 0. 
Warning: In design 'add_13_mydesign_1', a pin on submodule 'GEN_CLA8[1].CLA8_0' is connected to logic 1 or logic 0. (LINT-32)
   Pin 'B[7]' is connected to logic 0. 
Warning: In design 'add_13_mydesign_1', a pin on submodule 'GEN_CLA8[1].CLA8_0' is connected to logic 1 or logic 0. (LINT-32)
   Pin 'B[6]' is connected to logic 0. 
Warning: In design 'add_13_mydesign_1', a pin on submodule 'GEN_CLA8[1].CLA8_0' is connected to logic 1 or logic 0. (LINT-32)
   Pin 'B[5]' is connected to logic 0. 
Warning: In design 'add_13_mydesign_1', a pin on submodule 'GEN_CLA8[1].CLA8_1' is connected to logic 1 or logic 0. (LINT-32)
   Pin 'Cin' is connected to logic 1. 
Warning: In design 'add_13_mydesign_1', a pin on submodule 'GEN_CLA8[1].CLA8_1' is connected to logic 1 or logic 0. (LINT-32)
   Pin 'A[7]' is connected to logic 0. 
Warning: In design 'add_13_mydesign_1', a pin on submodule 'GEN_CLA8[1].CLA8_1' is connected to logic 1 or logic 0. (LINT-32)
   Pin 'A[6]' is connected to logic 0. 
Warning: In design 'add_13_mydesign_1', a pin on submodule 'GEN_CLA8[1].CLA8_1' is connected to logic 1 or logic 0. (LINT-32)
   Pin 'A[5]' is connected to logic 0. 
Warning: In design 'add_13_mydesign_1', a pin on submodule 'GEN_CLA8[1].CLA8_1' is connected to logic 1 or logic 0. (LINT-32)
   Pin 'B[7]' is connected to logic 0. 
Warning: In design 'add_13_mydesign_1', a pin on submodule 'GEN_CLA8[1].CLA8_1' is connected to logic 1 or logic 0. (LINT-32)
   Pin 'B[6]' is connected to logic 0. 
Warning: In design 'add_13_mydesign_1', a pin on submodule 'GEN_CLA8[1].CLA8_1' is connected to logic 1 or logic 0. (LINT-32)
   Pin 'B[5]' is connected to logic 0. 
Warning: In design 'add_13_mydesign_2', a pin on submodule 'CLA8_zero' is connected to logic 1 or logic 0. (LINT-32)
   Pin 'Cin' is connected to logic 0. 
Warning: In design 'add_13_mydesign_2', a pin on submodule 'GEN_CLA8[1].CLA8_0' is connected to logic 1 or logic 0. (LINT-32)
   Pin 'Cin' is connected to logic 0. 
Warning: In design 'add_13_mydesign_2', a pin on submodule 'GEN_CLA8[1].CLA8_0' is connected to logic 1 or logic 0. (LINT-32)
   Pin 'A[7]' is connected to logic 0. 
Warning: In design 'add_13_mydesign_2', a pin on submodule 'GEN_CLA8[1].CLA8_0' is connected to logic 1 or logic 0. (LINT-32)
   Pin 'A[6]' is connected to logic 0. 
Warning: In design 'add_13_mydesign_2', a pin on submodule 'GEN_CLA8[1].CLA8_0' is connected to logic 1 or logic 0. (LINT-32)
   Pin 'A[5]' is connected to logic 0. 
Warning: In design 'add_13_mydesign_2', a pin on submodule 'GEN_CLA8[1].CLA8_0' is connected to logic 1 or logic 0. (LINT-32)
   Pin 'B[7]' is connected to logic 0. 
Warning: In design 'add_13_mydesign_2', a pin on submodule 'GEN_CLA8[1].CLA8_0' is connected to logic 1 or logic 0. (LINT-32)
   Pin 'B[6]' is connected to logic 0. 
Warning: In design 'add_13_mydesign_2', a pin on submodule 'GEN_CLA8[1].CLA8_0' is connected to logic 1 or logic 0. (LINT-32)
   Pin 'B[5]' is connected to logic 0. 
Warning: In design 'add_13_mydesign_2', a pin on submodule 'GEN_CLA8[1].CLA8_1' is connected to logic 1 or logic 0. (LINT-32)
   Pin 'Cin' is connected to logic 1. 
Warning: In design 'add_13_mydesign_2', a pin on submodule 'GEN_CLA8[1].CLA8_1' is connected to logic 1 or logic 0. (LINT-32)
   Pin 'A[7]' is connected to logic 0. 
Warning: In design 'add_13_mydesign_2', a pin on submodule 'GEN_CLA8[1].CLA8_1' is connected to logic 1 or logic 0. (LINT-32)
   Pin 'A[6]' is connected to logic 0. 
Warning: In design 'add_13_mydesign_2', a pin on submodule 'GEN_CLA8[1].CLA8_1' is connected to logic 1 or logic 0. (LINT-32)
   Pin 'A[5]' is connected to logic 0. 
Warning: In design 'add_13_mydesign_2', a pin on submodule 'GEN_CLA8[1].CLA8_1' is connected to logic 1 or logic 0. (LINT-32)
   Pin 'B[7]' is connected to logic 0. 
Warning: In design 'add_13_mydesign_2', a pin on submodule 'GEN_CLA8[1].CLA8_1' is connected to logic 1 or logic 0. (LINT-32)
   Pin 'B[6]' is connected to logic 0. 
Warning: In design 'add_13_mydesign_2', a pin on submodule 'GEN_CLA8[1].CLA8_1' is connected to logic 1 or logic 0. (LINT-32)
   Pin 'B[5]' is connected to logic 0. 
Warning: In design 'add_13_mydesign_3', a pin on submodule 'CLA8_zero' is connected to logic 1 or logic 0. (LINT-32)
   Pin 'Cin' is connected to logic 0. 
Warning: In design 'add_13_mydesign_3', a pin on submodule 'GEN_CLA8[1].CLA8_0' is connected to logic 1 or logic 0. (LINT-32)
   Pin 'Cin' is connected to logic 0. 
Warning: In design 'add_13_mydesign_3', a pin on submodule 'GEN_CLA8[1].CLA8_0' is connected to logic 1 or logic 0. (LINT-32)
   Pin 'A[7]' is connected to logic 0. 
Warning: In design 'add_13_mydesign_3', a pin on submodule 'GEN_CLA8[1].CLA8_0' is connected to logic 1 or logic 0. (LINT-32)
   Pin 'A[6]' is connected to logic 0. 
Warning: In design 'add_13_mydesign_3', a pin on submodule 'GEN_CLA8[1].CLA8_0' is connected to logic 1 or logic 0. (LINT-32)
   Pin 'A[5]' is connected to logic 0. 
Warning: In design 'add_13_mydesign_3', a pin on submodule 'GEN_CLA8[1].CLA8_0' is connected to logic 1 or logic 0. (LINT-32)
   Pin 'B[7]' is connected to logic 0. 
Warning: In design 'add_13_mydesign_3', a pin on submodule 'GEN_CLA8[1].CLA8_0' is connected to logic 1 or logic 0. (LINT-32)
   Pin 'B[6]' is connected to logic 0. 
Warning: In design 'add_13_mydesign_3', a pin on submodule 'GEN_CLA8[1].CLA8_0' is connected to logic 1 or logic 0. (LINT-32)
   Pin 'B[5]' is connected to logic 0. 
Warning: In design 'add_13_mydesign_3', a pin on submodule 'GEN_CLA8[1].CLA8_1' is connected to logic 1 or logic 0. (LINT-32)
   Pin 'Cin' is connected to logic 1. 
Warning: In design 'add_13_mydesign_3', a pin on submodule 'GEN_CLA8[1].CLA8_1' is connected to logic 1 or logic 0. (LINT-32)
   Pin 'A[7]' is connected to logic 0. 
Warning: In design 'add_13_mydesign_3', a pin on submodule 'GEN_CLA8[1].CLA8_1' is connected to logic 1 or logic 0. (LINT-32)
   Pin 'A[6]' is connected to logic 0. 
Warning: In design 'add_13_mydesign_3', a pin on submodule 'GEN_CLA8[1].CLA8_1' is connected to logic 1 or logic 0. (LINT-32)
   Pin 'A[5]' is connected to logic 0. 
Warning: In design 'add_13_mydesign_3', a pin on submodule 'GEN_CLA8[1].CLA8_1' is connected to logic 1 or logic 0. (LINT-32)
   Pin 'B[7]' is connected to logic 0. 
Warning: In design 'add_13_mydesign_3', a pin on submodule 'GEN_CLA8[1].CLA8_1' is connected to logic 1 or logic 0. (LINT-32)
   Pin 'B[6]' is connected to logic 0. 
Warning: In design 'add_13_mydesign_3', a pin on submodule 'GEN_CLA8[1].CLA8_1' is connected to logic 1 or logic 0. (LINT-32)
   Pin 'B[5]' is connected to logic 0. 
Warning: In design 'add_13_mydesign_4', a pin on submodule 'CLA8_zero' is connected to logic 1 or logic 0. (LINT-32)
   Pin 'Cin' is connected to logic 0. 
Warning: In design 'add_13_mydesign_4', a pin on submodule 'GEN_CLA8[1].CLA8_0' is connected to logic 1 or logic 0. (LINT-32)
   Pin 'Cin' is connected to logic 0. 
Warning: In design 'add_13_mydesign_4', a pin on submodule 'GEN_CLA8[1].CLA8_0' is connected to logic 1 or logic 0. (LINT-32)
   Pin 'A[7]' is connected to logic 0. 
Warning: In design 'add_13_mydesign_4', a pin on submodule 'GEN_CLA8[1].CLA8_0' is connected to logic 1 or logic 0. (LINT-32)
   Pin 'A[6]' is connected to logic 0. 
Warning: In design 'add_13_mydesign_4', a pin on submodule 'GEN_CLA8[1].CLA8_0' is connected to logic 1 or logic 0. (LINT-32)
   Pin 'A[5]' is connected to logic 0. 
Warning: In design 'add_13_mydesign_4', a pin on submodule 'GEN_CLA8[1].CLA8_0' is connected to logic 1 or logic 0. (LINT-32)
   Pin 'B[7]' is connected to logic 0. 
Warning: In design 'add_13_mydesign_4', a pin on submodule 'GEN_CLA8[1].CLA8_0' is connected to logic 1 or logic 0. (LINT-32)
   Pin 'B[6]' is connected to logic 0. 
Warning: In design 'add_13_mydesign_4', a pin on submodule 'GEN_CLA8[1].CLA8_0' is connected to logic 1 or logic 0. (LINT-32)
   Pin 'B[5]' is connected to logic 0. 
Warning: In design 'add_13_mydesign_4', a pin on submodule 'GEN_CLA8[1].CLA8_1' is connected to logic 1 or logic 0. (LINT-32)
   Pin 'Cin' is connected to logic 1. 
Warning: In design 'add_13_mydesign_4', a pin on submodule 'GEN_CLA8[1].CLA8_1' is connected to logic 1 or logic 0. (LINT-32)
   Pin 'A[7]' is connected to logic 0. 
Warning: In design 'add_13_mydesign_4', a pin on submodule 'GEN_CLA8[1].CLA8_1' is connected to logic 1 or logic 0. (LINT-32)
   Pin 'A[6]' is connected to logic 0. 
Warning: In design 'add_13_mydesign_4', a pin on submodule 'GEN_CLA8[1].CLA8_1' is connected to logic 1 or logic 0. (LINT-32)
   Pin 'A[5]' is connected to logic 0. 
Warning: In design 'add_13_mydesign_4', a pin on submodule 'GEN_CLA8[1].CLA8_1' is connected to logic 1 or logic 0. (LINT-32)
   Pin 'B[7]' is connected to logic 0. 
Warning: In design 'add_13_mydesign_4', a pin on submodule 'GEN_CLA8[1].CLA8_1' is connected to logic 1 or logic 0. (LINT-32)
   Pin 'B[6]' is connected to logic 0. 
Warning: In design 'add_13_mydesign_4', a pin on submodule 'GEN_CLA8[1].CLA8_1' is connected to logic 1 or logic 0. (LINT-32)
   Pin 'B[5]' is connected to logic 0. 
Warning: In design 'add_13_mydesign_5', a pin on submodule 'CLA8_zero' is connected to logic 1 or logic 0. (LINT-32)
   Pin 'Cin' is connected to logic 0. 
Warning: In design 'add_13_mydesign_5', a pin on submodule 'GEN_CLA8[1].CLA8_0' is connected to logic 1 or logic 0. (LINT-32)
   Pin 'Cin' is connected to logic 0. 
Warning: In design 'add_13_mydesign_5', a pin on submodule 'GEN_CLA8[1].CLA8_0' is connected to logic 1 or logic 0. (LINT-32)
   Pin 'A[7]' is connected to logic 0. 
Warning: In design 'add_13_mydesign_5', a pin on submodule 'GEN_CLA8[1].CLA8_0' is connected to logic 1 or logic 0. (LINT-32)
   Pin 'A[6]' is connected to logic 0. 
Warning: In design 'add_13_mydesign_5', a pin on submodule 'GEN_CLA8[1].CLA8_0' is connected to logic 1 or logic 0. (LINT-32)
   Pin 'A[5]' is connected to logic 0. 
Warning: In design 'add_13_mydesign_5', a pin on submodule 'GEN_CLA8[1].CLA8_0' is connected to logic 1 or logic 0. (LINT-32)
   Pin 'B[7]' is connected to logic 0. 
Warning: In design 'add_13_mydesign_5', a pin on submodule 'GEN_CLA8[1].CLA8_0' is connected to logic 1 or logic 0. (LINT-32)
   Pin 'B[6]' is connected to logic 0. 
Warning: In design 'add_13_mydesign_5', a pin on submodule 'GEN_CLA8[1].CLA8_0' is connected to logic 1 or logic 0. (LINT-32)
   Pin 'B[5]' is connected to logic 0. 
Warning: In design 'add_13_mydesign_5', a pin on submodule 'GEN_CLA8[1].CLA8_1' is connected to logic 1 or logic 0. (LINT-32)
   Pin 'Cin' is connected to logic 1. 
Warning: In design 'add_13_mydesign_5', a pin on submodule 'GEN_CLA8[1].CLA8_1' is connected to logic 1 or logic 0. (LINT-32)
   Pin 'A[7]' is connected to logic 0. 
Warning: In design 'add_13_mydesign_5', a pin on submodule 'GEN_CLA8[1].CLA8_1' is connected to logic 1 or logic 0. (LINT-32)
   Pin 'A[6]' is connected to logic 0. 
Warning: In design 'add_13_mydesign_5', a pin on submodule 'GEN_CLA8[1].CLA8_1' is connected to logic 1 or logic 0. (LINT-32)
   Pin 'A[5]' is connected to logic 0. 
Warning: In design 'add_13_mydesign_5', a pin on submodule 'GEN_CLA8[1].CLA8_1' is connected to logic 1 or logic 0. (LINT-32)
   Pin 'B[7]' is connected to logic 0. 
Warning: In design 'add_13_mydesign_5', a pin on submodule 'GEN_CLA8[1].CLA8_1' is connected to logic 1 or logic 0. (LINT-32)
   Pin 'B[6]' is connected to logic 0. 
Warning: In design 'add_13_mydesign_5', a pin on submodule 'GEN_CLA8[1].CLA8_1' is connected to logic 1 or logic 0. (LINT-32)
   Pin 'B[5]' is connected to logic 0. 
Warning: In design 'add_13_mydesign_6', a pin on submodule 'CLA8_zero' is connected to logic 1 or logic 0. (LINT-32)
   Pin 'Cin' is connected to logic 0. 
Warning: In design 'add_13_mydesign_6', a pin on submodule 'GEN_CLA8[1].CLA8_0' is connected to logic 1 or logic 0. (LINT-32)
   Pin 'Cin' is connected to logic 0. 
Warning: In design 'add_13_mydesign_6', a pin on submodule 'GEN_CLA8[1].CLA8_0' is connected to logic 1 or logic 0. (LINT-32)
   Pin 'A[7]' is connected to logic 0. 
Warning: In design 'add_13_mydesign_6', a pin on submodule 'GEN_CLA8[1].CLA8_0' is connected to logic 1 or logic 0. (LINT-32)
   Pin 'A[6]' is connected to logic 0. 
Warning: In design 'add_13_mydesign_6', a pin on submodule 'GEN_CLA8[1].CLA8_0' is connected to logic 1 or logic 0. (LINT-32)
   Pin 'A[5]' is connected to logic 0. 
Warning: In design 'add_13_mydesign_6', a pin on submodule 'GEN_CLA8[1].CLA8_0' is connected to logic 1 or logic 0. (LINT-32)
   Pin 'B[7]' is connected to logic 0. 
Warning: In design 'add_13_mydesign_6', a pin on submodule 'GEN_CLA8[1].CLA8_0' is connected to logic 1 or logic 0. (LINT-32)
   Pin 'B[6]' is connected to logic 0. 
Warning: In design 'add_13_mydesign_6', a pin on submodule 'GEN_CLA8[1].CLA8_0' is connected to logic 1 or logic 0. (LINT-32)
   Pin 'B[5]' is connected to logic 0. 
Warning: In design 'add_13_mydesign_6', a pin on submodule 'GEN_CLA8[1].CLA8_1' is connected to logic 1 or logic 0. (LINT-32)
   Pin 'Cin' is connected to logic 1. 
Warning: In design 'add_13_mydesign_6', a pin on submodule 'GEN_CLA8[1].CLA8_1' is connected to logic 1 or logic 0. (LINT-32)
   Pin 'A[7]' is connected to logic 0. 
Warning: In design 'add_13_mydesign_6', a pin on submodule 'GEN_CLA8[1].CLA8_1' is connected to logic 1 or logic 0. (LINT-32)
   Pin 'A[6]' is connected to logic 0. 
Warning: In design 'add_13_mydesign_6', a pin on submodule 'GEN_CLA8[1].CLA8_1' is connected to logic 1 or logic 0. (LINT-32)
   Pin 'A[5]' is connected to logic 0. 
Warning: In design 'add_13_mydesign_6', a pin on submodule 'GEN_CLA8[1].CLA8_1' is connected to logic 1 or logic 0. (LINT-32)
   Pin 'B[7]' is connected to logic 0. 
Warning: In design 'add_13_mydesign_6', a pin on submodule 'GEN_CLA8[1].CLA8_1' is connected to logic 1 or logic 0. (LINT-32)
   Pin 'B[6]' is connected to logic 0. 
Warning: In design 'add_13_mydesign_6', a pin on submodule 'GEN_CLA8[1].CLA8_1' is connected to logic 1 or logic 0. (LINT-32)
   Pin 'B[5]' is connected to logic 0. 
Warning: In design 'add_13_mydesign_7', a pin on submodule 'CLA8_zero' is connected to logic 1 or logic 0. (LINT-32)
   Pin 'Cin' is connected to logic 0. 
Warning: In design 'add_13_mydesign_7', a pin on submodule 'GEN_CLA8[1].CLA8_0' is connected to logic 1 or logic 0. (LINT-32)
   Pin 'Cin' is connected to logic 0. 
Warning: In design 'add_13_mydesign_7', a pin on submodule 'GEN_CLA8[1].CLA8_0' is connected to logic 1 or logic 0. (LINT-32)
   Pin 'A[7]' is connected to logic 0. 
Warning: In design 'add_13_mydesign_7', a pin on submodule 'GEN_CLA8[1].CLA8_0' is connected to logic 1 or logic 0. (LINT-32)
   Pin 'A[6]' is connected to logic 0. 
Warning: In design 'add_13_mydesign_7', a pin on submodule 'GEN_CLA8[1].CLA8_0' is connected to logic 1 or logic 0. (LINT-32)
   Pin 'A[5]' is connected to logic 0. 
Warning: In design 'add_13_mydesign_7', a pin on submodule 'GEN_CLA8[1].CLA8_0' is connected to logic 1 or logic 0. (LINT-32)
   Pin 'B[7]' is connected to logic 0. 
Warning: In design 'add_13_mydesign_7', a pin on submodule 'GEN_CLA8[1].CLA8_0' is connected to logic 1 or logic 0. (LINT-32)
   Pin 'B[6]' is connected to logic 0. 
Warning: In design 'add_13_mydesign_7', a pin on submodule 'GEN_CLA8[1].CLA8_0' is connected to logic 1 or logic 0. (LINT-32)
   Pin 'B[5]' is connected to logic 0. 
Warning: In design 'add_13_mydesign_7', a pin on submodule 'GEN_CLA8[1].CLA8_1' is connected to logic 1 or logic 0. (LINT-32)
   Pin 'Cin' is connected to logic 1. 
Warning: In design 'add_13_mydesign_7', a pin on submodule 'GEN_CLA8[1].CLA8_1' is connected to logic 1 or logic 0. (LINT-32)
   Pin 'A[7]' is connected to logic 0. 
Warning: In design 'add_13_mydesign_7', a pin on submodule 'GEN_CLA8[1].CLA8_1' is connected to logic 1 or logic 0. (LINT-32)
   Pin 'A[6]' is connected to logic 0. 
Warning: In design 'add_13_mydesign_7', a pin on submodule 'GEN_CLA8[1].CLA8_1' is connected to logic 1 or logic 0. (LINT-32)
   Pin 'A[5]' is connected to logic 0. 
Warning: In design 'add_13_mydesign_7', a pin on submodule 'GEN_CLA8[1].CLA8_1' is connected to logic 1 or logic 0. (LINT-32)
   Pin 'B[7]' is connected to logic 0. 
Warning: In design 'add_13_mydesign_7', a pin on submodule 'GEN_CLA8[1].CLA8_1' is connected to logic 1 or logic 0. (LINT-32)
   Pin 'B[6]' is connected to logic 0. 
Warning: In design 'add_13_mydesign_7', a pin on submodule 'GEN_CLA8[1].CLA8_1' is connected to logic 1 or logic 0. (LINT-32)
   Pin 'B[5]' is connected to logic 0. 
Warning: In design 'add_13_overflow_mydesign_0', a pin on submodule 'CLA8_zero' is connected to logic 1 or logic 0. (LINT-32)
   Pin 'Cin' is connected to logic 0. 
Warning: In design 'add_13_overflow_mydesign_0', a pin on submodule 'GEN_CLA8[1].CLA8_0' is connected to logic 1 or logic 0. (LINT-32)
   Pin 'Cin' is connected to logic 0. 
Warning: In design 'add_13_overflow_mydesign_0', a pin on submodule 'GEN_CLA8[1].CLA8_0' is connected to logic 1 or logic 0. (LINT-32)
   Pin 'A[7]' is connected to logic 0. 
Warning: In design 'add_13_overflow_mydesign_0', a pin on submodule 'GEN_CLA8[1].CLA8_0' is connected to logic 1 or logic 0. (LINT-32)
   Pin 'A[6]' is connected to logic 0. 
Warning: In design 'add_13_overflow_mydesign_0', a pin on submodule 'GEN_CLA8[1].CLA8_0' is connected to logic 1 or logic 0. (LINT-32)
   Pin 'A[5]' is connected to logic 0. 
Warning: In design 'add_13_overflow_mydesign_0', a pin on submodule 'GEN_CLA8[1].CLA8_0' is connected to logic 1 or logic 0. (LINT-32)
   Pin 'B[7]' is connected to logic 0. 
Warning: In design 'add_13_overflow_mydesign_0', a pin on submodule 'GEN_CLA8[1].CLA8_0' is connected to logic 1 or logic 0. (LINT-32)
   Pin 'B[6]' is connected to logic 0. 
Warning: In design 'add_13_overflow_mydesign_0', a pin on submodule 'GEN_CLA8[1].CLA8_0' is connected to logic 1 or logic 0. (LINT-32)
   Pin 'B[5]' is connected to logic 0. 
Warning: In design 'add_13_overflow_mydesign_0', a pin on submodule 'GEN_CLA8[1].CLA8_1' is connected to logic 1 or logic 0. (LINT-32)
   Pin 'Cin' is connected to logic 1. 
Warning: In design 'add_13_overflow_mydesign_0', a pin on submodule 'GEN_CLA8[1].CLA8_1' is connected to logic 1 or logic 0. (LINT-32)
   Pin 'A[7]' is connected to logic 0. 
Warning: In design 'add_13_overflow_mydesign_0', a pin on submodule 'GEN_CLA8[1].CLA8_1' is connected to logic 1 or logic 0. (LINT-32)
   Pin 'A[6]' is connected to logic 0. 
Warning: In design 'add_13_overflow_mydesign_0', a pin on submodule 'GEN_CLA8[1].CLA8_1' is connected to logic 1 or logic 0. (LINT-32)
   Pin 'A[5]' is connected to logic 0. 
Warning: In design 'add_13_overflow_mydesign_0', a pin on submodule 'GEN_CLA8[1].CLA8_1' is connected to logic 1 or logic 0. (LINT-32)
   Pin 'B[7]' is connected to logic 0. 
Warning: In design 'add_13_overflow_mydesign_0', a pin on submodule 'GEN_CLA8[1].CLA8_1' is connected to logic 1 or logic 0. (LINT-32)
   Pin 'B[6]' is connected to logic 0. 
Warning: In design 'add_13_overflow_mydesign_0', a pin on submodule 'GEN_CLA8[1].CLA8_1' is connected to logic 1 or logic 0. (LINT-32)
   Pin 'B[5]' is connected to logic 0. 
Warning: In design 'add_13_overflow_mydesign_1', a pin on submodule 'CLA8_zero' is connected to logic 1 or logic 0. (LINT-32)
   Pin 'Cin' is connected to logic 0. 
Warning: In design 'add_13_overflow_mydesign_1', a pin on submodule 'GEN_CLA8[1].CLA8_0' is connected to logic 1 or logic 0. (LINT-32)
   Pin 'Cin' is connected to logic 0. 
Warning: In design 'add_13_overflow_mydesign_1', a pin on submodule 'GEN_CLA8[1].CLA8_0' is connected to logic 1 or logic 0. (LINT-32)
   Pin 'A[7]' is connected to logic 0. 
Warning: In design 'add_13_overflow_mydesign_1', a pin on submodule 'GEN_CLA8[1].CLA8_0' is connected to logic 1 or logic 0. (LINT-32)
   Pin 'A[6]' is connected to logic 0. 
Warning: In design 'add_13_overflow_mydesign_1', a pin on submodule 'GEN_CLA8[1].CLA8_0' is connected to logic 1 or logic 0. (LINT-32)
   Pin 'A[5]' is connected to logic 0. 
Warning: In design 'add_13_overflow_mydesign_1', a pin on submodule 'GEN_CLA8[1].CLA8_0' is connected to logic 1 or logic 0. (LINT-32)
   Pin 'B[7]' is connected to logic 0. 
Warning: In design 'add_13_overflow_mydesign_1', a pin on submodule 'GEN_CLA8[1].CLA8_0' is connected to logic 1 or logic 0. (LINT-32)
   Pin 'B[6]' is connected to logic 0. 
Warning: In design 'add_13_overflow_mydesign_1', a pin on submodule 'GEN_CLA8[1].CLA8_0' is connected to logic 1 or logic 0. (LINT-32)
   Pin 'B[5]' is connected to logic 0. 
Warning: In design 'add_13_overflow_mydesign_1', a pin on submodule 'GEN_CLA8[1].CLA8_1' is connected to logic 1 or logic 0. (LINT-32)
   Pin 'Cin' is connected to logic 1. 
Warning: In design 'add_13_overflow_mydesign_1', a pin on submodule 'GEN_CLA8[1].CLA8_1' is connected to logic 1 or logic 0. (LINT-32)
   Pin 'A[7]' is connected to logic 0. 
Warning: In design 'add_13_overflow_mydesign_1', a pin on submodule 'GEN_CLA8[1].CLA8_1' is connected to logic 1 or logic 0. (LINT-32)
   Pin 'A[6]' is connected to logic 0. 
Warning: In design 'add_13_overflow_mydesign_1', a pin on submodule 'GEN_CLA8[1].CLA8_1' is connected to logic 1 or logic 0. (LINT-32)
   Pin 'A[5]' is connected to logic 0. 
Warning: In design 'add_13_overflow_mydesign_1', a pin on submodule 'GEN_CLA8[1].CLA8_1' is connected to logic 1 or logic 0. (LINT-32)
   Pin 'B[7]' is connected to logic 0. 
Warning: In design 'add_13_overflow_mydesign_1', a pin on submodule 'GEN_CLA8[1].CLA8_1' is connected to logic 1 or logic 0. (LINT-32)
   Pin 'B[6]' is connected to logic 0. 
Warning: In design 'add_13_overflow_mydesign_1', a pin on submodule 'GEN_CLA8[1].CLA8_1' is connected to logic 1 or logic 0. (LINT-32)
   Pin 'B[5]' is connected to logic 0. 
Warning: In design 'sub_13_mydesign_0', a pin on submodule 'CLA8_zero' is connected to logic 1 or logic 0. (LINT-32)
   Pin 'Cin' is connected to logic 1. 
Warning: In design 'sub_13_mydesign_0', a pin on submodule 'GEN_CLA8[1].CLA8_0' is connected to logic 1 or logic 0. (LINT-32)
   Pin 'Cin' is connected to logic 0. 
Warning: In design 'sub_13_mydesign_0', a pin on submodule 'GEN_CLA8[1].CLA8_0' is connected to logic 1 or logic 0. (LINT-32)
   Pin 'A[7]' is connected to logic 0. 
Warning: In design 'sub_13_mydesign_0', a pin on submodule 'GEN_CLA8[1].CLA8_0' is connected to logic 1 or logic 0. (LINT-32)
   Pin 'A[6]' is connected to logic 0. 
Warning: In design 'sub_13_mydesign_0', a pin on submodule 'GEN_CLA8[1].CLA8_0' is connected to logic 1 or logic 0. (LINT-32)
   Pin 'A[5]' is connected to logic 0. 
Warning: In design 'sub_13_mydesign_0', a pin on submodule 'GEN_CLA8[1].CLA8_0' is connected to logic 1 or logic 0. (LINT-32)
   Pin 'B[7]' is connected to logic 0. 
Warning: In design 'sub_13_mydesign_0', a pin on submodule 'GEN_CLA8[1].CLA8_0' is connected to logic 1 or logic 0. (LINT-32)
   Pin 'B[6]' is connected to logic 0. 
Warning: In design 'sub_13_mydesign_0', a pin on submodule 'GEN_CLA8[1].CLA8_0' is connected to logic 1 or logic 0. (LINT-32)
   Pin 'B[5]' is connected to logic 0. 
Warning: In design 'sub_13_mydesign_0', a pin on submodule 'GEN_CLA8[1].CLA8_1' is connected to logic 1 or logic 0. (LINT-32)
   Pin 'Cin' is connected to logic 1. 
Warning: In design 'sub_13_mydesign_0', a pin on submodule 'GEN_CLA8[1].CLA8_1' is connected to logic 1 or logic 0. (LINT-32)
   Pin 'A[7]' is connected to logic 0. 
Warning: In design 'sub_13_mydesign_0', a pin on submodule 'GEN_CLA8[1].CLA8_1' is connected to logic 1 or logic 0. (LINT-32)
   Pin 'A[6]' is connected to logic 0. 
Warning: In design 'sub_13_mydesign_0', a pin on submodule 'GEN_CLA8[1].CLA8_1' is connected to logic 1 or logic 0. (LINT-32)
   Pin 'A[5]' is connected to logic 0. 
Warning: In design 'sub_13_mydesign_0', a pin on submodule 'GEN_CLA8[1].CLA8_1' is connected to logic 1 or logic 0. (LINT-32)
   Pin 'B[7]' is connected to logic 0. 
Warning: In design 'sub_13_mydesign_0', a pin on submodule 'GEN_CLA8[1].CLA8_1' is connected to logic 1 or logic 0. (LINT-32)
   Pin 'B[6]' is connected to logic 0. 
Warning: In design 'sub_13_mydesign_0', a pin on submodule 'GEN_CLA8[1].CLA8_1' is connected to logic 1 or logic 0. (LINT-32)
   Pin 'B[5]' is connected to logic 0. 
Warning: In design 'sub_13_mydesign_1', a pin on submodule 'CLA8_zero' is connected to logic 1 or logic 0. (LINT-32)
   Pin 'Cin' is connected to logic 1. 
Warning: In design 'sub_13_mydesign_1', a pin on submodule 'GEN_CLA8[1].CLA8_0' is connected to logic 1 or logic 0. (LINT-32)
   Pin 'Cin' is connected to logic 0. 
Warning: In design 'sub_13_mydesign_1', a pin on submodule 'GEN_CLA8[1].CLA8_0' is connected to logic 1 or logic 0. (LINT-32)
   Pin 'A[7]' is connected to logic 0. 
Warning: In design 'sub_13_mydesign_1', a pin on submodule 'GEN_CLA8[1].CLA8_0' is connected to logic 1 or logic 0. (LINT-32)
   Pin 'A[6]' is connected to logic 0. 
Warning: In design 'sub_13_mydesign_1', a pin on submodule 'GEN_CLA8[1].CLA8_0' is connected to logic 1 or logic 0. (LINT-32)
   Pin 'A[5]' is connected to logic 0. 
Warning: In design 'sub_13_mydesign_1', a pin on submodule 'GEN_CLA8[1].CLA8_0' is connected to logic 1 or logic 0. (LINT-32)
   Pin 'B[7]' is connected to logic 0. 
Warning: In design 'sub_13_mydesign_1', a pin on submodule 'GEN_CLA8[1].CLA8_0' is connected to logic 1 or logic 0. (LINT-32)
   Pin 'B[6]' is connected to logic 0. 
Warning: In design 'sub_13_mydesign_1', a pin on submodule 'GEN_CLA8[1].CLA8_0' is connected to logic 1 or logic 0. (LINT-32)
   Pin 'B[5]' is connected to logic 0. 
Warning: In design 'sub_13_mydesign_1', a pin on submodule 'GEN_CLA8[1].CLA8_1' is connected to logic 1 or logic 0. (LINT-32)
   Pin 'Cin' is connected to logic 1. 
Warning: In design 'sub_13_mydesign_1', a pin on submodule 'GEN_CLA8[1].CLA8_1' is connected to logic 1 or logic 0. (LINT-32)
   Pin 'A[7]' is connected to logic 0. 
Warning: In design 'sub_13_mydesign_1', a pin on submodule 'GEN_CLA8[1].CLA8_1' is connected to logic 1 or logic 0. (LINT-32)
   Pin 'A[6]' is connected to logic 0. 
Warning: In design 'sub_13_mydesign_1', a pin on submodule 'GEN_CLA8[1].CLA8_1' is connected to logic 1 or logic 0. (LINT-32)
   Pin 'A[5]' is connected to logic 0. 
Warning: In design 'sub_13_mydesign_1', a pin on submodule 'GEN_CLA8[1].CLA8_1' is connected to logic 1 or logic 0. (LINT-32)
   Pin 'B[7]' is connected to logic 0. 
Warning: In design 'sub_13_mydesign_1', a pin on submodule 'GEN_CLA8[1].CLA8_1' is connected to logic 1 or logic 0. (LINT-32)
   Pin 'B[6]' is connected to logic 0. 
Warning: In design 'sub_13_mydesign_1', a pin on submodule 'GEN_CLA8[1].CLA8_1' is connected to logic 1 or logic 0. (LINT-32)
   Pin 'B[5]' is connected to logic 0. 
Warning: In design 'mul', the same net is connected to more than one pin on submodule 'mul16_array_a'. (LINT-33)
   Net '*Logic0*' is connected to pins 'in_A[63]', 'in_A[62]'', 'in_A[61]', 'in_A[60]', 'in_A[59]', 'in_A[58]', 'in_A[57]', 'in_A[56]', 'in_A[55]', 'in_A[54]', 'in_A[53]'.
Warning: In design 'mul', the same net is connected to more than one pin on submodule 'mul16_array_b'. (LINT-33)
   Net '*Logic0*' is connected to pins 'in_A[63]', 'in_A[62]'', 'in_A[61]', 'in_A[60]', 'in_A[59]', 'in_A[58]', 'in_A[57]', 'in_A[56]', 'in_A[55]', 'in_A[54]', 'in_A[53]', 'in_B[63]', 'in_B[62]', 'in_B[61]', 'in_B[60]', 'in_B[59]', 'in_B[58]', 'in_B[57]', 'in_B[56]', 'in_B[55]', 'in_B[54]', 'in_B[53]'.
Warning: In design 'mul', the same net is connected to more than one pin on submodule 'mul16_array_c'. (LINT-33)
   Net '*Logic0*' is connected to pins 'in_A[63]', 'in_A[62]'', 'in_A[61]', 'in_A[60]', 'in_A[59]', 'in_A[58]', 'in_A[57]', 'in_A[56]', 'in_A[55]', 'in_A[54]', 'in_A[53]', 'in_B[63]', 'in_B[62]', 'in_B[61]', 'in_B[60]', 'in_B[59]', 'in_B[58]', 'in_B[57]', 'in_B[56]', 'in_B[55]', 'in_B[54]', 'in_B[53]'.
Warning: In design 'mul', the same net is connected to more than one pin on submodule 'Wallace_tree_a'. (LINT-33)
   Net '*Logic0*' is connected to pins 'mode', 'in_A[130]'', 'in_A[129]', 'in_A[128]', 'in_A[127]', 'in_A[126]', 'in_A[125]', 'in_A[124]', 'in_A[123]', 'in_A[122]', 'in_A[121]', 'in_A[120]', 'in_A[119]', 'in_A[118]', 'in_A[117]', 'in_A[116]', 'in_A[115]', 'in_A[114]', 'in_A[113]', 'in_A[112]', 'in_A[111]', 'in_A[110]', 'in_A[109]', 'in_A[108]', 'in_A[107]', 'in_A[106]', 'in_A[105]', 'in_A[104]', 'in_A[103]', 'in_A[102]', 'in_A[101]', 'in_A[100]', 'in_A[99]', 'in_A[98]', 'in_A[97]', 'in_A[96]', 'in_A[95]', 'in_A[94]', 'in_A[93]', 'in_A[92]', 'in_A[91]', 'in_A[90]', 'in_A[89]', 'in_A[88]', 'in_A[87]', 'in_A[86]', 'in_A[85]', 'in_A[84]', 'in_A[83]', 'in_A[82]', 'in_A[81]', 'in_A[80]', 'in_A[79]', 'in_A[78]', 'in_A[77]', 'in_A[76]', 'in_A[75]', 'in_A[74]', 'in_A[73]', 'in_A[72]', 'in_A[71]', 'in_A[70]', 'in_A[69]', 'in_A[68]', 'in_A[67]', 'in_A[66]', 'in_A[65]', 'in_A[64]', 'in_A[63]', 'in_A[62]', 'in_A[61]', 'in_A[60]', 'in_A[59]', 'in_A[58]', 'in_A[57]', 'in_A[56]', 'in_A[55]', 'in_A[54]', 'in_A[53]', 'in_A[52]', 'in_A[51]', 'in_A[50]', 'in_A[49]', 'in_A[48]', 'in_A[47]', 'in_A[46]', 'in_A[45]', 'in_A[44]', 'in_A[43]', 'in_A[42]', 'in_A[41]', 'in_A[40]', 'in_A[39]', 'in_A[38]', 'in_A[37]', 'in_A[36]', 'in_A[35]', 'in_A[34]', 'in_A[33]', 'in_A[32]', 'in_A[31]', 'in_A[30]', 'in_A[29]', 'in_A[28]', 'in_A[27]', 'in_A[26]', 'in_A[25]', 'in_A[24]', 'in_A[23]', 'in_A[22]', 'in_A[21]', 'in_A[20]', 'in_A[19]', 'in_A[18]', 'in_A[17]', 'in_A[16]', 'in_A[15]', 'in_A[14]', 'in_A[13]', 'in_A[12]', 'in_A[11]', 'in_A[10]', 'in_A[9]', 'in_A[8]', 'in_A[7]', 'in_A[6]', 'in_A[5]', 'in_A[4]', 'in_A[3]', 'in_A[2]', 'in_A[1]', 'in_A[0]', 'in_B[130]', 'in_B[129]', 'in_B[128]', 'in_B[127]', 'in_B[126]', 'in_B[125]', 'in_B[124]', 'in_B[123]', 'in_B[122]', 'in_B[121]', 'in_B[120]', 'in_B[119]', 'in_B[118]', 'in_B[117]', 'in_B[116]', 'in_B[115]', 'in_B[114]', 'in_B[113]', 'in_B[112]', 'in_B[111]', 'in_B[110]', 'in_B[109]', 'in_B[108]', 'in_B[107]', 'in_B[106]', 'in_B[105]', 'in_B[104]', 'in_B[103]', 'in_B[102]', 'in_B[101]', 'in_B[100]', 'in_B[99]', 'in_B[98]', 'in_B[97]', 'in_B[96]', 'in_B[95]', 'in_B[94]', 'in_B[93]', 'in_B[92]', 'in_B[91]', 'in_B[90]', 'in_B[89]', 'in_B[88]', 'in_B[87]', 'in_B[86]', 'in_B[85]', 'in_B[84]', 'in_B[83]', 'in_B[82]', 'in_B[81]', 'in_B[80]', 'in_B[79]', 'in_B[78]', 'in_B[77]', 'in_B[76]', 'in_B[75]', 'in_B[74]', 'in_B[73]', 'in_B[72]', 'in_B[71]', 'in_B[70]', 'in_B[69]', 'in_B[68]', 'in_B[67]', 'in_B[66]', 'in_B[65]', 'in_B[64]', 'in_B[63]', 'in_B[62]', 'in_B[61]', 'in_B[60]', 'in_B[59]', 'in_B[58]', 'in_B[57]', 'in_B[56]', 'in_B[55]', 'in_B[54]', 'in_B[53]', 'in_B[52]', 'in_B[51]', 'in_B[50]', 'in_B[49]', 'in_B[48]', 'in_B[47]', 'in_B[46]', 'in_B[45]', 'in_B[44]', 'in_B[43]', 'in_B[42]', 'in_B[41]', 'in_B[40]', 'in_B[39]', 'in_B[38]', 'in_B[37]', 'in_B[36]', 'in_B[35]', 'in_B[34]', 'in_B[33]', 'in_B[32]', 'in_B[31]', 'in_B[30]', 'in_B[29]', 'in_B[28]', 'in_B[27]', 'in_B[26]', 'in_B[25]', 'in_B[24]', 'in_B[23]', 'in_B[22]', 'in_B[21]', 'in_B[20]', 'in_B[19]', 'in_B[18]', 'in_B[17]', 'in_B[16]', 'in_B[15]', 'in_B[14]', 'in_B[13]', 'in_B[12]', 'in_B[11]', 'in_B[10]', 'in_B[9]', 'in_B[8]', 'in_B[7]', 'in_B[6]', 'in_B[5]', 'in_B[4]', 'in_B[3]', 'in_B[2]', 'in_B[1]', 'in_B[0]'.
Warning: In design 'mul', the same net is connected to more than one pin on submodule 'Wallace_tree_b'. (LINT-33)
   Net '*Logic0*' is connected to pins 'mode', 'in_A[130]'', 'in_A[129]', 'in_A[128]', 'in_A[127]', 'in_A[126]', 'in_A[125]', 'in_A[124]', 'in_A[123]', 'in_A[122]', 'in_A[121]', 'in_A[120]', 'in_A[119]', 'in_A[118]', 'in_A[117]', 'in_A[116]', 'in_A[115]', 'in_A[114]', 'in_A[113]', 'in_A[112]', 'in_A[111]', 'in_A[110]', 'in_A[109]', 'in_A[108]', 'in_A[107]', 'in_A[106]', 'in_A[105]', 'in_A[104]', 'in_A[103]', 'in_A[102]', 'in_A[101]', 'in_A[100]', 'in_A[99]', 'in_A[98]', 'in_A[97]', 'in_A[96]', 'in_A[95]', 'in_A[94]', 'in_A[93]', 'in_A[92]', 'in_A[91]', 'in_A[90]', 'in_A[89]', 'in_A[88]', 'in_A[87]', 'in_A[86]', 'in_A[85]', 'in_A[84]', 'in_A[83]', 'in_A[82]', 'in_A[81]', 'in_A[80]', 'in_A[79]', 'in_A[78]', 'in_A[77]', 'in_A[76]', 'in_A[75]', 'in_A[74]', 'in_A[73]', 'in_A[72]', 'in_A[71]', 'in_A[70]', 'in_A[69]', 'in_A[68]', 'in_A[67]', 'in_A[66]', 'in_A[65]', 'in_A[64]', 'in_A[63]', 'in_A[62]', 'in_A[61]', 'in_A[60]', 'in_A[59]', 'in_A[58]', 'in_A[57]', 'in_A[56]', 'in_A[55]', 'in_A[54]', 'in_A[53]', 'in_A[52]', 'in_A[51]', 'in_A[50]', 'in_A[49]', 'in_A[48]', 'in_A[47]', 'in_A[46]', 'in_A[45]', 'in_A[44]', 'in_A[43]', 'in_A[42]', 'in_A[41]', 'in_A[40]', 'in_A[39]', 'in_A[38]', 'in_A[37]', 'in_A[36]', 'in_A[35]', 'in_A[34]', 'in_A[33]', 'in_A[32]', 'in_A[31]', 'in_A[30]', 'in_A[29]', 'in_A[28]', 'in_A[27]', 'in_A[26]', 'in_A[25]', 'in_A[24]', 'in_A[23]', 'in_A[22]', 'in_A[21]', 'in_A[20]', 'in_A[19]', 'in_A[18]', 'in_A[17]', 'in_A[16]', 'in_A[15]', 'in_A[14]', 'in_A[13]', 'in_A[12]', 'in_A[11]', 'in_A[10]', 'in_A[9]', 'in_A[8]', 'in_A[7]', 'in_A[6]', 'in_A[5]', 'in_A[4]', 'in_A[3]', 'in_A[2]', 'in_A[1]', 'in_A[0]', 'in_B[130]', 'in_B[129]', 'in_B[128]', 'in_B[127]', 'in_B[126]', 'in_B[125]', 'in_B[124]', 'in_B[123]', 'in_B[122]', 'in_B[121]', 'in_B[120]', 'in_B[119]', 'in_B[118]', 'in_B[117]', 'in_B[116]', 'in_B[115]', 'in_B[114]', 'in_B[113]', 'in_B[112]', 'in_B[111]', 'in_B[110]', 'in_B[109]', 'in_B[108]', 'in_B[107]', 'in_B[106]', 'in_B[105]', 'in_B[104]', 'in_B[103]', 'in_B[102]', 'in_B[101]', 'in_B[100]', 'in_B[99]', 'in_B[98]', 'in_B[97]', 'in_B[96]', 'in_B[95]', 'in_B[94]', 'in_B[93]', 'in_B[92]', 'in_B[91]', 'in_B[90]', 'in_B[89]', 'in_B[88]', 'in_B[87]', 'in_B[86]', 'in_B[85]', 'in_B[84]', 'in_B[83]', 'in_B[82]', 'in_B[81]', 'in_B[80]', 'in_B[79]', 'in_B[78]', 'in_B[77]', 'in_B[76]', 'in_B[75]', 'in_B[74]', 'in_B[73]', 'in_B[72]', 'in_B[71]', 'in_B[70]', 'in_B[69]', 'in_B[68]', 'in_B[67]', 'in_B[66]', 'in_B[65]', 'in_B[64]', 'in_B[63]', 'in_B[62]', 'in_B[61]', 'in_B[60]', 'in_B[59]', 'in_B[58]', 'in_B[57]', 'in_B[56]', 'in_B[55]', 'in_B[54]', 'in_B[53]', 'in_B[52]', 'in_B[51]', 'in_B[50]', 'in_B[49]', 'in_B[48]', 'in_B[47]', 'in_B[46]', 'in_B[45]', 'in_B[44]', 'in_B[43]', 'in_B[42]', 'in_B[41]', 'in_B[40]', 'in_B[39]', 'in_B[38]', 'in_B[37]', 'in_B[36]', 'in_B[35]', 'in_B[34]', 'in_B[33]', 'in_B[32]', 'in_B[31]', 'in_B[30]', 'in_B[29]', 'in_B[28]', 'in_B[27]', 'in_B[26]', 'in_B[25]', 'in_B[24]', 'in_B[23]', 'in_B[22]', 'in_B[21]', 'in_B[20]', 'in_B[19]', 'in_B[18]', 'in_B[17]', 'in_B[16]', 'in_B[15]', 'in_B[14]', 'in_B[13]', 'in_B[12]', 'in_B[11]', 'in_B[10]', 'in_B[9]', 'in_B[8]', 'in_B[7]', 'in_B[6]', 'in_B[5]', 'in_B[4]', 'in_B[3]', 'in_B[2]', 'in_B[1]', 'in_B[0]'.
Warning: In design 'mul', the same net is connected to more than one pin on submodule 'Wallace_tree_c'. (LINT-33)
   Net '*Logic0*' is connected to pins 'mode', 'in_A[130]'', 'in_A[129]', 'in_A[128]', 'in_A[127]', 'in_A[126]', 'in_A[125]', 'in_A[124]', 'in_A[123]', 'in_A[122]', 'in_A[121]', 'in_A[120]', 'in_A[119]', 'in_A[118]', 'in_A[117]', 'in_A[116]', 'in_A[115]', 'in_A[114]', 'in_A[113]', 'in_A[112]', 'in_A[111]', 'in_A[110]', 'in_A[109]', 'in_A[108]', 'in_A[107]', 'in_A[106]', 'in_A[105]', 'in_A[104]', 'in_A[103]', 'in_A[102]', 'in_A[101]', 'in_A[100]', 'in_A[99]', 'in_A[98]', 'in_A[97]', 'in_A[96]', 'in_A[95]', 'in_A[94]', 'in_A[93]', 'in_A[92]', 'in_A[91]', 'in_A[90]', 'in_A[89]', 'in_A[88]', 'in_A[87]', 'in_A[86]', 'in_A[85]', 'in_A[84]', 'in_A[83]', 'in_A[82]', 'in_A[81]', 'in_A[80]', 'in_A[79]', 'in_A[78]', 'in_A[77]', 'in_A[76]', 'in_A[75]', 'in_A[74]', 'in_A[73]', 'in_A[72]', 'in_A[71]', 'in_A[70]', 'in_A[69]', 'in_A[68]', 'in_A[67]', 'in_A[66]', 'in_A[65]', 'in_A[64]', 'in_A[63]', 'in_A[62]', 'in_A[61]', 'in_A[60]', 'in_A[59]', 'in_A[58]', 'in_A[57]', 'in_A[56]', 'in_A[55]', 'in_A[54]', 'in_A[53]', 'in_A[52]', 'in_A[51]', 'in_A[50]', 'in_A[49]', 'in_A[48]', 'in_A[47]', 'in_A[46]', 'in_A[45]', 'in_A[44]', 'in_A[43]', 'in_A[42]', 'in_A[41]', 'in_A[40]', 'in_A[39]', 'in_A[38]', 'in_A[37]', 'in_A[36]', 'in_A[35]', 'in_A[34]', 'in_A[33]', 'in_A[32]', 'in_A[31]', 'in_A[30]', 'in_A[29]', 'in_A[28]', 'in_A[27]', 'in_A[26]', 'in_A[25]', 'in_A[24]', 'in_A[23]', 'in_A[22]', 'in_A[21]', 'in_A[20]', 'in_A[19]', 'in_A[18]', 'in_A[17]', 'in_A[16]', 'in_A[15]', 'in_A[14]', 'in_A[13]', 'in_A[12]', 'in_A[11]', 'in_A[10]', 'in_A[9]', 'in_A[8]', 'in_A[7]', 'in_A[6]', 'in_A[5]', 'in_A[4]', 'in_A[3]', 'in_A[2]', 'in_A[1]', 'in_A[0]', 'in_B[130]', 'in_B[129]', 'in_B[128]', 'in_B[127]', 'in_B[126]', 'in_B[125]', 'in_B[124]', 'in_B[123]', 'in_B[122]', 'in_B[121]', 'in_B[120]', 'in_B[119]', 'in_B[118]', 'in_B[117]', 'in_B[116]', 'in_B[115]', 'in_B[114]', 'in_B[113]', 'in_B[112]', 'in_B[111]', 'in_B[110]', 'in_B[109]', 'in_B[108]', 'in_B[107]', 'in_B[106]', 'in_B[105]', 'in_B[104]', 'in_B[103]', 'in_B[102]', 'in_B[101]', 'in_B[100]', 'in_B[99]', 'in_B[98]', 'in_B[97]', 'in_B[96]', 'in_B[95]', 'in_B[94]', 'in_B[93]', 'in_B[92]', 'in_B[91]', 'in_B[90]', 'in_B[89]', 'in_B[88]', 'in_B[87]', 'in_B[86]', 'in_B[85]', 'in_B[84]', 'in_B[83]', 'in_B[82]', 'in_B[81]', 'in_B[80]', 'in_B[79]', 'in_B[78]', 'in_B[77]', 'in_B[76]', 'in_B[75]', 'in_B[74]', 'in_B[73]', 'in_B[72]', 'in_B[71]', 'in_B[70]', 'in_B[69]', 'in_B[68]', 'in_B[67]', 'in_B[66]', 'in_B[65]', 'in_B[64]', 'in_B[63]', 'in_B[62]', 'in_B[61]', 'in_B[60]', 'in_B[59]', 'in_B[58]', 'in_B[57]', 'in_B[56]', 'in_B[55]', 'in_B[54]', 'in_B[53]', 'in_B[52]', 'in_B[51]', 'in_B[50]', 'in_B[49]', 'in_B[48]', 'in_B[47]', 'in_B[46]', 'in_B[45]', 'in_B[44]', 'in_B[43]', 'in_B[42]', 'in_B[41]', 'in_B[40]', 'in_B[39]', 'in_B[38]', 'in_B[37]', 'in_B[36]', 'in_B[35]', 'in_B[34]', 'in_B[33]', 'in_B[32]', 'in_B[31]', 'in_B[30]', 'in_B[29]', 'in_B[28]', 'in_B[27]', 'in_B[26]', 'in_B[25]', 'in_B[24]', 'in_B[23]', 'in_B[22]', 'in_B[21]', 'in_B[20]', 'in_B[19]', 'in_B[18]', 'in_B[17]', 'in_B[16]', 'in_B[15]', 'in_B[14]', 'in_B[13]', 'in_B[12]', 'in_B[11]', 'in_B[10]', 'in_B[9]', 'in_B[8]', 'in_B[7]', 'in_B[6]', 'in_B[5]', 'in_B[4]', 'in_B[3]', 'in_B[2]', 'in_B[1]', 'in_B[0]'.
Warning: In design 'mul', the same net is connected to more than one pin on submodule 'CLA33_1'. (LINT-33)
   Net '*Logic0*' is connected to pins 'Cin', 'A[32]'', 'B[32]'.
Warning: In design 'mul', the same net is connected to more than one pin on submodule 'CLA33_2'. (LINT-33)
   Net '*Logic0*' is connected to pins 'Cin', 'A[32]'', 'B[32]'.
Warning: In design 'mul', the same net is connected to more than one pin on submodule 'CLA33_3'. (LINT-33)
   Net '*Logic0*' is connected to pins 'Cin', 'A[32]'', 'B[32]'.
Warning: In design 'mul', the same net is connected to more than one pin on submodule 'CLA33_4'. (LINT-33)
   Net '*Logic0*' is connected to pins 'Cin', 'A[32]'', 'B[32]'.
Warning: In design 'mul', the same net is connected to more than one pin on submodule 'CLA33_5'. (LINT-33)
   Net '*Logic0*' is connected to pins 'Cin', 'A[32]'', 'B[32]'.
Warning: In design 'mul', the same net is connected to more than one pin on submodule 'CLA33_6'. (LINT-33)
   Net '*Logic0*' is connected to pins 'Cin', 'A[32]'', 'B[32]'.
Warning: In design 'mul', the same net is connected to more than one pin on submodule 'CLA33_7'. (LINT-33)
   Net '*Logic0*' is connected to pins 'Cin', 'A[32]'', 'B[32]'.
Warning: In design 'mul', the same net is connected to more than one pin on submodule 'CLA33_8'. (LINT-33)
   Net '*Logic0*' is connected to pins 'Cin', 'A[32]'', 'B[32]'.
Warning: In design 'mul', the same net is connected to more than one pin on submodule 'CLA17_1'. (LINT-33)
   Net '*Logic0*' is connected to pins 'Cin', 'A[16]'', 'B[13]', 'B[12]'.
Warning: In design 'mul', the same net is connected to more than one pin on submodule 'CLA17_1'. (LINT-33)
   Net '*Logic1*' is connected to pins 'B[16]', 'B[15]'', 'B[14]', 'B[11]', 'B[10]', 'B[9]', 'B[8]', 'B[7]', 'B[6]', 'B[5]', 'B[4]', 'B[3]', 'B[2]', 'B[1]', 'B[0]'.
Warning: In design 'mul', the same net is connected to more than one pin on submodule 'CLA17_2'. (LINT-33)
   Net '*Logic0*' is connected to pins 'Cin', 'A[16]'', 'B[13]', 'B[12]'.
Warning: In design 'mul', the same net is connected to more than one pin on submodule 'CLA17_2'. (LINT-33)
   Net '*Logic1*' is connected to pins 'B[16]', 'B[15]'', 'B[14]', 'B[11]', 'B[10]', 'B[9]', 'B[8]', 'B[7]', 'B[6]', 'B[5]', 'B[4]', 'B[3]', 'B[2]', 'B[1]', 'B[0]'.
Warning: In design 'mul', the same net is connected to more than one pin on submodule 'CLA17_3'. (LINT-33)
   Net '*Logic0*' is connected to pins 'Cin', 'A[16]'', 'B[13]', 'B[12]'.
Warning: In design 'mul', the same net is connected to more than one pin on submodule 'CLA17_3'. (LINT-33)
   Net '*Logic1*' is connected to pins 'B[16]', 'B[15]'', 'B[14]', 'B[11]', 'B[10]', 'B[9]', 'B[8]', 'B[7]', 'B[6]', 'B[5]', 'B[4]', 'B[3]', 'B[2]', 'B[1]', 'B[0]'.
Warning: In design 'mul', the same net is connected to more than one pin on submodule 'CLA17_4'. (LINT-33)
   Net '*Logic0*' is connected to pins 'Cin', 'A[16]'', 'B[13]', 'B[12]'.
Warning: In design 'mul', the same net is connected to more than one pin on submodule 'CLA17_4'. (LINT-33)
   Net '*Logic1*' is connected to pins 'B[16]', 'B[15]'', 'B[14]', 'B[11]', 'B[10]', 'B[9]', 'B[8]', 'B[7]', 'B[6]', 'B[5]', 'B[4]', 'B[3]', 'B[2]', 'B[1]', 'B[0]'.
Warning: In design 'mul', the same net is connected to more than one pin on submodule 'CLA17_5'. (LINT-33)
   Net '*Logic0*' is connected to pins 'Cin', 'A[16]'', 'B[13]', 'B[12]'.
Warning: In design 'mul', the same net is connected to more than one pin on submodule 'CLA17_5'. (LINT-33)
   Net '*Logic1*' is connected to pins 'B[16]', 'B[15]'', 'B[14]', 'B[11]', 'B[10]', 'B[9]', 'B[8]', 'B[7]', 'B[6]', 'B[5]', 'B[4]', 'B[3]', 'B[2]', 'B[1]', 'B[0]'.
Warning: In design 'mul', the same net is connected to more than one pin on submodule 'CLA17_6'. (LINT-33)
   Net '*Logic0*' is connected to pins 'Cin', 'A[16]'', 'B[13]', 'B[12]'.
Warning: In design 'mul', the same net is connected to more than one pin on submodule 'CLA17_6'. (LINT-33)
   Net '*Logic1*' is connected to pins 'B[16]', 'B[15]'', 'B[14]', 'B[11]', 'B[10]', 'B[9]', 'B[8]', 'B[7]', 'B[6]', 'B[5]', 'B[4]', 'B[3]', 'B[2]', 'B[1]', 'B[0]'.
Warning: In design 'mul', the same net is connected to more than one pin on submodule 'CLA17_7'. (LINT-33)
   Net '*Logic0*' is connected to pins 'Cin', 'A[16]'', 'B[13]', 'B[12]'.
Warning: In design 'mul', the same net is connected to more than one pin on submodule 'CLA17_7'. (LINT-33)
   Net '*Logic1*' is connected to pins 'B[16]', 'B[15]'', 'B[14]', 'B[11]', 'B[10]', 'B[9]', 'B[8]', 'B[7]', 'B[6]', 'B[5]', 'B[4]', 'B[3]', 'B[2]', 'B[1]', 'B[0]'.
Warning: In design 'mul', the same net is connected to more than one pin on submodule 'CLA17_8'. (LINT-33)
   Net '*Logic0*' is connected to pins 'Cin', 'A[16]'', 'B[13]', 'B[12]'.
Warning: In design 'mul', the same net is connected to more than one pin on submodule 'CLA17_8'. (LINT-33)
   Net '*Logic1*' is connected to pins 'B[16]', 'B[15]'', 'B[14]', 'B[11]', 'B[10]', 'B[9]', 'B[8]', 'B[7]', 'B[6]', 'B[5]', 'B[4]', 'B[3]', 'B[2]', 'B[1]', 'B[0]'.
Warning: In design 'fp_add_mydesign_4', the same net is connected to more than one pin on submodule 'sub_12_00'. (LINT-33)
   Net '*Logic0*' is connected to pins 'in_A[11]', 'in_B[11]''.
Warning: In design 'fp_add_mydesign_4', the same net is connected to more than one pin on submodule 'sub_12_01'. (LINT-33)
   Net '*Logic0*' is connected to pins 'in_A[11]', 'in_B[11]''.
Warning: In design 'fp_add_mydesign_4', the same net is connected to more than one pin on submodule 'add_58_00'. (LINT-33)
   Net '*Logic0*' is connected to pins 'in_B[57]', 'in_B[56]''.
Warning: In design 'fp_add_mydesign_4', the same net is connected to more than one pin on submodule 'sub_58_00'. (LINT-33)
   Net '*Logic0*' is connected to pins 'in_A[57]', 'in_A[56]'', 'in_B[57]', 'in_B[56]'.
Warning: In design 'fp_add_mydesign_4', the same net is connected to more than one pin on submodule 'add_11_00'. (LINT-33)
   Net '*Logic0*' is connected to pins 'in_B[10]', 'in_B[9]'', 'in_B[8]', 'in_B[7]', 'in_B[6]', 'in_B[5]', 'in_B[4]', 'in_B[3]', 'in_B[2]', 'in_B[1]'.
Warning: In design 'fp_add_mydesign_4', the same net is connected to more than one pin on submodule 'add_11_01'. (LINT-33)
   Net '*Logic0*' is connected to pins 'in_B[10]', 'in_B[9]'', 'in_B[8]', 'in_B[7]', 'in_B[6]', 'in_B[5]', 'in_B[4]', 'in_B[3]', 'in_B[2]', 'in_B[0]'.
Warning: In design 'fp_add_mydesign_4', the same net is connected to more than one pin on submodule 'add_53_02'. (LINT-33)
   Net '*Logic0*' is connected to pins 'in_B[52]', 'in_B[51]'', 'in_B[50]', 'in_B[49]', 'in_B[48]', 'in_B[47]', 'in_B[46]', 'in_B[45]', 'in_B[44]', 'in_B[43]', 'in_B[42]', 'in_B[41]', 'in_B[40]', 'in_B[39]', 'in_B[38]', 'in_B[37]', 'in_B[36]', 'in_B[35]', 'in_B[34]', 'in_B[33]', 'in_B[32]', 'in_B[31]', 'in_B[30]', 'in_B[29]', 'in_B[28]', 'in_B[27]', 'in_B[26]', 'in_B[25]', 'in_B[24]', 'in_B[23]', 'in_B[22]', 'in_B[21]', 'in_B[20]', 'in_B[19]', 'in_B[18]', 'in_B[17]', 'in_B[16]', 'in_B[15]', 'in_B[14]', 'in_B[13]', 'in_B[12]', 'in_B[11]', 'in_B[10]', 'in_B[9]', 'in_B[8]', 'in_B[7]', 'in_B[6]', 'in_B[5]', 'in_B[4]', 'in_B[3]', 'in_B[2]', 'in_B[1]'.
Warning: In design 'fp_add_mydesign_4', the same net is connected to more than one pin on submodule 'LOD_02'. (LINT-33)
   Net '*Logic0*' is connected to pins 'A[10]', 'A[9]'', 'A[8]', 'A[7]', 'A[6]', 'A[5]', 'A[4]', 'A[3]', 'A[2]', 'A[1]', 'A[0]'.
Warning: In design 'wallace_131_mydesign_2', the same net is connected to more than one pin on submodule 'GEN_CLA8[15].CLA_one'. (LINT-33)
   Net '*Logic0*' is connected to pins 'A[7]', 'B[7]''.
Warning: In design 'wallace_131_mydesign_2', the same net is connected to more than one pin on submodule 'GEN_CLA8[15].CLA_zero'. (LINT-33)
   Net '*Logic0*' is connected to pins 'Cin', 'A[7]'', 'B[7]'.
Warning: In design 'fmul_exp_mydesign_2', the same net is connected to more than one pin on submodule 'add_13_0'. (LINT-33)
   Net '*Logic0*' is connected to pins 'in_A[12]', 'in_B[9]'', 'in_B[8]', 'in_B[7]', 'in_B[6]', 'in_B[5]', 'in_B[4]', 'in_B[3]', 'in_B[2]', 'in_B[1]'.
Warning: In design 'fmul_exp_mydesign_2', the same net is connected to more than one pin on submodule 'add_13_0'. (LINT-33)
   Net '*Logic1*' is connected to pins 'in_B[12]', 'in_B[11]'', 'in_B[10]', 'in_B[0]'.
Warning: In design 'fmul_rounder_mydesign_2', the same net is connected to more than one pin on submodule 'add_13_00'. (LINT-33)
   Net '*Logic0*' is connected to pins 'in_B[12]', 'in_B[11]'', 'in_B[10]', 'in_B[9]', 'in_B[8]', 'in_B[7]', 'in_B[6]', 'in_B[5]', 'in_B[4]', 'in_B[3]', 'in_B[2]', 'in_B[1]'.
Warning: In design 'fmul_rounder_mydesign_2', the same net is connected to more than one pin on submodule 'add_53_00'. (LINT-33)
   Net '*Logic0*' is connected to pins 'in_B[52]', 'in_B[51]'', 'in_B[50]', 'in_B[49]', 'in_B[48]', 'in_B[47]', 'in_B[46]', 'in_B[45]', 'in_B[44]', 'in_B[43]', 'in_B[42]', 'in_B[41]', 'in_B[40]', 'in_B[39]', 'in_B[38]', 'in_B[37]', 'in_B[36]', 'in_B[35]', 'in_B[34]', 'in_B[33]', 'in_B[32]', 'in_B[31]', 'in_B[30]', 'in_B[29]', 'in_B[28]', 'in_B[27]', 'in_B[26]', 'in_B[25]', 'in_B[24]', 'in_B[23]', 'in_B[22]', 'in_B[21]', 'in_B[20]', 'in_B[19]', 'in_B[18]', 'in_B[17]', 'in_B[16]', 'in_B[15]', 'in_B[14]', 'in_B[13]', 'in_B[12]', 'in_B[11]', 'in_B[10]', 'in_B[9]', 'in_B[8]', 'in_B[7]', 'in_B[6]', 'in_B[5]', 'in_B[4]', 'in_B[3]', 'in_B[2]', 'in_B[1]'.
Warning: In design 'fmul_rounder_mydesign_2', the same net is connected to more than one pin on submodule 'add_13_01'. (LINT-33)
   Net '*Logic0*' is connected to pins 'in_B[12]', 'in_B[11]'', 'in_B[10]', 'in_B[9]', 'in_B[8]', 'in_B[7]', 'in_B[6]', 'in_B[5]', 'in_B[4]', 'in_B[3]', 'in_B[2]', 'in_B[1]'.
Warning: In design 'fmul_rounder_mydesign_2', the same net is connected to more than one pin on submodule 'add_13_02'. (LINT-33)
   Net '*Logic0*' is connected to pins 'in_B[12]', 'in_B[11]'', 'in_B[10]', 'in_B[9]', 'in_B[8]', 'in_B[7]', 'in_B[6]', 'in_B[5]', 'in_B[4]', 'in_B[3]', 'in_B[2]', 'in_B[1]'.
Warning: In design 'fmul_rounder_mydesign_2', the same net is connected to more than one pin on submodule 'LOD_00'. (LINT-33)
   Net '*Logic1*' is connected to pins 'A[10]', 'A[9]'', 'A[8]', 'A[7]', 'A[6]', 'A[5]', 'A[4]', 'A[3]', 'A[2]', 'A[1]', 'A[0]'.
Warning: In design 'fmul_rounder_mydesign_2', the same net is connected to more than one pin on submodule 'sub_13_00'. (LINT-33)
   Net '*Logic0*' is connected to pins 'in_A[12]', 'in_B[12]''.
Warning: In design 'sub_12_mydesign_9', the same net is connected to more than one pin on submodule 'GEN_CLA8[1].CLA8_0'. (LINT-33)
   Net '*Logic0*' is connected to pins 'Cin', 'A[7]'', 'A[6]', 'A[5]', 'A[4]', 'B[7]', 'B[6]', 'B[5]', 'B[4]'.
Warning: In design 'sub_12_mydesign_9', the same net is connected to more than one pin on submodule 'GEN_CLA8[1].CLA8_1'. (LINT-33)
   Net '*Logic0*' is connected to pins 'A[7]', 'A[6]'', 'A[5]', 'A[4]', 'B[7]', 'B[6]', 'B[5]', 'B[4]'.
Warning: In design 'add_58_mydesign_4', the same net is connected to more than one pin on submodule 'GEN_CLA8[7].CLA8_0'. (LINT-33)
   Net '*Logic0*' is connected to pins 'Cin', 'A[7]'', 'A[6]', 'A[5]', 'A[4]', 'A[3]', 'A[2]', 'B[7]', 'B[6]', 'B[5]', 'B[4]', 'B[3]', 'B[2]'.
Warning: In design 'add_58_mydesign_4', the same net is connected to more than one pin on submodule 'GEN_CLA8[7].CLA8_1'. (LINT-33)
   Net '*Logic0*' is connected to pins 'A[7]', 'A[6]'', 'A[5]', 'A[4]', 'A[3]', 'A[2]', 'B[7]', 'B[6]', 'B[5]', 'B[4]', 'B[3]', 'B[2]'.
Warning: In design 'sub_58_mydesign_4', the same net is connected to more than one pin on submodule 'GEN_CLA8[7].CLA8_0'. (LINT-33)
   Net '*Logic0*' is connected to pins 'Cin', 'A[7]'', 'A[6]', 'A[5]', 'A[4]', 'A[3]', 'A[2]', 'B[7]', 'B[6]', 'B[5]', 'B[4]', 'B[3]', 'B[2]'.
Warning: In design 'sub_58_mydesign_4', the same net is connected to more than one pin on submodule 'GEN_CLA8[7].CLA8_1'. (LINT-33)
   Net '*Logic0*' is connected to pins 'A[7]', 'A[6]'', 'A[5]', 'A[4]', 'A[3]', 'A[2]', 'B[7]', 'B[6]', 'B[5]', 'B[4]', 'B[3]', 'B[2]'.
Warning: In design 'add_11_overflow_mydesign_12', the same net is connected to more than one pin on submodule 'GEN_CLA8[1].CLA8_0'. (LINT-33)
   Net '*Logic0*' is connected to pins 'Cin', 'A[7]'', 'A[6]', 'A[5]', 'A[4]', 'A[3]', 'B[7]', 'B[6]', 'B[5]', 'B[4]', 'B[3]'.
Warning: In design 'add_11_overflow_mydesign_12', the same net is connected to more than one pin on submodule 'GEN_CLA8[1].CLA8_1'. (LINT-33)
   Net '*Logic0*' is connected to pins 'A[7]', 'A[6]'', 'A[5]', 'A[4]', 'A[3]', 'B[7]', 'B[6]', 'B[5]', 'B[4]', 'B[3]'.
Warning: In design 'add_53_overflow_mydesign_7', the same net is connected to more than one pin on submodule 'GEN_CLA8[6].CLA8_0'. (LINT-33)
   Net '*Logic0*' is connected to pins 'Cin', 'A[7]'', 'A[6]', 'A[5]', 'B[7]', 'B[6]', 'B[5]'.
Warning: In design 'add_53_overflow_mydesign_7', the same net is connected to more than one pin on submodule 'GEN_CLA8[6].CLA8_1'. (LINT-33)
   Net '*Logic0*' is connected to pins 'A[7]', 'A[6]'', 'A[5]', 'B[7]', 'B[6]', 'B[5]'.
Warning: In design 'add_13_mydesign_8', the same net is connected to more than one pin on submodule 'GEN_CLA8[1].CLA8_0'. (LINT-33)
   Net '*Logic0*' is connected to pins 'Cin', 'A[7]'', 'A[6]', 'A[5]', 'B[7]', 'B[6]', 'B[5]'.
Warning: In design 'add_13_mydesign_8', the same net is connected to more than one pin on submodule 'GEN_CLA8[1].CLA8_1'. (LINT-33)
   Net '*Logic0*' is connected to pins 'A[7]', 'A[6]'', 'A[5]', 'B[7]', 'B[6]', 'B[5]'.
Warning: In design 'add_13_overflow_mydesign_2', the same net is connected to more than one pin on submodule 'GEN_CLA8[1].CLA8_0'. (LINT-33)
   Net '*Logic0*' is connected to pins 'Cin', 'A[7]'', 'A[6]', 'A[5]', 'B[7]', 'B[6]', 'B[5]'.
Warning: In design 'add_13_overflow_mydesign_2', the same net is connected to more than one pin on submodule 'GEN_CLA8[1].CLA8_1'. (LINT-33)
   Net '*Logic0*' is connected to pins 'A[7]', 'A[6]'', 'A[5]', 'B[7]', 'B[6]', 'B[5]'.
Warning: In design 'sub_13_mydesign_2', the same net is connected to more than one pin on submodule 'GEN_CLA8[1].CLA8_0'. (LINT-33)
   Net '*Logic0*' is connected to pins 'Cin', 'A[7]'', 'A[6]', 'A[5]', 'B[7]', 'B[6]', 'B[5]'.
Warning: In design 'sub_13_mydesign_2', the same net is connected to more than one pin on submodule 'GEN_CLA8[1].CLA8_1'. (LINT-33)
   Net '*Logic0*' is connected to pins 'A[7]', 'A[6]'', 'A[5]', 'B[7]', 'B[6]', 'B[5]'.
Warning: In design 'fp_add_mydesign_0', the same net is connected to more than one pin on submodule 'sub_12_00'. (LINT-33)
   Net '*Logic0*' is connected to pins 'in_A[11]', 'in_B[11]''.
Warning: In design 'fp_add_mydesign_0', the same net is connected to more than one pin on submodule 'sub_12_01'. (LINT-33)
   Net '*Logic0*' is connected to pins 'in_A[11]', 'in_B[11]''.
Warning: In design 'fp_add_mydesign_0', the same net is connected to more than one pin on submodule 'add_58_00'. (LINT-33)
   Net '*Logic0*' is connected to pins 'in_B[57]', 'in_B[56]''.
Warning: In design 'fp_add_mydesign_0', the same net is connected to more than one pin on submodule 'sub_58_00'. (LINT-33)
   Net '*Logic0*' is connected to pins 'in_A[57]', 'in_A[56]'', 'in_B[57]', 'in_B[56]'.
Warning: In design 'fp_add_mydesign_0', the same net is connected to more than one pin on submodule 'add_11_00'. (LINT-33)
   Net '*Logic0*' is connected to pins 'in_B[10]', 'in_B[9]'', 'in_B[8]', 'in_B[7]', 'in_B[6]', 'in_B[5]', 'in_B[4]', 'in_B[3]', 'in_B[2]', 'in_B[1]'.
Warning: In design 'fp_add_mydesign_0', the same net is connected to more than one pin on submodule 'add_11_01'. (LINT-33)
   Net '*Logic0*' is connected to pins 'in_B[10]', 'in_B[9]'', 'in_B[8]', 'in_B[7]', 'in_B[6]', 'in_B[5]', 'in_B[4]', 'in_B[3]', 'in_B[2]', 'in_B[0]'.
Warning: In design 'fp_add_mydesign_0', the same net is connected to more than one pin on submodule 'add_53_02'. (LINT-33)
   Net '*Logic0*' is connected to pins 'in_B[52]', 'in_B[51]'', 'in_B[50]', 'in_B[49]', 'in_B[48]', 'in_B[47]', 'in_B[46]', 'in_B[45]', 'in_B[44]', 'in_B[43]', 'in_B[42]', 'in_B[41]', 'in_B[40]', 'in_B[39]', 'in_B[38]', 'in_B[37]', 'in_B[36]', 'in_B[35]', 'in_B[34]', 'in_B[33]', 'in_B[32]', 'in_B[31]', 'in_B[30]', 'in_B[29]', 'in_B[28]', 'in_B[27]', 'in_B[26]', 'in_B[25]', 'in_B[24]', 'in_B[23]', 'in_B[22]', 'in_B[21]', 'in_B[20]', 'in_B[19]', 'in_B[18]', 'in_B[17]', 'in_B[16]', 'in_B[15]', 'in_B[14]', 'in_B[13]', 'in_B[12]', 'in_B[11]', 'in_B[10]', 'in_B[9]', 'in_B[8]', 'in_B[7]', 'in_B[6]', 'in_B[5]', 'in_B[4]', 'in_B[3]', 'in_B[2]', 'in_B[1]'.
Warning: In design 'fp_add_mydesign_0', the same net is connected to more than one pin on submodule 'LOD_02'. (LINT-33)
   Net '*Logic0*' is connected to pins 'A[10]', 'A[9]'', 'A[8]', 'A[7]', 'A[6]', 'A[5]', 'A[4]', 'A[3]', 'A[2]', 'A[1]', 'A[0]'.
Warning: In design 'fp_add_mydesign_1', the same net is connected to more than one pin on submodule 'sub_12_00'. (LINT-33)
   Net '*Logic0*' is connected to pins 'in_A[11]', 'in_B[11]''.
Warning: In design 'fp_add_mydesign_1', the same net is connected to more than one pin on submodule 'sub_12_01'. (LINT-33)
   Net '*Logic0*' is connected to pins 'in_A[11]', 'in_B[11]''.
Warning: In design 'fp_add_mydesign_1', the same net is connected to more than one pin on submodule 'add_58_00'. (LINT-33)
   Net '*Logic0*' is connected to pins 'in_B[57]', 'in_B[56]''.
Warning: In design 'fp_add_mydesign_1', the same net is connected to more than one pin on submodule 'sub_58_00'. (LINT-33)
   Net '*Logic0*' is connected to pins 'in_A[57]', 'in_A[56]'', 'in_B[57]', 'in_B[56]'.
Warning: In design 'fp_add_mydesign_1', the same net is connected to more than one pin on submodule 'add_11_00'. (LINT-33)
   Net '*Logic0*' is connected to pins 'in_B[10]', 'in_B[9]'', 'in_B[8]', 'in_B[7]', 'in_B[6]', 'in_B[5]', 'in_B[4]', 'in_B[3]', 'in_B[2]', 'in_B[1]'.
Warning: In design 'fp_add_mydesign_1', the same net is connected to more than one pin on submodule 'add_11_01'. (LINT-33)
   Net '*Logic0*' is connected to pins 'in_B[10]', 'in_B[9]'', 'in_B[8]', 'in_B[7]', 'in_B[6]', 'in_B[5]', 'in_B[4]', 'in_B[3]', 'in_B[2]', 'in_B[0]'.
Warning: In design 'fp_add_mydesign_1', the same net is connected to more than one pin on submodule 'add_53_02'. (LINT-33)
   Net '*Logic0*' is connected to pins 'in_B[52]', 'in_B[51]'', 'in_B[50]', 'in_B[49]', 'in_B[48]', 'in_B[47]', 'in_B[46]', 'in_B[45]', 'in_B[44]', 'in_B[43]', 'in_B[42]', 'in_B[41]', 'in_B[40]', 'in_B[39]', 'in_B[38]', 'in_B[37]', 'in_B[36]', 'in_B[35]', 'in_B[34]', 'in_B[33]', 'in_B[32]', 'in_B[31]', 'in_B[30]', 'in_B[29]', 'in_B[28]', 'in_B[27]', 'in_B[26]', 'in_B[25]', 'in_B[24]', 'in_B[23]', 'in_B[22]', 'in_B[21]', 'in_B[20]', 'in_B[19]', 'in_B[18]', 'in_B[17]', 'in_B[16]', 'in_B[15]', 'in_B[14]', 'in_B[13]', 'in_B[12]', 'in_B[11]', 'in_B[10]', 'in_B[9]', 'in_B[8]', 'in_B[7]', 'in_B[6]', 'in_B[5]', 'in_B[4]', 'in_B[3]', 'in_B[2]', 'in_B[1]'.
Warning: In design 'fp_add_mydesign_1', the same net is connected to more than one pin on submodule 'LOD_02'. (LINT-33)
   Net '*Logic0*' is connected to pins 'A[10]', 'A[9]'', 'A[8]', 'A[7]', 'A[6]', 'A[5]', 'A[4]', 'A[3]', 'A[2]', 'A[1]', 'A[0]'.
Warning: In design 'fp_add_mydesign_2', the same net is connected to more than one pin on submodule 'sub_12_00'. (LINT-33)
   Net '*Logic0*' is connected to pins 'in_A[11]', 'in_B[11]''.
Warning: In design 'fp_add_mydesign_2', the same net is connected to more than one pin on submodule 'sub_12_01'. (LINT-33)
   Net '*Logic0*' is connected to pins 'in_A[11]', 'in_B[11]''.
Warning: In design 'fp_add_mydesign_2', the same net is connected to more than one pin on submodule 'add_58_00'. (LINT-33)
   Net '*Logic0*' is connected to pins 'in_B[57]', 'in_B[56]''.
Warning: In design 'fp_add_mydesign_2', the same net is connected to more than one pin on submodule 'sub_58_00'. (LINT-33)
   Net '*Logic0*' is connected to pins 'in_A[57]', 'in_A[56]'', 'in_B[57]', 'in_B[56]'.
Warning: In design 'fp_add_mydesign_2', the same net is connected to more than one pin on submodule 'add_11_00'. (LINT-33)
   Net '*Logic0*' is connected to pins 'in_B[10]', 'in_B[9]'', 'in_B[8]', 'in_B[7]', 'in_B[6]', 'in_B[5]', 'in_B[4]', 'in_B[3]', 'in_B[2]', 'in_B[1]'.
Warning: In design 'fp_add_mydesign_2', the same net is connected to more than one pin on submodule 'add_11_01'. (LINT-33)
   Net '*Logic0*' is connected to pins 'in_B[10]', 'in_B[9]'', 'in_B[8]', 'in_B[7]', 'in_B[6]', 'in_B[5]', 'in_B[4]', 'in_B[3]', 'in_B[2]', 'in_B[0]'.
Warning: In design 'fp_add_mydesign_2', the same net is connected to more than one pin on submodule 'add_53_02'. (LINT-33)
   Net '*Logic0*' is connected to pins 'in_B[52]', 'in_B[51]'', 'in_B[50]', 'in_B[49]', 'in_B[48]', 'in_B[47]', 'in_B[46]', 'in_B[45]', 'in_B[44]', 'in_B[43]', 'in_B[42]', 'in_B[41]', 'in_B[40]', 'in_B[39]', 'in_B[38]', 'in_B[37]', 'in_B[36]', 'in_B[35]', 'in_B[34]', 'in_B[33]', 'in_B[32]', 'in_B[31]', 'in_B[30]', 'in_B[29]', 'in_B[28]', 'in_B[27]', 'in_B[26]', 'in_B[25]', 'in_B[24]', 'in_B[23]', 'in_B[22]', 'in_B[21]', 'in_B[20]', 'in_B[19]', 'in_B[18]', 'in_B[17]', 'in_B[16]', 'in_B[15]', 'in_B[14]', 'in_B[13]', 'in_B[12]', 'in_B[11]', 'in_B[10]', 'in_B[9]', 'in_B[8]', 'in_B[7]', 'in_B[6]', 'in_B[5]', 'in_B[4]', 'in_B[3]', 'in_B[2]', 'in_B[1]'.
Warning: In design 'fp_add_mydesign_2', the same net is connected to more than one pin on submodule 'LOD_02'. (LINT-33)
   Net '*Logic0*' is connected to pins 'A[10]', 'A[9]'', 'A[8]', 'A[7]', 'A[6]', 'A[5]', 'A[4]', 'A[3]', 'A[2]', 'A[1]', 'A[0]'.
Warning: In design 'fp_add_mydesign_3', the same net is connected to more than one pin on submodule 'sub_12_00'. (LINT-33)
   Net '*Logic0*' is connected to pins 'in_A[11]', 'in_B[11]''.
Warning: In design 'fp_add_mydesign_3', the same net is connected to more than one pin on submodule 'sub_12_01'. (LINT-33)
   Net '*Logic0*' is connected to pins 'in_A[11]', 'in_B[11]''.
Warning: In design 'fp_add_mydesign_3', the same net is connected to more than one pin on submodule 'add_58_00'. (LINT-33)
   Net '*Logic0*' is connected to pins 'in_B[57]', 'in_B[56]''.
Warning: In design 'fp_add_mydesign_3', the same net is connected to more than one pin on submodule 'sub_58_00'. (LINT-33)
   Net '*Logic0*' is connected to pins 'in_A[57]', 'in_A[56]'', 'in_B[57]', 'in_B[56]'.
Warning: In design 'fp_add_mydesign_3', the same net is connected to more than one pin on submodule 'add_11_00'. (LINT-33)
   Net '*Logic0*' is connected to pins 'in_B[10]', 'in_B[9]'', 'in_B[8]', 'in_B[7]', 'in_B[6]', 'in_B[5]', 'in_B[4]', 'in_B[3]', 'in_B[2]', 'in_B[1]'.
Warning: In design 'fp_add_mydesign_3', the same net is connected to more than one pin on submodule 'add_11_01'. (LINT-33)
   Net '*Logic0*' is connected to pins 'in_B[10]', 'in_B[9]'', 'in_B[8]', 'in_B[7]', 'in_B[6]', 'in_B[5]', 'in_B[4]', 'in_B[3]', 'in_B[2]', 'in_B[0]'.
Warning: In design 'fp_add_mydesign_3', the same net is connected to more than one pin on submodule 'add_53_02'. (LINT-33)
   Net '*Logic0*' is connected to pins 'in_B[52]', 'in_B[51]'', 'in_B[50]', 'in_B[49]', 'in_B[48]', 'in_B[47]', 'in_B[46]', 'in_B[45]', 'in_B[44]', 'in_B[43]', 'in_B[42]', 'in_B[41]', 'in_B[40]', 'in_B[39]', 'in_B[38]', 'in_B[37]', 'in_B[36]', 'in_B[35]', 'in_B[34]', 'in_B[33]', 'in_B[32]', 'in_B[31]', 'in_B[30]', 'in_B[29]', 'in_B[28]', 'in_B[27]', 'in_B[26]', 'in_B[25]', 'in_B[24]', 'in_B[23]', 'in_B[22]', 'in_B[21]', 'in_B[20]', 'in_B[19]', 'in_B[18]', 'in_B[17]', 'in_B[16]', 'in_B[15]', 'in_B[14]', 'in_B[13]', 'in_B[12]', 'in_B[11]', 'in_B[10]', 'in_B[9]', 'in_B[8]', 'in_B[7]', 'in_B[6]', 'in_B[5]', 'in_B[4]', 'in_B[3]', 'in_B[2]', 'in_B[1]'.
Warning: In design 'fp_add_mydesign_3', the same net is connected to more than one pin on submodule 'LOD_02'. (LINT-33)
   Net '*Logic0*' is connected to pins 'A[10]', 'A[9]'', 'A[8]', 'A[7]', 'A[6]', 'A[5]', 'A[4]', 'A[3]', 'A[2]', 'A[1]', 'A[0]'.
Warning: In design 'wallace_131_mydesign_0', the same net is connected to more than one pin on submodule 'GEN_CLA8[15].CLA_one'. (LINT-33)
   Net '*Logic0*' is connected to pins 'A[7]', 'B[7]''.
Warning: In design 'wallace_131_mydesign_0', the same net is connected to more than one pin on submodule 'GEN_CLA8[15].CLA_zero'. (LINT-33)
   Net '*Logic0*' is connected to pins 'Cin', 'A[7]'', 'B[7]'.
Warning: In design 'wallace_131_mydesign_1', the same net is connected to more than one pin on submodule 'GEN_CLA8[15].CLA_one'. (LINT-33)
   Net '*Logic0*' is connected to pins 'A[7]', 'B[7]''.
Warning: In design 'wallace_131_mydesign_1', the same net is connected to more than one pin on submodule 'GEN_CLA8[15].CLA_zero'. (LINT-33)
   Net '*Logic0*' is connected to pins 'Cin', 'A[7]'', 'B[7]'.
Warning: In design 'fmul_exp_mydesign_0', the same net is connected to more than one pin on submodule 'add_13_0'. (LINT-33)
   Net '*Logic0*' is connected to pins 'in_A[12]', 'in_B[9]'', 'in_B[8]', 'in_B[7]', 'in_B[6]', 'in_B[5]', 'in_B[4]', 'in_B[3]', 'in_B[2]', 'in_B[1]'.
Warning: In design 'fmul_exp_mydesign_0', the same net is connected to more than one pin on submodule 'add_13_0'. (LINT-33)
   Net '*Logic1*' is connected to pins 'in_B[12]', 'in_B[11]'', 'in_B[10]', 'in_B[0]'.
Warning: In design 'fmul_exp_mydesign_1', the same net is connected to more than one pin on submodule 'add_13_0'. (LINT-33)
   Net '*Logic0*' is connected to pins 'in_A[12]', 'in_B[9]'', 'in_B[8]', 'in_B[7]', 'in_B[6]', 'in_B[5]', 'in_B[4]', 'in_B[3]', 'in_B[2]', 'in_B[1]'.
Warning: In design 'fmul_exp_mydesign_1', the same net is connected to more than one pin on submodule 'add_13_0'. (LINT-33)
   Net '*Logic1*' is connected to pins 'in_B[12]', 'in_B[11]'', 'in_B[10]', 'in_B[0]'.
Warning: In design 'fmul_rounder_mydesign_0', the same net is connected to more than one pin on submodule 'add_13_00'. (LINT-33)
   Net '*Logic0*' is connected to pins 'in_B[12]', 'in_B[11]'', 'in_B[10]', 'in_B[9]', 'in_B[8]', 'in_B[7]', 'in_B[6]', 'in_B[5]', 'in_B[4]', 'in_B[3]', 'in_B[2]', 'in_B[1]'.
Warning: In design 'fmul_rounder_mydesign_0', the same net is connected to more than one pin on submodule 'add_53_00'. (LINT-33)
   Net '*Logic0*' is connected to pins 'in_B[52]', 'in_B[51]'', 'in_B[50]', 'in_B[49]', 'in_B[48]', 'in_B[47]', 'in_B[46]', 'in_B[45]', 'in_B[44]', 'in_B[43]', 'in_B[42]', 'in_B[41]', 'in_B[40]', 'in_B[39]', 'in_B[38]', 'in_B[37]', 'in_B[36]', 'in_B[35]', 'in_B[34]', 'in_B[33]', 'in_B[32]', 'in_B[31]', 'in_B[30]', 'in_B[29]', 'in_B[28]', 'in_B[27]', 'in_B[26]', 'in_B[25]', 'in_B[24]', 'in_B[23]', 'in_B[22]', 'in_B[21]', 'in_B[20]', 'in_B[19]', 'in_B[18]', 'in_B[17]', 'in_B[16]', 'in_B[15]', 'in_B[14]', 'in_B[13]', 'in_B[12]', 'in_B[11]', 'in_B[10]', 'in_B[9]', 'in_B[8]', 'in_B[7]', 'in_B[6]', 'in_B[5]', 'in_B[4]', 'in_B[3]', 'in_B[2]', 'in_B[1]'.
Warning: In design 'fmul_rounder_mydesign_0', the same net is connected to more than one pin on submodule 'add_13_01'. (LINT-33)
   Net '*Logic0*' is connected to pins 'in_B[12]', 'in_B[11]'', 'in_B[10]', 'in_B[9]', 'in_B[8]', 'in_B[7]', 'in_B[6]', 'in_B[5]', 'in_B[4]', 'in_B[3]', 'in_B[2]', 'in_B[1]'.
Warning: In design 'fmul_rounder_mydesign_0', the same net is connected to more than one pin on submodule 'add_13_02'. (LINT-33)
   Net '*Logic0*' is connected to pins 'in_B[12]', 'in_B[11]'', 'in_B[10]', 'in_B[9]', 'in_B[8]', 'in_B[7]', 'in_B[6]', 'in_B[5]', 'in_B[4]', 'in_B[3]', 'in_B[2]', 'in_B[1]'.
Warning: In design 'fmul_rounder_mydesign_0', the same net is connected to more than one pin on submodule 'LOD_00'. (LINT-33)
   Net '*Logic1*' is connected to pins 'A[10]', 'A[9]'', 'A[8]', 'A[7]', 'A[6]', 'A[5]', 'A[4]', 'A[3]', 'A[2]', 'A[1]', 'A[0]'.
Warning: In design 'fmul_rounder_mydesign_0', the same net is connected to more than one pin on submodule 'sub_13_00'. (LINT-33)
   Net '*Logic0*' is connected to pins 'in_A[12]', 'in_B[12]''.
Warning: In design 'fmul_rounder_mydesign_1', the same net is connected to more than one pin on submodule 'add_13_00'. (LINT-33)
   Net '*Logic0*' is connected to pins 'in_B[12]', 'in_B[11]'', 'in_B[10]', 'in_B[9]', 'in_B[8]', 'in_B[7]', 'in_B[6]', 'in_B[5]', 'in_B[4]', 'in_B[3]', 'in_B[2]', 'in_B[1]'.
Warning: In design 'fmul_rounder_mydesign_1', the same net is connected to more than one pin on submodule 'add_53_00'. (LINT-33)
   Net '*Logic0*' is connected to pins 'in_B[52]', 'in_B[51]'', 'in_B[50]', 'in_B[49]', 'in_B[48]', 'in_B[47]', 'in_B[46]', 'in_B[45]', 'in_B[44]', 'in_B[43]', 'in_B[42]', 'in_B[41]', 'in_B[40]', 'in_B[39]', 'in_B[38]', 'in_B[37]', 'in_B[36]', 'in_B[35]', 'in_B[34]', 'in_B[33]', 'in_B[32]', 'in_B[31]', 'in_B[30]', 'in_B[29]', 'in_B[28]', 'in_B[27]', 'in_B[26]', 'in_B[25]', 'in_B[24]', 'in_B[23]', 'in_B[22]', 'in_B[21]', 'in_B[20]', 'in_B[19]', 'in_B[18]', 'in_B[17]', 'in_B[16]', 'in_B[15]', 'in_B[14]', 'in_B[13]', 'in_B[12]', 'in_B[11]', 'in_B[10]', 'in_B[9]', 'in_B[8]', 'in_B[7]', 'in_B[6]', 'in_B[5]', 'in_B[4]', 'in_B[3]', 'in_B[2]', 'in_B[1]'.
Warning: In design 'fmul_rounder_mydesign_1', the same net is connected to more than one pin on submodule 'add_13_01'. (LINT-33)
   Net '*Logic0*' is connected to pins 'in_B[12]', 'in_B[11]'', 'in_B[10]', 'in_B[9]', 'in_B[8]', 'in_B[7]', 'in_B[6]', 'in_B[5]', 'in_B[4]', 'in_B[3]', 'in_B[2]', 'in_B[1]'.
Warning: In design 'fmul_rounder_mydesign_1', the same net is connected to more than one pin on submodule 'add_13_02'. (LINT-33)
   Net '*Logic0*' is connected to pins 'in_B[12]', 'in_B[11]'', 'in_B[10]', 'in_B[9]', 'in_B[8]', 'in_B[7]', 'in_B[6]', 'in_B[5]', 'in_B[4]', 'in_B[3]', 'in_B[2]', 'in_B[1]'.
Warning: In design 'fmul_rounder_mydesign_1', the same net is connected to more than one pin on submodule 'LOD_00'. (LINT-33)
   Net '*Logic1*' is connected to pins 'A[10]', 'A[9]'', 'A[8]', 'A[7]', 'A[6]', 'A[5]', 'A[4]', 'A[3]', 'A[2]', 'A[1]', 'A[0]'.
Warning: In design 'fmul_rounder_mydesign_1', the same net is connected to more than one pin on submodule 'sub_13_00'. (LINT-33)
   Net '*Logic0*' is connected to pins 'in_A[12]', 'in_B[12]''.
Warning: In design 'sub_12_mydesign_0', the same net is connected to more than one pin on submodule 'GEN_CLA8[1].CLA8_0'. (LINT-33)
   Net '*Logic0*' is connected to pins 'Cin', 'A[7]'', 'A[6]', 'A[5]', 'A[4]', 'B[7]', 'B[6]', 'B[5]', 'B[4]'.
Warning: In design 'sub_12_mydesign_0', the same net is connected to more than one pin on submodule 'GEN_CLA8[1].CLA8_1'. (LINT-33)
   Net '*Logic0*' is connected to pins 'A[7]', 'A[6]'', 'A[5]', 'A[4]', 'B[7]', 'B[6]', 'B[5]', 'B[4]'.
Warning: In design 'sub_12_mydesign_1', the same net is connected to more than one pin on submodule 'GEN_CLA8[1].CLA8_0'. (LINT-33)
   Net '*Logic0*' is connected to pins 'Cin', 'A[7]'', 'A[6]', 'A[5]', 'A[4]', 'B[7]', 'B[6]', 'B[5]', 'B[4]'.
Warning: In design 'sub_12_mydesign_1', the same net is connected to more than one pin on submodule 'GEN_CLA8[1].CLA8_1'. (LINT-33)
   Net '*Logic0*' is connected to pins 'A[7]', 'A[6]'', 'A[5]', 'A[4]', 'B[7]', 'B[6]', 'B[5]', 'B[4]'.
Warning: In design 'sub_12_mydesign_2', the same net is connected to more than one pin on submodule 'GEN_CLA8[1].CLA8_0'. (LINT-33)
   Net '*Logic0*' is connected to pins 'Cin', 'A[7]'', 'A[6]', 'A[5]', 'A[4]', 'B[7]', 'B[6]', 'B[5]', 'B[4]'.
Warning: In design 'sub_12_mydesign_2', the same net is connected to more than one pin on submodule 'GEN_CLA8[1].CLA8_1'. (LINT-33)
   Net '*Logic0*' is connected to pins 'A[7]', 'A[6]'', 'A[5]', 'A[4]', 'B[7]', 'B[6]', 'B[5]', 'B[4]'.
Warning: In design 'sub_12_mydesign_3', the same net is connected to more than one pin on submodule 'GEN_CLA8[1].CLA8_0'. (LINT-33)
   Net '*Logic0*' is connected to pins 'Cin', 'A[7]'', 'A[6]', 'A[5]', 'A[4]', 'B[7]', 'B[6]', 'B[5]', 'B[4]'.
Warning: In design 'sub_12_mydesign_3', the same net is connected to more than one pin on submodule 'GEN_CLA8[1].CLA8_1'. (LINT-33)
   Net '*Logic0*' is connected to pins 'A[7]', 'A[6]'', 'A[5]', 'A[4]', 'B[7]', 'B[6]', 'B[5]', 'B[4]'.
Warning: In design 'sub_12_mydesign_4', the same net is connected to more than one pin on submodule 'GEN_CLA8[1].CLA8_0'. (LINT-33)
   Net '*Logic0*' is connected to pins 'Cin', 'A[7]'', 'A[6]', 'A[5]', 'A[4]', 'B[7]', 'B[6]', 'B[5]', 'B[4]'.
Warning: In design 'sub_12_mydesign_4', the same net is connected to more than one pin on submodule 'GEN_CLA8[1].CLA8_1'. (LINT-33)
   Net '*Logic0*' is connected to pins 'A[7]', 'A[6]'', 'A[5]', 'A[4]', 'B[7]', 'B[6]', 'B[5]', 'B[4]'.
Warning: In design 'sub_12_mydesign_5', the same net is connected to more than one pin on submodule 'GEN_CLA8[1].CLA8_0'. (LINT-33)
   Net '*Logic0*' is connected to pins 'Cin', 'A[7]'', 'A[6]', 'A[5]', 'A[4]', 'B[7]', 'B[6]', 'B[5]', 'B[4]'.
Warning: In design 'sub_12_mydesign_5', the same net is connected to more than one pin on submodule 'GEN_CLA8[1].CLA8_1'. (LINT-33)
   Net '*Logic0*' is connected to pins 'A[7]', 'A[6]'', 'A[5]', 'A[4]', 'B[7]', 'B[6]', 'B[5]', 'B[4]'.
Warning: In design 'sub_12_mydesign_6', the same net is connected to more than one pin on submodule 'GEN_CLA8[1].CLA8_0'. (LINT-33)
   Net '*Logic0*' is connected to pins 'Cin', 'A[7]'', 'A[6]', 'A[5]', 'A[4]', 'B[7]', 'B[6]', 'B[5]', 'B[4]'.
Warning: In design 'sub_12_mydesign_6', the same net is connected to more than one pin on submodule 'GEN_CLA8[1].CLA8_1'. (LINT-33)
   Net '*Logic0*' is connected to pins 'A[7]', 'A[6]'', 'A[5]', 'A[4]', 'B[7]', 'B[6]', 'B[5]', 'B[4]'.
Warning: In design 'sub_12_mydesign_7', the same net is connected to more than one pin on submodule 'GEN_CLA8[1].CLA8_0'. (LINT-33)
   Net '*Logic0*' is connected to pins 'Cin', 'A[7]'', 'A[6]', 'A[5]', 'A[4]', 'B[7]', 'B[6]', 'B[5]', 'B[4]'.
Warning: In design 'sub_12_mydesign_7', the same net is connected to more than one pin on submodule 'GEN_CLA8[1].CLA8_1'. (LINT-33)
   Net '*Logic0*' is connected to pins 'A[7]', 'A[6]'', 'A[5]', 'A[4]', 'B[7]', 'B[6]', 'B[5]', 'B[4]'.
Warning: In design 'sub_12_mydesign_8', the same net is connected to more than one pin on submodule 'GEN_CLA8[1].CLA8_0'. (LINT-33)
   Net '*Logic0*' is connected to pins 'Cin', 'A[7]'', 'A[6]', 'A[5]', 'A[4]', 'B[7]', 'B[6]', 'B[5]', 'B[4]'.
Warning: In design 'sub_12_mydesign_8', the same net is connected to more than one pin on submodule 'GEN_CLA8[1].CLA8_1'. (LINT-33)
   Net '*Logic0*' is connected to pins 'A[7]', 'A[6]'', 'A[5]', 'A[4]', 'B[7]', 'B[6]', 'B[5]', 'B[4]'.
Warning: In design 'add_58_mydesign_0', the same net is connected to more than one pin on submodule 'GEN_CLA8[7].CLA8_0'. (LINT-33)
   Net '*Logic0*' is connected to pins 'Cin', 'A[7]'', 'A[6]', 'A[5]', 'A[4]', 'A[3]', 'A[2]', 'B[7]', 'B[6]', 'B[5]', 'B[4]', 'B[3]', 'B[2]'.
Warning: In design 'add_58_mydesign_0', the same net is connected to more than one pin on submodule 'GEN_CLA8[7].CLA8_1'. (LINT-33)
   Net '*Logic0*' is connected to pins 'A[7]', 'A[6]'', 'A[5]', 'A[4]', 'A[3]', 'A[2]', 'B[7]', 'B[6]', 'B[5]', 'B[4]', 'B[3]', 'B[2]'.
Warning: In design 'add_58_mydesign_1', the same net is connected to more than one pin on submodule 'GEN_CLA8[7].CLA8_0'. (LINT-33)
   Net '*Logic0*' is connected to pins 'Cin', 'A[7]'', 'A[6]', 'A[5]', 'A[4]', 'A[3]', 'A[2]', 'B[7]', 'B[6]', 'B[5]', 'B[4]', 'B[3]', 'B[2]'.
Warning: In design 'add_58_mydesign_1', the same net is connected to more than one pin on submodule 'GEN_CLA8[7].CLA8_1'. (LINT-33)
   Net '*Logic0*' is connected to pins 'A[7]', 'A[6]'', 'A[5]', 'A[4]', 'A[3]', 'A[2]', 'B[7]', 'B[6]', 'B[5]', 'B[4]', 'B[3]', 'B[2]'.
Warning: In design 'add_58_mydesign_2', the same net is connected to more than one pin on submodule 'GEN_CLA8[7].CLA8_0'. (LINT-33)
   Net '*Logic0*' is connected to pins 'Cin', 'A[7]'', 'A[6]', 'A[5]', 'A[4]', 'A[3]', 'A[2]', 'B[7]', 'B[6]', 'B[5]', 'B[4]', 'B[3]', 'B[2]'.
Warning: In design 'add_58_mydesign_2', the same net is connected to more than one pin on submodule 'GEN_CLA8[7].CLA8_1'. (LINT-33)
   Net '*Logic0*' is connected to pins 'A[7]', 'A[6]'', 'A[5]', 'A[4]', 'A[3]', 'A[2]', 'B[7]', 'B[6]', 'B[5]', 'B[4]', 'B[3]', 'B[2]'.
Warning: In design 'add_58_mydesign_3', the same net is connected to more than one pin on submodule 'GEN_CLA8[7].CLA8_0'. (LINT-33)
   Net '*Logic0*' is connected to pins 'Cin', 'A[7]'', 'A[6]', 'A[5]', 'A[4]', 'A[3]', 'A[2]', 'B[7]', 'B[6]', 'B[5]', 'B[4]', 'B[3]', 'B[2]'.
Warning: In design 'add_58_mydesign_3', the same net is connected to more than one pin on submodule 'GEN_CLA8[7].CLA8_1'. (LINT-33)
   Net '*Logic0*' is connected to pins 'A[7]', 'A[6]'', 'A[5]', 'A[4]', 'A[3]', 'A[2]', 'B[7]', 'B[6]', 'B[5]', 'B[4]', 'B[3]', 'B[2]'.
Warning: In design 'sub_58_mydesign_0', the same net is connected to more than one pin on submodule 'GEN_CLA8[7].CLA8_0'. (LINT-33)
   Net '*Logic0*' is connected to pins 'Cin', 'A[7]'', 'A[6]', 'A[5]', 'A[4]', 'A[3]', 'A[2]', 'B[7]', 'B[6]', 'B[5]', 'B[4]', 'B[3]', 'B[2]'.
Warning: In design 'sub_58_mydesign_0', the same net is connected to more than one pin on submodule 'GEN_CLA8[7].CLA8_1'. (LINT-33)
   Net '*Logic0*' is connected to pins 'A[7]', 'A[6]'', 'A[5]', 'A[4]', 'A[3]', 'A[2]', 'B[7]', 'B[6]', 'B[5]', 'B[4]', 'B[3]', 'B[2]'.
Warning: In design 'sub_58_mydesign_1', the same net is connected to more than one pin on submodule 'GEN_CLA8[7].CLA8_0'. (LINT-33)
   Net '*Logic0*' is connected to pins 'Cin', 'A[7]'', 'A[6]', 'A[5]', 'A[4]', 'A[3]', 'A[2]', 'B[7]', 'B[6]', 'B[5]', 'B[4]', 'B[3]', 'B[2]'.
Warning: In design 'sub_58_mydesign_1', the same net is connected to more than one pin on submodule 'GEN_CLA8[7].CLA8_1'. (LINT-33)
   Net '*Logic0*' is connected to pins 'A[7]', 'A[6]'', 'A[5]', 'A[4]', 'A[3]', 'A[2]', 'B[7]', 'B[6]', 'B[5]', 'B[4]', 'B[3]', 'B[2]'.
Warning: In design 'sub_58_mydesign_2', the same net is connected to more than one pin on submodule 'GEN_CLA8[7].CLA8_0'. (LINT-33)
   Net '*Logic0*' is connected to pins 'Cin', 'A[7]'', 'A[6]', 'A[5]', 'A[4]', 'A[3]', 'A[2]', 'B[7]', 'B[6]', 'B[5]', 'B[4]', 'B[3]', 'B[2]'.
Warning: In design 'sub_58_mydesign_2', the same net is connected to more than one pin on submodule 'GEN_CLA8[7].CLA8_1'. (LINT-33)
   Net '*Logic0*' is connected to pins 'A[7]', 'A[6]'', 'A[5]', 'A[4]', 'A[3]', 'A[2]', 'B[7]', 'B[6]', 'B[5]', 'B[4]', 'B[3]', 'B[2]'.
Warning: In design 'sub_58_mydesign_3', the same net is connected to more than one pin on submodule 'GEN_CLA8[7].CLA8_0'. (LINT-33)
   Net '*Logic0*' is connected to pins 'Cin', 'A[7]'', 'A[6]', 'A[5]', 'A[4]', 'A[3]', 'A[2]', 'B[7]', 'B[6]', 'B[5]', 'B[4]', 'B[3]', 'B[2]'.
Warning: In design 'sub_58_mydesign_3', the same net is connected to more than one pin on submodule 'GEN_CLA8[7].CLA8_1'. (LINT-33)
   Net '*Logic0*' is connected to pins 'A[7]', 'A[6]'', 'A[5]', 'A[4]', 'A[3]', 'A[2]', 'B[7]', 'B[6]', 'B[5]', 'B[4]', 'B[3]', 'B[2]'.
Warning: In design 'add_11_overflow_mydesign_0', the same net is connected to more than one pin on submodule 'GEN_CLA8[1].CLA8_0'. (LINT-33)
   Net '*Logic0*' is connected to pins 'Cin', 'A[7]'', 'A[6]', 'A[5]', 'A[4]', 'A[3]', 'B[7]', 'B[6]', 'B[5]', 'B[4]', 'B[3]'.
Warning: In design 'add_11_overflow_mydesign_0', the same net is connected to more than one pin on submodule 'GEN_CLA8[1].CLA8_1'. (LINT-33)
   Net '*Logic0*' is connected to pins 'A[7]', 'A[6]'', 'A[5]', 'A[4]', 'A[3]', 'B[7]', 'B[6]', 'B[5]', 'B[4]', 'B[3]'.
Warning: In design 'add_11_overflow_mydesign_1', the same net is connected to more than one pin on submodule 'GEN_CLA8[1].CLA8_0'. (LINT-33)
   Net '*Logic0*' is connected to pins 'Cin', 'A[7]'', 'A[6]', 'A[5]', 'A[4]', 'A[3]', 'B[7]', 'B[6]', 'B[5]', 'B[4]', 'B[3]'.
Warning: In design 'add_11_overflow_mydesign_1', the same net is connected to more than one pin on submodule 'GEN_CLA8[1].CLA8_1'. (LINT-33)
   Net '*Logic0*' is connected to pins 'A[7]', 'A[6]'', 'A[5]', 'A[4]', 'A[3]', 'B[7]', 'B[6]', 'B[5]', 'B[4]', 'B[3]'.
Warning: In design 'add_11_overflow_mydesign_2', the same net is connected to more than one pin on submodule 'GEN_CLA8[1].CLA8_0'. (LINT-33)
   Net '*Logic0*' is connected to pins 'Cin', 'A[7]'', 'A[6]', 'A[5]', 'A[4]', 'A[3]', 'B[7]', 'B[6]', 'B[5]', 'B[4]', 'B[3]'.
Warning: In design 'add_11_overflow_mydesign_2', the same net is connected to more than one pin on submodule 'GEN_CLA8[1].CLA8_1'. (LINT-33)
   Net '*Logic0*' is connected to pins 'A[7]', 'A[6]'', 'A[5]', 'A[4]', 'A[3]', 'B[7]', 'B[6]', 'B[5]', 'B[4]', 'B[3]'.
Warning: In design 'add_11_overflow_mydesign_3', the same net is connected to more than one pin on submodule 'GEN_CLA8[1].CLA8_0'. (LINT-33)
   Net '*Logic0*' is connected to pins 'Cin', 'A[7]'', 'A[6]', 'A[5]', 'A[4]', 'A[3]', 'B[7]', 'B[6]', 'B[5]', 'B[4]', 'B[3]'.
Warning: In design 'add_11_overflow_mydesign_3', the same net is connected to more than one pin on submodule 'GEN_CLA8[1].CLA8_1'. (LINT-33)
   Net '*Logic0*' is connected to pins 'A[7]', 'A[6]'', 'A[5]', 'A[4]', 'A[3]', 'B[7]', 'B[6]', 'B[5]', 'B[4]', 'B[3]'.
Warning: In design 'add_11_overflow_mydesign_4', the same net is connected to more than one pin on submodule 'GEN_CLA8[1].CLA8_0'. (LINT-33)
   Net '*Logic0*' is connected to pins 'Cin', 'A[7]'', 'A[6]', 'A[5]', 'A[4]', 'A[3]', 'B[7]', 'B[6]', 'B[5]', 'B[4]', 'B[3]'.
Warning: In design 'add_11_overflow_mydesign_4', the same net is connected to more than one pin on submodule 'GEN_CLA8[1].CLA8_1'. (LINT-33)
   Net '*Logic0*' is connected to pins 'A[7]', 'A[6]'', 'A[5]', 'A[4]', 'A[3]', 'B[7]', 'B[6]', 'B[5]', 'B[4]', 'B[3]'.
Warning: In design 'add_11_overflow_mydesign_5', the same net is connected to more than one pin on submodule 'GEN_CLA8[1].CLA8_0'. (LINT-33)
   Net '*Logic0*' is connected to pins 'Cin', 'A[7]'', 'A[6]', 'A[5]', 'A[4]', 'A[3]', 'B[7]', 'B[6]', 'B[5]', 'B[4]', 'B[3]'.
Warning: In design 'add_11_overflow_mydesign_5', the same net is connected to more than one pin on submodule 'GEN_CLA8[1].CLA8_1'. (LINT-33)
   Net '*Logic0*' is connected to pins 'A[7]', 'A[6]'', 'A[5]', 'A[4]', 'A[3]', 'B[7]', 'B[6]', 'B[5]', 'B[4]', 'B[3]'.
Warning: In design 'add_11_overflow_mydesign_6', the same net is connected to more than one pin on submodule 'GEN_CLA8[1].CLA8_0'. (LINT-33)
   Net '*Logic0*' is connected to pins 'Cin', 'A[7]'', 'A[6]', 'A[5]', 'A[4]', 'A[3]', 'B[7]', 'B[6]', 'B[5]', 'B[4]', 'B[3]'.
Warning: In design 'add_11_overflow_mydesign_6', the same net is connected to more than one pin on submodule 'GEN_CLA8[1].CLA8_1'. (LINT-33)
   Net '*Logic0*' is connected to pins 'A[7]', 'A[6]'', 'A[5]', 'A[4]', 'A[3]', 'B[7]', 'B[6]', 'B[5]', 'B[4]', 'B[3]'.
Warning: In design 'add_11_overflow_mydesign_7', the same net is connected to more than one pin on submodule 'GEN_CLA8[1].CLA8_0'. (LINT-33)
   Net '*Logic0*' is connected to pins 'Cin', 'A[7]'', 'A[6]', 'A[5]', 'A[4]', 'A[3]', 'B[7]', 'B[6]', 'B[5]', 'B[4]', 'B[3]'.
Warning: In design 'add_11_overflow_mydesign_7', the same net is connected to more than one pin on submodule 'GEN_CLA8[1].CLA8_1'. (LINT-33)
   Net '*Logic0*' is connected to pins 'A[7]', 'A[6]'', 'A[5]', 'A[4]', 'A[3]', 'B[7]', 'B[6]', 'B[5]', 'B[4]', 'B[3]'.
Warning: In design 'add_11_overflow_mydesign_8', the same net is connected to more than one pin on submodule 'GEN_CLA8[1].CLA8_0'. (LINT-33)
   Net '*Logic0*' is connected to pins 'Cin', 'A[7]'', 'A[6]', 'A[5]', 'A[4]', 'A[3]', 'B[7]', 'B[6]', 'B[5]', 'B[4]', 'B[3]'.
Warning: In design 'add_11_overflow_mydesign_8', the same net is connected to more than one pin on submodule 'GEN_CLA8[1].CLA8_1'. (LINT-33)
   Net '*Logic0*' is connected to pins 'A[7]', 'A[6]'', 'A[5]', 'A[4]', 'A[3]', 'B[7]', 'B[6]', 'B[5]', 'B[4]', 'B[3]'.
Warning: In design 'add_11_overflow_mydesign_9', the same net is connected to more than one pin on submodule 'GEN_CLA8[1].CLA8_0'. (LINT-33)
   Net '*Logic0*' is connected to pins 'Cin', 'A[7]'', 'A[6]', 'A[5]', 'A[4]', 'A[3]', 'B[7]', 'B[6]', 'B[5]', 'B[4]', 'B[3]'.
Warning: In design 'add_11_overflow_mydesign_9', the same net is connected to more than one pin on submodule 'GEN_CLA8[1].CLA8_1'. (LINT-33)
   Net '*Logic0*' is connected to pins 'A[7]', 'A[6]'', 'A[5]', 'A[4]', 'A[3]', 'B[7]', 'B[6]', 'B[5]', 'B[4]', 'B[3]'.
Warning: In design 'add_11_overflow_mydesign_10', the same net is connected to more than one pin on submodule 'GEN_CLA8[1].CLA8_0'. (LINT-33)
   Net '*Logic0*' is connected to pins 'Cin', 'A[7]'', 'A[6]', 'A[5]', 'A[4]', 'A[3]', 'B[7]', 'B[6]', 'B[5]', 'B[4]', 'B[3]'.
Warning: In design 'add_11_overflow_mydesign_10', the same net is connected to more than one pin on submodule 'GEN_CLA8[1].CLA8_1'. (LINT-33)
   Net '*Logic0*' is connected to pins 'A[7]', 'A[6]'', 'A[5]', 'A[4]', 'A[3]', 'B[7]', 'B[6]', 'B[5]', 'B[4]', 'B[3]'.
Warning: In design 'add_11_overflow_mydesign_11', the same net is connected to more than one pin on submodule 'GEN_CLA8[1].CLA8_0'. (LINT-33)
   Net '*Logic0*' is connected to pins 'Cin', 'A[7]'', 'A[6]', 'A[5]', 'A[4]', 'A[3]', 'B[7]', 'B[6]', 'B[5]', 'B[4]', 'B[3]'.
Warning: In design 'add_11_overflow_mydesign_11', the same net is connected to more than one pin on submodule 'GEN_CLA8[1].CLA8_1'. (LINT-33)
   Net '*Logic0*' is connected to pins 'A[7]', 'A[6]'', 'A[5]', 'A[4]', 'A[3]', 'B[7]', 'B[6]', 'B[5]', 'B[4]', 'B[3]'.
Warning: In design 'add_53_overflow_mydesign_0', the same net is connected to more than one pin on submodule 'GEN_CLA8[6].CLA8_0'. (LINT-33)
   Net '*Logic0*' is connected to pins 'Cin', 'A[7]'', 'A[6]', 'A[5]', 'B[7]', 'B[6]', 'B[5]'.
Warning: In design 'add_53_overflow_mydesign_0', the same net is connected to more than one pin on submodule 'GEN_CLA8[6].CLA8_1'. (LINT-33)
   Net '*Logic0*' is connected to pins 'A[7]', 'A[6]'', 'A[5]', 'B[7]', 'B[6]', 'B[5]'.
Warning: In design 'add_53_overflow_mydesign_1', the same net is connected to more than one pin on submodule 'GEN_CLA8[6].CLA8_0'. (LINT-33)
   Net '*Logic0*' is connected to pins 'Cin', 'A[7]'', 'A[6]', 'A[5]', 'B[7]', 'B[6]', 'B[5]'.
Warning: In design 'add_53_overflow_mydesign_1', the same net is connected to more than one pin on submodule 'GEN_CLA8[6].CLA8_1'. (LINT-33)
   Net '*Logic0*' is connected to pins 'A[7]', 'A[6]'', 'A[5]', 'B[7]', 'B[6]', 'B[5]'.
Warning: In design 'add_53_overflow_mydesign_2', the same net is connected to more than one pin on submodule 'GEN_CLA8[6].CLA8_0'. (LINT-33)
   Net '*Logic0*' is connected to pins 'Cin', 'A[7]'', 'A[6]', 'A[5]', 'B[7]', 'B[6]', 'B[5]'.
Warning: In design 'add_53_overflow_mydesign_2', the same net is connected to more than one pin on submodule 'GEN_CLA8[6].CLA8_1'. (LINT-33)
   Net '*Logic0*' is connected to pins 'A[7]', 'A[6]'', 'A[5]', 'B[7]', 'B[6]', 'B[5]'.
Warning: In design 'add_53_overflow_mydesign_3', the same net is connected to more than one pin on submodule 'GEN_CLA8[6].CLA8_0'. (LINT-33)
   Net '*Logic0*' is connected to pins 'Cin', 'A[7]'', 'A[6]', 'A[5]', 'B[7]', 'B[6]', 'B[5]'.
Warning: In design 'add_53_overflow_mydesign_3', the same net is connected to more than one pin on submodule 'GEN_CLA8[6].CLA8_1'. (LINT-33)
   Net '*Logic0*' is connected to pins 'A[7]', 'A[6]'', 'A[5]', 'B[7]', 'B[6]', 'B[5]'.
Warning: In design 'add_53_overflow_mydesign_4', the same net is connected to more than one pin on submodule 'GEN_CLA8[6].CLA8_0'. (LINT-33)
   Net '*Logic0*' is connected to pins 'Cin', 'A[7]'', 'A[6]', 'A[5]', 'B[7]', 'B[6]', 'B[5]'.
Warning: In design 'add_53_overflow_mydesign_4', the same net is connected to more than one pin on submodule 'GEN_CLA8[6].CLA8_1'. (LINT-33)
   Net '*Logic0*' is connected to pins 'A[7]', 'A[6]'', 'A[5]', 'B[7]', 'B[6]', 'B[5]'.
Warning: In design 'add_53_overflow_mydesign_5', the same net is connected to more than one pin on submodule 'GEN_CLA8[6].CLA8_0'. (LINT-33)
   Net '*Logic0*' is connected to pins 'Cin', 'A[7]'', 'A[6]', 'A[5]', 'B[7]', 'B[6]', 'B[5]'.
Warning: In design 'add_53_overflow_mydesign_5', the same net is connected to more than one pin on submodule 'GEN_CLA8[6].CLA8_1'. (LINT-33)
   Net '*Logic0*' is connected to pins 'A[7]', 'A[6]'', 'A[5]', 'B[7]', 'B[6]', 'B[5]'.
Warning: In design 'add_53_overflow_mydesign_6', the same net is connected to more than one pin on submodule 'GEN_CLA8[6].CLA8_0'. (LINT-33)
   Net '*Logic0*' is connected to pins 'Cin', 'A[7]'', 'A[6]', 'A[5]', 'B[7]', 'B[6]', 'B[5]'.
Warning: In design 'add_53_overflow_mydesign_6', the same net is connected to more than one pin on submodule 'GEN_CLA8[6].CLA8_1'. (LINT-33)
   Net '*Logic0*' is connected to pins 'A[7]', 'A[6]'', 'A[5]', 'B[7]', 'B[6]', 'B[5]'.
Warning: In design 'add_13_mydesign_0', the same net is connected to more than one pin on submodule 'GEN_CLA8[1].CLA8_0'. (LINT-33)
   Net '*Logic0*' is connected to pins 'Cin', 'A[7]'', 'A[6]', 'A[5]', 'B[7]', 'B[6]', 'B[5]'.
Warning: In design 'add_13_mydesign_0', the same net is connected to more than one pin on submodule 'GEN_CLA8[1].CLA8_1'. (LINT-33)
   Net '*Logic0*' is connected to pins 'A[7]', 'A[6]'', 'A[5]', 'B[7]', 'B[6]', 'B[5]'.
Warning: In design 'add_13_mydesign_1', the same net is connected to more than one pin on submodule 'GEN_CLA8[1].CLA8_0'. (LINT-33)
   Net '*Logic0*' is connected to pins 'Cin', 'A[7]'', 'A[6]', 'A[5]', 'B[7]', 'B[6]', 'B[5]'.
Warning: In design 'add_13_mydesign_1', the same net is connected to more than one pin on submodule 'GEN_CLA8[1].CLA8_1'. (LINT-33)
   Net '*Logic0*' is connected to pins 'A[7]', 'A[6]'', 'A[5]', 'B[7]', 'B[6]', 'B[5]'.
Warning: In design 'add_13_mydesign_2', the same net is connected to more than one pin on submodule 'GEN_CLA8[1].CLA8_0'. (LINT-33)
   Net '*Logic0*' is connected to pins 'Cin', 'A[7]'', 'A[6]', 'A[5]', 'B[7]', 'B[6]', 'B[5]'.
Warning: In design 'add_13_mydesign_2', the same net is connected to more than one pin on submodule 'GEN_CLA8[1].CLA8_1'. (LINT-33)
   Net '*Logic0*' is connected to pins 'A[7]', 'A[6]'', 'A[5]', 'B[7]', 'B[6]', 'B[5]'.
Warning: In design 'add_13_mydesign_3', the same net is connected to more than one pin on submodule 'GEN_CLA8[1].CLA8_0'. (LINT-33)
   Net '*Logic0*' is connected to pins 'Cin', 'A[7]'', 'A[6]', 'A[5]', 'B[7]', 'B[6]', 'B[5]'.
Warning: In design 'add_13_mydesign_3', the same net is connected to more than one pin on submodule 'GEN_CLA8[1].CLA8_1'. (LINT-33)
   Net '*Logic0*' is connected to pins 'A[7]', 'A[6]'', 'A[5]', 'B[7]', 'B[6]', 'B[5]'.
Warning: In design 'add_13_mydesign_4', the same net is connected to more than one pin on submodule 'GEN_CLA8[1].CLA8_0'. (LINT-33)
   Net '*Logic0*' is connected to pins 'Cin', 'A[7]'', 'A[6]', 'A[5]', 'B[7]', 'B[6]', 'B[5]'.
Warning: In design 'add_13_mydesign_4', the same net is connected to more than one pin on submodule 'GEN_CLA8[1].CLA8_1'. (LINT-33)
   Net '*Logic0*' is connected to pins 'A[7]', 'A[6]'', 'A[5]', 'B[7]', 'B[6]', 'B[5]'.
Warning: In design 'add_13_mydesign_5', the same net is connected to more than one pin on submodule 'GEN_CLA8[1].CLA8_0'. (LINT-33)
   Net '*Logic0*' is connected to pins 'Cin', 'A[7]'', 'A[6]', 'A[5]', 'B[7]', 'B[6]', 'B[5]'.
Warning: In design 'add_13_mydesign_5', the same net is connected to more than one pin on submodule 'GEN_CLA8[1].CLA8_1'. (LINT-33)
   Net '*Logic0*' is connected to pins 'A[7]', 'A[6]'', 'A[5]', 'B[7]', 'B[6]', 'B[5]'.
Warning: In design 'add_13_mydesign_6', the same net is connected to more than one pin on submodule 'GEN_CLA8[1].CLA8_0'. (LINT-33)
   Net '*Logic0*' is connected to pins 'Cin', 'A[7]'', 'A[6]', 'A[5]', 'B[7]', 'B[6]', 'B[5]'.
Warning: In design 'add_13_mydesign_6', the same net is connected to more than one pin on submodule 'GEN_CLA8[1].CLA8_1'. (LINT-33)
   Net '*Logic0*' is connected to pins 'A[7]', 'A[6]'', 'A[5]', 'B[7]', 'B[6]', 'B[5]'.
Warning: In design 'add_13_mydesign_7', the same net is connected to more than one pin on submodule 'GEN_CLA8[1].CLA8_0'. (LINT-33)
   Net '*Logic0*' is connected to pins 'Cin', 'A[7]'', 'A[6]', 'A[5]', 'B[7]', 'B[6]', 'B[5]'.
Warning: In design 'add_13_mydesign_7', the same net is connected to more than one pin on submodule 'GEN_CLA8[1].CLA8_1'. (LINT-33)
   Net '*Logic0*' is connected to pins 'A[7]', 'A[6]'', 'A[5]', 'B[7]', 'B[6]', 'B[5]'.
Warning: In design 'add_13_overflow_mydesign_0', the same net is connected to more than one pin on submodule 'GEN_CLA8[1].CLA8_0'. (LINT-33)
   Net '*Logic0*' is connected to pins 'Cin', 'A[7]'', 'A[6]', 'A[5]', 'B[7]', 'B[6]', 'B[5]'.
Warning: In design 'add_13_overflow_mydesign_0', the same net is connected to more than one pin on submodule 'GEN_CLA8[1].CLA8_1'. (LINT-33)
   Net '*Logic0*' is connected to pins 'A[7]', 'A[6]'', 'A[5]', 'B[7]', 'B[6]', 'B[5]'.
Warning: In design 'add_13_overflow_mydesign_1', the same net is connected to more than one pin on submodule 'GEN_CLA8[1].CLA8_0'. (LINT-33)
   Net '*Logic0*' is connected to pins 'Cin', 'A[7]'', 'A[6]', 'A[5]', 'B[7]', 'B[6]', 'B[5]'.
Warning: In design 'add_13_overflow_mydesign_1', the same net is connected to more than one pin on submodule 'GEN_CLA8[1].CLA8_1'. (LINT-33)
   Net '*Logic0*' is connected to pins 'A[7]', 'A[6]'', 'A[5]', 'B[7]', 'B[6]', 'B[5]'.
Warning: In design 'sub_13_mydesign_0', the same net is connected to more than one pin on submodule 'GEN_CLA8[1].CLA8_0'. (LINT-33)
   Net '*Logic0*' is connected to pins 'Cin', 'A[7]'', 'A[6]', 'A[5]', 'B[7]', 'B[6]', 'B[5]'.
Warning: In design 'sub_13_mydesign_0', the same net is connected to more than one pin on submodule 'GEN_CLA8[1].CLA8_1'. (LINT-33)
   Net '*Logic0*' is connected to pins 'A[7]', 'A[6]'', 'A[5]', 'B[7]', 'B[6]', 'B[5]'.
Warning: In design 'sub_13_mydesign_1', the same net is connected to more than one pin on submodule 'GEN_CLA8[1].CLA8_0'. (LINT-33)
   Net '*Logic0*' is connected to pins 'Cin', 'A[7]'', 'A[6]', 'A[5]', 'B[7]', 'B[6]', 'B[5]'.
Warning: In design 'sub_13_mydesign_1', the same net is connected to more than one pin on submodule 'GEN_CLA8[1].CLA8_1'. (LINT-33)
   Net '*Logic0*' is connected to pins 'A[7]', 'A[6]'', 'A[5]', 'B[7]', 'B[6]', 'B[5]'.
Warning: In design 'LOD_64_mydesign_7', output port 'position[11]' is connected directly to 'logic 0'. (LINT-52)
Warning: In design 'LOD_64_mydesign_7', output port 'position[10]' is connected directly to 'logic 0'. (LINT-52)
Warning: In design 'LOD_64_mydesign_7', output port 'position[9]' is connected directly to 'logic 0'. (LINT-52)
Warning: In design 'LOD_64_mydesign_7', output port 'position[8]' is connected directly to 'logic 0'. (LINT-52)
Warning: In design 'LOD_64_mydesign_7', output port 'position[7]' is connected directly to 'logic 0'. (LINT-52)
Warning: In design 'LOD_64_mydesign_0', output port 'position[11]' is connected directly to 'logic 0'. (LINT-52)
Warning: In design 'LOD_64_mydesign_0', output port 'position[10]' is connected directly to 'logic 0'. (LINT-52)
Warning: In design 'LOD_64_mydesign_0', output port 'position[9]' is connected directly to 'logic 0'. (LINT-52)
Warning: In design 'LOD_64_mydesign_0', output port 'position[8]' is connected directly to 'logic 0'. (LINT-52)
Warning: In design 'LOD_64_mydesign_0', output port 'position[7]' is connected directly to 'logic 0'. (LINT-52)
Warning: In design 'LOD_64_mydesign_1', output port 'position[11]' is connected directly to 'logic 0'. (LINT-52)
Warning: In design 'LOD_64_mydesign_1', output port 'position[10]' is connected directly to 'logic 0'. (LINT-52)
Warning: In design 'LOD_64_mydesign_1', output port 'position[9]' is connected directly to 'logic 0'. (LINT-52)
Warning: In design 'LOD_64_mydesign_1', output port 'position[8]' is connected directly to 'logic 0'. (LINT-52)
Warning: In design 'LOD_64_mydesign_1', output port 'position[7]' is connected directly to 'logic 0'. (LINT-52)
Warning: In design 'LOD_64_mydesign_2', output port 'position[11]' is connected directly to 'logic 0'. (LINT-52)
Warning: In design 'LOD_64_mydesign_2', output port 'position[10]' is connected directly to 'logic 0'. (LINT-52)
Warning: In design 'LOD_64_mydesign_2', output port 'position[9]' is connected directly to 'logic 0'. (LINT-52)
Warning: In design 'LOD_64_mydesign_2', output port 'position[8]' is connected directly to 'logic 0'. (LINT-52)
Warning: In design 'LOD_64_mydesign_2', output port 'position[7]' is connected directly to 'logic 0'. (LINT-52)
Warning: In design 'LOD_64_mydesign_3', output port 'position[11]' is connected directly to 'logic 0'. (LINT-52)
Warning: In design 'LOD_64_mydesign_3', output port 'position[10]' is connected directly to 'logic 0'. (LINT-52)
Warning: In design 'LOD_64_mydesign_3', output port 'position[9]' is connected directly to 'logic 0'. (LINT-52)
Warning: In design 'LOD_64_mydesign_3', output port 'position[8]' is connected directly to 'logic 0'. (LINT-52)
Warning: In design 'LOD_64_mydesign_3', output port 'position[7]' is connected directly to 'logic 0'. (LINT-52)
Warning: In design 'LOD_64_mydesign_4', output port 'position[11]' is connected directly to 'logic 0'. (LINT-52)
Warning: In design 'LOD_64_mydesign_4', output port 'position[10]' is connected directly to 'logic 0'. (LINT-52)
Warning: In design 'LOD_64_mydesign_4', output port 'position[9]' is connected directly to 'logic 0'. (LINT-52)
Warning: In design 'LOD_64_mydesign_4', output port 'position[8]' is connected directly to 'logic 0'. (LINT-52)
Warning: In design 'LOD_64_mydesign_4', output port 'position[7]' is connected directly to 'logic 0'. (LINT-52)
Warning: In design 'LOD_64_mydesign_5', output port 'position[11]' is connected directly to 'logic 0'. (LINT-52)
Warning: In design 'LOD_64_mydesign_5', output port 'position[10]' is connected directly to 'logic 0'. (LINT-52)
Warning: In design 'LOD_64_mydesign_5', output port 'position[9]' is connected directly to 'logic 0'. (LINT-52)
Warning: In design 'LOD_64_mydesign_5', output port 'position[8]' is connected directly to 'logic 0'. (LINT-52)
Warning: In design 'LOD_64_mydesign_5', output port 'position[7]' is connected directly to 'logic 0'. (LINT-52)
Warning: In design 'LOD_64_mydesign_6', output port 'position[11]' is connected directly to 'logic 0'. (LINT-52)
Warning: In design 'LOD_64_mydesign_6', output port 'position[10]' is connected directly to 'logic 0'. (LINT-52)
Warning: In design 'LOD_64_mydesign_6', output port 'position[9]' is connected directly to 'logic 0'. (LINT-52)
Warning: In design 'LOD_64_mydesign_6', output port 'position[8]' is connected directly to 'logic 0'. (LINT-52)
Warning: In design 'LOD_64_mydesign_6', output port 'position[7]' is connected directly to 'logic 0'. (LINT-52)
1
